DEBUG 2026-08-27 20:05:51,687 middleware [TenantMiddleware] 🔍 Route type: TENANT_PUBLIC
DEBUG 2026-08-27 20:05:51,687 middleware [TenantMiddleware] 🔍 Route type: TENANT_PUBLIC
DEBUG 2026-08-27 20:05:51,688 middleware [JWTMiddleware] 🔍 Processing request: /api/referentiels/v1/etablissements/
DEBUG 2026-08-27 20:05:51,688 middleware [JWTMiddleware] 🔍 Is admin route: False
DEBUG 2026-08-27 20:05:51,688 middleware [TenantMiddleware] 🔍 API Version: v1
DEBUG 2026-08-27 20:05:51,688 middleware [TenantMiddleware] 🔍 API Version: v1
DEBUG 2026-08-27 20:05:51,689 middleware [JWTMiddleware] 🔍 Is public route: True
DEBUG 2026-08-27 20:05:51,689 middleware [Auth] 🌐 Accès à la route publique : /api/referentiels/v1/categories/
DEBUG 2026-08-27 20:05:51,689 middleware [MultiTenant] Cache hit pour civitas -> civitas (civitas)
DEBUG 2026-08-27 20:05:51,690 middleware [MultiTenant] Cache hit pour civitas -> civitas (civitas)
DEBUG 2026-08-27 20:05:51,690 middleware [JWTMiddleware] 🔍 Is authenticated route: False
DEBUG 2026-08-27 20:05:51,692 middleware [MultiTenant] 🌐 Tenant résolu : civitas pour /api/referentiels/v1/organisations/
DEBUG 2026-08-27 20:05:51,692 middleware [MultiTenant] 🌐 Tenant résolu : civitas pour /api/news/v1/medias/
DEBUG 2026-08-27 20:05:51,692 middleware [JWTMiddleware] 🔍 Is admin route: False
DEBUG 2026-08-27 20:05:51,693 middleware [MultiTenant] 🌐 Route TENANT_PUBLIC : /api/referentiels/v1/organisations/ | Tenant: civitas
DEBUG 2026-08-27 20:05:51,693 middleware [MultiTenant] 🌐 Route TENANT_PUBLIC : /api/news/v1/medias/ | Tenant: civitas
DEBUG 2026-08-27 20:05:51,693 middleware [Auth] 🌐 Accès à la route publique : /api/referentiels/v1/etablissements/
DEBUG 2026-08-27 20:05:51,693 middleware [JWTMiddleware] 🔍 Processing request: /api/referentiels/v1/organisations/
DEBUG 2026-08-27 20:05:51,693 middleware [JWTMiddleware] 🔍 Processing request: /api/news/v1/medias/
DEBUG 2026-08-27 20:05:51,695 middleware [JWTMiddleware] 🔍 Is public route: True
DEBUG 2026-08-27 20:05:51,696 middleware [JWTMiddleware] 🔍 Is public route: True
DEBUG 2026-08-27 20:05:51,696 middleware [JWTMiddleware] 🔍 Is authenticated route: False
DEBUG 2026-08-27 20:05:51,696 middleware [JWTMiddleware] 🔍 Is authenticated route: False
DEBUG 2026-08-27 20:05:51,696 middleware [JWTMiddleware] 🔍 Is admin route: False
DEBUG 2026-08-27 20:05:51,696 middleware [JWTMiddleware] 🔍 Is admin route: False
DEBUG 2026-08-27 20:05:51,696 middleware [Auth] 🌐 Accès à la route publique : /api/referentiels/v1/organisations/
DEBUG 2026-08-27 20:05:51,697 middleware [Auth] 🌐 Accès à la route publique : /api/news/v1/medias/
DEBUG 2026-08-27 20:06:13,454 middleware [TenantMiddleware] 🔍 Processing request: /api/news/v1/news/
DEBUG 2026-08-27 20:06:13,455 middleware [TenantMiddleware] 🔍 Processing request: /api/news/v1/news/
DEBUG 2026-08-27 20:06:13,455 middleware [TenantMiddleware] 🔍 Route type: TENANT_PUBLIC
DEBUG 2026-08-27 20:06:13,455 middleware [TenantMiddleware] 🔍 Route type: TENANT_PUBLIC
DEBUG 2026-08-27 20:06:13,456 middleware [TenantMiddleware] 🔍 API Version: v1
DEBUG 2026-08-27 20:06:13,456 middleware [TenantMiddleware] 🔍 API Version: v1
DEBUG 2026-08-27 20:06:13,456 middleware [MultiTenant] Cache hit pour civitas -> civitas (civitas)
DEBUG 2026-08-27 20:06:13,456 middleware [MultiTenant] Cache hit pour civitas -> civitas (civitas)
DEBUG 2026-08-27 20:06:13,457 middleware [MultiTenant] 🌐 Tenant résolu : civitas pour /api/news/v1/news/
DEBUG 2026-08-27 20:06:13,457 middleware [MultiTenant] 🌐 Tenant résolu : civitas pour /api/news/v1/news/
DEBUG 2026-08-27 20:06:13,457 middleware [MultiTenant] 🌐 Route TENANT_PUBLIC : /api/news/v1/news/ | Tenant: civitas
DEBUG 2026-08-27 20:06:13,457 middleware [MultiTenant] 🌐 Route TENANT_PUBLIC : /api/news/v1/news/ | Tenant: civitas
DEBUG 2026-08-27 20:06:13,457 middleware [JWTMiddleware] 🔍 Processing request: /api/news/v1/news/
DEBUG 2026-08-27 20:06:13,457 middleware [JWTMiddleware] 🔍 Processing request: /api/news/v1/news/
DEBUG 2026-08-27 20:06:13,458 middleware [JWTMiddleware] 🔍 Is public route: True
DEBUG 2026-08-27 20:06:13,458 middleware [JWTMiddleware] 🔍 Is public route: True
DEBUG 2026-08-27 20:06:13,458 middleware [JWTMiddleware] 🔍 Is authenticated route: False
DEBUG 2026-08-27 20:06:13,458 middleware [JWTMiddleware] 🔍 Is authenticated route: False
DEBUG 2026-08-27 20:06:13,458 middleware [JWTMiddleware] 🔍 Is admin route: False
DEBUG 2026-08-27 20:06:13,458 middleware [JWTMiddleware] 🔍 Is admin route: False
DEBUG 2026-08-27 20:06:13,459 middleware [Auth] 🌐 Accès à la route publique : /api/news/v1/news/
DEBUG 2026-08-27 20:06:13,459 middleware [Auth] 🌐 Accès à la route publique : /api/news/v1/news/
DEBUG 2026-08-27 20:06:13,749 middleware [TenantMiddleware] 🔍 Processing request: /api/news/v1/news/
DEBUG 2026-08-27 20:06:13,750 middleware [TenantMiddleware] 🔍 Route type: TENANT_PUBLIC
DEBUG 2026-08-27 20:06:13,750 middleware [TenantMiddleware] 🔍 API Version: v1
DEBUG 2026-08-27 20:06:13,751 middleware [MultiTenant] Cache hit pour civitas -> civitas (civitas)
DEBUG 2026-08-27 20:06:13,751 middleware [MultiTenant] 🌐 Tenant résolu : civitas pour /api/news/v1/news/
DEBUG 2026-08-27 20:06:13,751 middleware [MultiTenant] 🌐 Route TENANT_PUBLIC : /api/news/v1/news/ | Tenant: civitas
DEBUG 2026-08-27 20:06:13,752 middleware [JWTMiddleware] 🔍 Processing request: /api/news/v1/news/
DEBUG 2026-08-27 20:06:13,752 middleware [TenantMiddleware] 🔍 Processing request: /api/news/v1/news/
DEBUG 2026-08-27 20:06:13,753 middleware [TenantMiddleware] 🔍 Processing request: /api/news/v1/news/
DEBUG 2026-08-27 20:06:13,753 middleware [JWTMiddleware] 🔍 Is public route: True
DEBUG 2026-08-27 20:06:13,754 middleware [TenantMiddleware] 🔍 Route type: TENANT_PUBLIC
DEBUG 2026-08-27 20:06:13,754 middleware [TenantMiddleware] 🔍 Route type: TENANT_PUBLIC
DEBUG 2026-08-27 20:06:13,754 middleware [JWTMiddleware] 🔍 Is authenticated route: False
DEBUG 2026-08-27 20:06:13,754 middleware [TenantMiddleware] 🔍 API Version: v1
DEBUG 2026-08-27 20:06:13,754 middleware [TenantMiddleware] 🔍 API Version: v1
DEBUG 2026-08-27 20:06:13,755 middleware [JWTMiddleware] 🔍 Is admin route: False
DEBUG 2026-08-27 20:06:13,755 middleware [MultiTenant] Cache hit pour civitas -> civitas (civitas)
DEBUG 2026-08-27 20:06:13,755 middleware [MultiTenant] Cache hit pour civitas -> civitas (civitas)
DEBUG 2026-08-27 20:06:13,756 middleware [Auth] 🌐 Accès à la route publique : /api/news/v1/news/
DEBUG 2026-08-27 20:06:13,756 middleware [MultiTenant] 🌐 Tenant résolu : civitas pour /api/news/v1/news/
DEBUG 2026-08-27 20:06:13,756 middleware [MultiTenant] 🌐 Tenant résolu : civitas pour /api/news/v1/news/
DEBUG 2026-08-27 20:06:13,759 middleware [MultiTenant] 🌐 Route TENANT_PUBLIC : /api/news/v1/news/ | Tenant: civitas
DEBUG 2026-08-27 20:06:13,759 middleware [MultiTenant] 🌐 Route TENANT_PUBLIC : /api/news/v1/news/ | Tenant: civitas
DEBUG 2026-08-27 20:06:13,759 middleware [JWTMiddleware] 🔍 Processing request: /api/news/v1/news/
DEBUG 2026-08-27 20:06:13,760 middleware [JWTMiddleware] 🔍 Processing request: /api/news/v1/news/
DEBUG 2026-08-27 20:06:13,760 middleware [TenantMiddleware] 🔍 Processing request: /api/news/v1/news/
DEBUG 2026-08-27 20:06:13,761 middleware [JWTMiddleware] 🔍 Is public route: True
DEBUG 2026-08-27 20:06:13,761 middleware [JWTMiddleware] 🔍 Is public route: True
DEBUG 2026-08-27 20:06:13,761 middleware [TenantMiddleware] 🔍 Route type: TENANT_PUBLIC
DEBUG 2026-08-27 20:06:13,762 middleware [JWTMiddleware] 🔍 Is authenticated route: False
DEBUG 2026-08-27 20:06:13,762 middleware [JWTMiddleware] 🔍 Is authenticated route: False
DEBUG 2026-08-27 20:06:13,762 middleware [TenantMiddleware] 🔍 API Version: v1
DEBUG 2026-08-27 20:06:13,762 middleware [JWTMiddleware] 🔍 Is admin route: False
DEBUG 2026-08-27 20:06:13,762 middleware [JWTMiddleware] 🔍 Is admin route: False
DEBUG 2026-08-27 20:06:13,762 middleware [MultiTenant] Cache hit pour civitas -> civitas (civitas)
DEBUG 2026-08-27 20:06:13,763 middleware [Auth] 🌐 Accès à la route publique : /api/news/v1/news/
DEBUG 2026-08-27 20:06:13,763 middleware [Auth] 🌐 Accès à la route publique : /api/news/v1/news/
DEBUG 2026-08-27 20:06:13,763 middleware [MultiTenant] 🌐 Tenant résolu : civitas pour /api/news/v1/news/
DEBUG 2026-08-27 20:06:13,766 middleware [MultiTenant] 🌐 Route TENANT_PUBLIC : /api/news/v1/news/ | Tenant: civitas
DEBUG 2026-08-27 20:06:13,766 middleware [JWTMiddleware] 🔍 Processing request: /api/news/v1/news/
DEBUG 2026-08-27 20:06:13,766 middleware [JWTMiddleware] 🔍 Is public route: True
DEBUG 2026-08-27 20:06:13,766 middleware [JWTMiddleware] 🔍 Is authenticated route: False
DEBUG 2026-08-27 20:06:13,766 middleware [JWTMiddleware] 🔍 Is admin route: False
DEBUG 2026-08-27 20:06:13,767 middleware [Auth] 🌐 Accès à la route publique : /api/news/v1/news/
DEBUG 2026-08-27 20:06:14,198 middleware [TenantMiddleware] 🔍 Processing request: /api/news/v1/news/
DEBUG 2026-08-27 20:06:14,198 middleware [TenantMiddleware] 🔍 Route type: TENANT_PUBLIC
DEBUG 2026-08-27 20:06:14,198 middleware [TenantMiddleware] 🔍 API Version: v1
DEBUG 2026-08-27 20:06:14,199 middleware [MultiTenant] Cache hit pour civitas -> civitas (civitas)
DEBUG 2026-08-27 20:06:14,199 middleware [MultiTenant] 🌐 Tenant résolu : civitas pour /api/news/v1/news/
DEBUG 2026-08-27 20:06:14,199 middleware [MultiTenant] 🌐 Route TENANT_PUBLIC : /api/news/v1/news/ | Tenant: civitas
DEBUG 2026-08-27 20:06:14,199 middleware [JWTMiddleware] 🔍 Processing request: /api/news/v1/news/
DEBUG 2026-08-27 20:06:14,199 middleware [JWTMiddleware] 🔍 Is public route: True
DEBUG 2026-08-27 20:06:14,199 middleware [JWTMiddleware] 🔍 Is authenticated route: False
DEBUG 2026-08-27 20:06:14,199 middleware [JWTMiddleware] 🔍 Is admin route: False
DEBUG 2026-08-27 20:06:14,200 middleware [Auth] 🌐 Accès à la route publique : /api/news/v1/news/
DEBUG 2026-08-27 20:06:14,204 middleware [TenantMiddleware] 🔍 Processing request: /api/news/v1/news/
DEBUG 2026-08-27 20:06:14,204 middleware [TenantMiddleware] 🔍 Route type: TENANT_PUBLIC
DEBUG 2026-08-27 20:06:14,204 middleware [TenantMiddleware] 🔍 API Version: v1
DEBUG 2026-08-27 20:06:14,205 middleware [MultiTenant] Cache hit pour civitas -> civitas (civitas)
DEBUG 2026-08-27 20:06:14,205 middleware [MultiTenant] 🌐 Tenant résolu : civitas pour /api/news/v1/news/
DEBUG 2026-08-27 20:06:14,205 middleware [MultiTenant] 🌐 Route TENANT_PUBLIC : /api/news/v1/news/ | Tenant: civitas
DEBUG 2026-08-27 20:06:14,205 middleware [JWTMiddleware] 🔍 Processing request: /api/news/v1/news/
DEBUG 2026-08-27 20:06:14,205 middleware [JWTMiddleware] 🔍 Is public route: True
DEBUG 2026-08-27 20:06:14,205 middleware [JWTMiddleware] 🔍 Is authenticated route: False
DEBUG 2026-08-27 20:06:14,205 middleware [JWTMiddleware] 🔍 Is admin route: False
DEBUG 2026-08-27 20:06:14,205 middleware [Auth] 🌐 Accès à la route publique : /api/news/v1/news/
DEBUG 2026-08-27 20:06:21,149 middleware [TenantMiddleware] 🔍 Processing request: /api/news/v1/news/
DEBUG 2026-08-27 20:06:21,150 middleware [TenantMiddleware] 🔍 Processing request: /api/news/v1/news/
DEBUG 2026-08-27 20:06:21,150 middleware [TenantMiddleware] 🔍 Route type: TENANT_PUBLIC
DEBUG 2026-08-27 20:06:21,151 middleware [TenantMiddleware] 🔍 Route type: TENANT_PUBLIC
DEBUG 2026-08-27 20:06:21,151 middleware [TenantMiddleware] 🔍 Processing request: /api/notifications/v1/notifications/
DEBUG 2026-08-27 20:06:21,152 middleware [TenantMiddleware] 🔍 Processing request: /api/users/v1/users/me/
DEBUG 2026-08-27 20:06:21,152 middleware [TenantMiddleware] 🔍 API Version: v1
DEBUG 2026-08-27 20:06:21,152 middleware [TenantMiddleware] 🔍 API Version: v1
DEBUG 2026-08-27 20:06:21,153 middleware [TenantMiddleware] 🔍 Route type: AUTHENTICATED
DEBUG 2026-08-27 20:06:21,153 middleware [TenantMiddleware] 🔍 Route type: AUTHENTICATED
DEBUG 2026-08-27 20:06:21,153 middleware [MultiTenant] Cache hit pour civitas -> civitas (civitas)
DEBUG 2026-08-27 20:06:21,153 middleware [MultiTenant] Cache hit pour civitas -> civitas (civitas)
DEBUG 2026-08-27 20:06:21,153 middleware [TenantMiddleware] 🔍 API Version: v1
DEBUG 2026-08-27 20:06:21,154 middleware [TenantMiddleware] 🔍 API Version: v1
DEBUG 2026-08-27 20:06:21,154 middleware [MultiTenant] 🌐 Tenant résolu : civitas pour /api/news/v1/news/
DEBUG 2026-08-27 20:06:21,154 middleware [MultiTenant] 🌐 Tenant résolu : civitas pour /api/news/v1/news/
DEBUG 2026-08-27 20:06:21,154 middleware [MultiTenant] Cache hit pour civitas -> civitas (civitas)
DEBUG 2026-08-27 20:06:21,155 middleware [MultiTenant] Cache hit pour civitas -> civitas (civitas)
DEBUG 2026-08-27 20:06:21,155 middleware [MultiTenant] 🌐 Route TENANT_PUBLIC : /api/news/v1/news/ | Tenant: civitas
DEBUG 2026-08-27 20:06:21,155 middleware [MultiTenant] 🌐 Route TENANT_PUBLIC : /api/news/v1/news/ | Tenant: civitas
DEBUG 2026-08-27 20:06:21,155 middleware [MultiTenant] 🌐 Tenant résolu : civitas pour /api/notifications/v1/notifications/
DEBUG 2026-08-27 20:06:21,156 middleware [MultiTenant] 🌐 Tenant résolu : civitas pour /api/users/v1/users/me/
DEBUG 2026-08-27 20:06:21,156 middleware [JWTMiddleware] 🔍 Processing request: /api/news/v1/news/
DEBUG 2026-08-27 20:06:21,156 middleware [JWTMiddleware] 🔍 Processing request: /api/news/v1/news/
DEBUG 2026-08-27 20:06:21,156 middleware [MultiTenant] 🔐 Route AUTHENTICATED : /api/notifications/v1/notifications/ | Tenant: civitas
DEBUG 2026-08-27 20:06:21,156 middleware [MultiTenant] 🔐 Route AUTHENTICATED : /api/users/v1/users/me/ | Tenant: civitas
DEBUG 2026-08-27 20:06:21,156 middleware [JWTMiddleware] 🔍 Is public route: True
DEBUG 2026-08-27 20:06:21,156 middleware [JWTMiddleware] 🔍 Is public route: True
DEBUG 2026-08-27 20:06:21,157 middleware [JWTMiddleware] 🔍 Processing request: /api/notifications/v1/notifications/
DEBUG 2026-08-27 20:06:21,157 middleware [JWTMiddleware] 🔍 Processing request: /api/users/v1/users/me/
DEBUG 2026-08-27 20:06:21,157 middleware [JWTMiddleware] 🔍 Is authenticated route: False
DEBUG 2026-08-27 20:06:21,157 middleware [JWTMiddleware] 🔍 Is authenticated route: False
DEBUG 2026-08-27 20:06:21,157 middleware [JWTMiddleware] 🔍 Is public route: False
DEBUG 2026-08-27 20:06:21,157 middleware [JWTMiddleware] 🔍 Is public route: False
DEBUG 2026-08-27 20:06:21,158 middleware [JWTMiddleware] 🔍 Is admin route: False
DEBUG 2026-08-27 20:06:21,158 middleware [JWTMiddleware] 🔍 Is admin route: False
DEBUG 2026-08-27 20:06:21,158 middleware [JWTMiddleware] 🔍 Is authenticated route: True
DEBUG 2026-08-27 20:06:21,158 middleware [JWTMiddleware] 🔍 Is authenticated route: True
DEBUG 2026-08-27 20:06:21,158 middleware [Auth] 🌐 Accès à la route publique : /api/news/v1/news/
DEBUG 2026-08-27 20:06:21,159 middleware [Auth] 🌐 Accès à la route publique : /api/news/v1/news/
DEBUG 2026-08-27 20:06:21,159 middleware [JWTMiddleware] 🔍 Is admin route: False
DEBUG 2026-08-27 20:06:21,159 middleware [JWTMiddleware] 🔍 Is admin route: False
DEBUG 2026-08-27 20:06:21,163 middleware [Auth] Token extrait du header Authorization
DEBUG 2026-08-27 20:06:21,163 middleware [Auth] Token extrait du header Authorization
DEBUG 2026-08-27 20:06:21,226 middleware [Auth] 🔐 Utilisateur authentifié : admin (ID: 1)
DEBUG 2026-08-27 20:06:21,228 middleware [Auth] ✅ Accès autorisé pour utilisateur authentifié : admin
DEBUG 2026-08-27 20:06:21,232 middleware [Auth] 🔐 Utilisateur authentifié : admin (ID: 1)
DEBUG 2026-08-27 20:06:21,235 middleware [Auth] ✅ Accès autorisé pour utilisateur authentifié : admin
DEBUG 2026-08-27 20:06:21,475 middleware [TenantMiddleware] 🔍 Processing request: /api/news/v1/news/
DEBUG 2026-08-27 20:06:21,475 middleware [TenantMiddleware] 🔍 Route type: TENANT_PUBLIC
DEBUG 2026-08-27 20:06:21,476 middleware [TenantMiddleware] 🔍 API Version: v1
DEBUG 2026-08-27 20:06:21,479 middleware [MultiTenant] Cache hit pour civitas -> civitas (civitas)
DEBUG 2026-08-27 20:06:21,479 middleware [TenantMiddleware] 🔍 Processing request: /api/news/v1/news/
DEBUG 2026-08-27 20:06:21,480 middleware [MultiTenant] 🌐 Tenant résolu : civitas pour /api/news/v1/news/
DEBUG 2026-08-27 20:06:21,480 middleware [TenantMiddleware] 🔍 Route type: TENANT_PUBLIC
DEBUG 2026-08-27 20:06:21,481 middleware [MultiTenant] 🌐 Route TENANT_PUBLIC : /api/news/v1/news/ | Tenant: civitas
DEBUG 2026-08-27 20:06:21,481 middleware [TenantMiddleware] 🔍 API Version: v1
DEBUG 2026-08-27 20:06:21,481 middleware [JWTMiddleware] 🔍 Processing request: /api/news/v1/news/
DEBUG 2026-08-27 20:06:21,482 middleware [TenantMiddleware] 🔍 Processing request: /api/news/v1/news/
DEBUG 2026-08-27 20:06:21,482 middleware [TenantMiddleware] 🔍 Route type: TENANT_PUBLIC
DEBUG 2026-08-27 20:06:21,482 middleware [JWTMiddleware] 🔍 Is public route: True
DEBUG 2026-08-27 20:06:21,482 middleware [MultiTenant] Cache hit pour civitas -> civitas (civitas)
DEBUG 2026-08-27 20:06:21,483 middleware [TenantMiddleware] 🔍 API Version: v1
DEBUG 2026-08-27 20:06:21,484 middleware [MultiTenant] Cache hit pour civitas -> civitas (civitas)
DEBUG 2026-08-27 20:06:21,484 middleware [MultiTenant] 🌐 Tenant résolu : civitas pour /api/news/v1/news/
DEBUG 2026-08-27 20:06:21,483 middleware [JWTMiddleware] 🔍 Is authenticated route: False
DEBUG 2026-08-27 20:06:21,484 middleware [MultiTenant] 🌐 Tenant résolu : civitas pour /api/news/v1/news/
DEBUG 2026-08-27 20:06:21,485 middleware [JWTMiddleware] 🔍 Is admin route: False
DEBUG 2026-08-27 20:06:21,485 middleware [MultiTenant] 🌐 Route TENANT_PUBLIC : /api/news/v1/news/ | Tenant: civitas
DEBUG 2026-08-27 20:06:21,485 middleware [MultiTenant] 🌐 Route TENANT_PUBLIC : /api/news/v1/news/ | Tenant: civitas
DEBUG 2026-08-27 20:06:21,485 middleware [Auth] 🌐 Accès à la route publique : /api/news/v1/news/
DEBUG 2026-08-27 20:06:21,485 middleware [JWTMiddleware] 🔍 Processing request: /api/news/v1/news/
DEBUG 2026-08-27 20:06:21,486 middleware [JWTMiddleware] 🔍 Processing request: /api/news/v1/news/
DEBUG 2026-08-27 20:06:21,488 middleware [TenantMiddleware] 🔍 Processing request: /api/news/v1/news/
DEBUG 2026-08-27 20:06:21,488 middleware [JWTMiddleware] 🔍 Is public route: True
DEBUG 2026-08-27 20:06:21,489 middleware [JWTMiddleware] 🔍 Is public route: True
DEBUG 2026-08-27 20:06:21,489 middleware [TenantMiddleware] 🔍 Route type: TENANT_PUBLIC
DEBUG 2026-08-27 20:06:21,489 middleware [JWTMiddleware] 🔍 Is authenticated route: False
DEBUG 2026-08-27 20:06:21,489 middleware [JWTMiddleware] 🔍 Is authenticated route: False
DEBUG 2026-08-27 20:06:21,490 middleware [TenantMiddleware] 🔍 API Version: v1
DEBUG 2026-08-27 20:06:21,490 middleware [JWTMiddleware] 🔍 Is admin route: False
DEBUG 2026-08-27 20:06:21,490 middleware [JWTMiddleware] 🔍 Is admin route: False
DEBUG 2026-08-27 20:06:21,490 middleware [MultiTenant] Cache hit pour civitas -> civitas (civitas)
DEBUG 2026-08-27 20:06:21,491 middleware [Auth] 🌐 Accès à la route publique : /api/news/v1/news/
DEBUG 2026-08-27 20:06:21,491 middleware [Auth] 🌐 Accès à la route publique : /api/news/v1/news/
DEBUG 2026-08-27 20:06:21,491 middleware [MultiTenant] 🌐 Tenant résolu : civitas pour /api/news/v1/news/
DEBUG 2026-08-27 20:06:21,495 middleware [MultiTenant] 🌐 Route TENANT_PUBLIC : /api/news/v1/news/ | Tenant: civitas
DEBUG 2026-08-27 20:06:21,495 middleware [JWTMiddleware] 🔍 Processing request: /api/news/v1/news/
DEBUG 2026-08-27 20:06:21,495 middleware [JWTMiddleware] 🔍 Is public route: True
DEBUG 2026-08-27 20:06:21,495 middleware [JWTMiddleware] 🔍 Is authenticated route: False
DEBUG 2026-08-27 20:06:21,495 middleware [JWTMiddleware] 🔍 Is admin route: False
DEBUG 2026-08-27 20:06:21,495 middleware [Auth] 🌐 Accès à la route publique : /api/news/v1/news/
DEBUG 2026-08-27 20:06:22,021 middleware [TenantMiddleware] 🔍 Processing request: /api/news/v1/news/
DEBUG 2026-08-27 20:06:22,022 middleware [TenantMiddleware] 🔍 Route type: TENANT_PUBLIC
DEBUG 2026-08-27 20:06:22,022 middleware [TenantMiddleware] 🔍 API Version: v1
DEBUG 2026-08-27 20:06:22,022 middleware [MultiTenant] Cache hit pour civitas -> civitas (civitas)
DEBUG 2026-08-27 20:06:22,022 middleware [MultiTenant] 🌐 Tenant résolu : civitas pour /api/news/v1/news/
DEBUG 2026-08-27 20:06:22,023 middleware [TenantMiddleware] 🔍 Processing request: /api/news/v1/news/
DEBUG 2026-08-27 20:06:22,023 middleware [MultiTenant] 🌐 Route TENANT_PUBLIC : /api/news/v1/news/ | Tenant: civitas
DEBUG 2026-08-27 20:06:22,023 middleware [TenantMiddleware] 🔍 Route type: TENANT_PUBLIC
DEBUG 2026-08-27 20:06:22,023 middleware [JWTMiddleware] 🔍 Processing request: /api/news/v1/news/
DEBUG 2026-08-27 20:06:22,024 middleware [TenantMiddleware] 🔍 API Version: v1
DEBUG 2026-08-27 20:06:22,024 middleware [JWTMiddleware] 🔍 Is public route: True
DEBUG 2026-08-27 20:06:22,024 middleware [MultiTenant] Cache hit pour civitas -> civitas (civitas)
DEBUG 2026-08-27 20:06:22,024 middleware [JWTMiddleware] 🔍 Is authenticated route: False
DEBUG 2026-08-27 20:06:22,024 middleware [MultiTenant] 🌐 Tenant résolu : civitas pour /api/news/v1/news/
DEBUG 2026-08-27 20:06:22,025 middleware [JWTMiddleware] 🔍 Is admin route: False
DEBUG 2026-08-27 20:06:22,025 middleware [MultiTenant] 🌐 Route TENANT_PUBLIC : /api/news/v1/news/ | Tenant: civitas
DEBUG 2026-08-27 20:06:22,025 middleware [Auth] 🌐 Accès à la route publique : /api/news/v1/news/
DEBUG 2026-08-27 20:06:22,025 middleware [JWTMiddleware] 🔍 Processing request: /api/news/v1/news/
DEBUG 2026-08-27 20:06:22,027 middleware [JWTMiddleware] 🔍 Is public route: True
DEBUG 2026-08-27 20:06:22,027 middleware [JWTMiddleware] 🔍 Is authenticated route: False
DEBUG 2026-08-27 20:06:22,027 middleware [JWTMiddleware] 🔍 Is admin route: False
DEBUG 2026-08-27 20:06:22,027 middleware [Auth] 🌐 Accès à la route publique : /api/news/v1/news/
DEBUG 2026-08-27 20:06:24,365 middleware [TenantMiddleware] 🔍 Processing request: /api/statistiques/v1/globales/
DEBUG 2026-08-27 20:06:24,366 middleware [TenantMiddleware] 🔍 Processing request: /api/news/v1/news/
DEBUG 2026-08-27 20:06:24,366 middleware [TenantMiddleware] 🔍 Processing request: /api/moderation/v1/signalements/
DEBUG 2026-08-27 20:06:24,367 middleware [TenantMiddleware] 🔍 Route type: TENANT_PUBLIC
DEBUG 2026-08-27 20:06:24,367 middleware [TenantMiddleware] 🔍 Processing request: /api/journal/v1/evenements/
DEBUG 2026-08-27 20:06:24,367 middleware [TenantMiddleware] 🔍 Route type: TENANT_PUBLIC
DEBUG 2026-08-27 20:06:24,368 middleware [TenantMiddleware] 🔍 Route type: AUTHENTICATED
DEBUG 2026-08-27 20:06:24,368 middleware [TenantMiddleware] 🔍 API Version: v1
DEBUG 2026-08-27 20:06:24,368 middleware [TenantMiddleware] 🔍 Route type: AUTHENTICATED
DEBUG 2026-08-27 20:06:24,368 middleware [TenantMiddleware] 🔍 API Version: v1
DEBUG 2026-08-27 20:06:24,368 middleware [TenantMiddleware] 🔍 API Version: v1
DEBUG 2026-08-27 20:06:24,369 middleware [MultiTenant] Cache hit pour civitas -> civitas (civitas)
DEBUG 2026-08-27 20:06:24,369 middleware [TenantMiddleware] 🔍 API Version: v1
DEBUG 2026-08-27 20:06:24,369 middleware [MultiTenant] Cache hit pour civitas -> civitas (civitas)
DEBUG 2026-08-27 20:06:24,370 middleware [MultiTenant] Cache hit pour civitas -> civitas (civitas)
DEBUG 2026-08-27 20:06:24,370 middleware [MultiTenant] 🌐 Tenant résolu : civitas pour /api/statistiques/v1/globales/
DEBUG 2026-08-27 20:06:24,370 middleware [MultiTenant] Cache hit pour civitas -> civitas (civitas)
DEBUG 2026-08-27 20:06:24,370 middleware [MultiTenant] 🌐 Tenant résolu : civitas pour /api/news/v1/news/
DEBUG 2026-08-27 20:06:24,371 middleware [MultiTenant] 🌐 Tenant résolu : civitas pour /api/moderation/v1/signalements/
DEBUG 2026-08-27 20:06:24,371 middleware [MultiTenant] 🌐 Route TENANT_PUBLIC : /api/statistiques/v1/globales/ | Tenant: civitas
DEBUG 2026-08-27 20:06:24,371 middleware [MultiTenant] 🌐 Tenant résolu : civitas pour /api/journal/v1/evenements/
DEBUG 2026-08-27 20:06:24,371 middleware [MultiTenant] 🌐 Route TENANT_PUBLIC : /api/news/v1/news/ | Tenant: civitas
DEBUG 2026-08-27 20:06:24,371 middleware [MultiTenant] 🔐 Route AUTHENTICATED : /api/moderation/v1/signalements/ | Tenant: civitas
DEBUG 2026-08-27 20:06:24,371 middleware [JWTMiddleware] 🔍 Processing request: /api/statistiques/v1/globales/
DEBUG 2026-08-27 20:06:24,371 middleware [MultiTenant] 🔐 Route AUTHENTICATED : /api/journal/v1/evenements/ | Tenant: civitas
DEBUG 2026-08-27 20:06:24,372 middleware [JWTMiddleware] 🔍 Processing request: /api/news/v1/news/
DEBUG 2026-08-27 20:06:24,372 middleware [JWTMiddleware] 🔍 Processing request: /api/moderation/v1/signalements/
DEBUG 2026-08-27 20:06:24,372 middleware [JWTMiddleware] 🔍 Is public route: True
DEBUG 2026-08-27 20:06:24,372 middleware [JWTMiddleware] 🔍 Processing request: /api/journal/v1/evenements/
DEBUG 2026-08-27 20:06:24,372 middleware [JWTMiddleware] 🔍 Is public route: True
DEBUG 2026-08-27 20:06:24,372 middleware [JWTMiddleware] 🔍 Is public route: False
DEBUG 2026-08-27 20:06:24,373 middleware [JWTMiddleware] 🔍 Is authenticated route: False
DEBUG 2026-08-27 20:06:24,373 middleware [JWTMiddleware] 🔍 Is public route: False
DEBUG 2026-08-27 20:06:24,373 middleware [JWTMiddleware] 🔍 Is authenticated route: False
DEBUG 2026-08-27 20:06:24,373 middleware [JWTMiddleware] 🔍 Is authenticated route: True
DEBUG 2026-08-27 20:06:24,373 middleware [JWTMiddleware] 🔍 Is admin route: False
DEBUG 2026-08-27 20:06:24,374 middleware [JWTMiddleware] 🔍 Is authenticated route: True
DEBUG 2026-08-27 20:06:24,374 middleware [JWTMiddleware] 🔍 Is admin route: False
DEBUG 2026-08-27 20:06:24,374 middleware [JWTMiddleware] 🔍 Is admin route: False
DEBUG 2026-08-27 20:06:24,374 middleware [Auth] 🌐 Accès à la route publique : /api/statistiques/v1/globales/
DEBUG 2026-08-27 20:06:24,374 middleware [JWTMiddleware] 🔍 Is admin route: False
DEBUG 2026-08-27 20:06:24,374 middleware [Auth] 🌐 Accès à la route publique : /api/news/v1/news/
DEBUG 2026-08-27 20:06:24,375 middleware [Auth] Token extrait du header Authorization
DEBUG 2026-08-27 20:06:24,377 middleware [Auth] Token extrait du header Authorization
DEBUG 2026-08-27 20:06:24,415 middleware [Auth] 🔐 Utilisateur authentifié : admin (ID: 1)
DEBUG 2026-08-27 20:06:24,416 middleware [Auth] ✅ Accès autorisé pour utilisateur authentifié : admin
DEBUG 2026-08-27 20:06:24,418 middleware [Auth] 🔐 Utilisateur authentifié : admin (ID: 1)
DEBUG 2026-08-27 20:06:24,425 middleware [Auth] ✅ Accès autorisé pour utilisateur authentifié : admin
DEBUG 2026-08-27 20:06:24,497 middleware [TenantMiddleware] 🔍 Processing request: /api/journal/v1/evenements/
DEBUG 2026-08-27 20:06:24,500 middleware [TenantMiddleware] 🔍 Route type: AUTHENTICATED
DEBUG 2026-08-27 20:06:24,501 middleware [TenantMiddleware] 🔍 API Version: v1
DEBUG 2026-08-27 20:06:24,501 middleware [MultiTenant] Cache hit pour civitas -> civitas (civitas)
DEBUG 2026-08-27 20:06:24,506 middleware [MultiTenant] 🌐 Tenant résolu : civitas pour /api/journal/v1/evenements/
DEBUG 2026-08-27 20:06:24,508 middleware [MultiTenant] 🔐 Route AUTHENTICATED : /api/journal/v1/evenements/ | Tenant: civitas
DEBUG 2026-08-27 20:06:24,509 middleware [JWTMiddleware] 🔍 Processing request: /api/journal/v1/evenements/
DEBUG 2026-08-27 20:06:24,510 middleware [TenantMiddleware] 🔍 Processing request: /api/moderation/v1/signalements/
DEBUG 2026-08-27 20:06:24,511 middleware [JWTMiddleware] 🔍 Is public route: False
DEBUG 2026-08-27 20:06:24,512 middleware [TenantMiddleware] 🔍 Route type: AUTHENTICATED
DEBUG 2026-08-27 20:06:24,512 middleware [JWTMiddleware] 🔍 Is authenticated route: True
DEBUG 2026-08-27 20:06:24,512 middleware [TenantMiddleware] 🔍 API Version: v1
DEBUG 2026-08-27 20:06:24,515 middleware [JWTMiddleware] 🔍 Is admin route: False
DEBUG 2026-08-27 20:06:24,515 middleware [MultiTenant] Cache hit pour civitas -> civitas (civitas)
DEBUG 2026-08-27 20:06:24,517 middleware [Auth] Token extrait du header Authorization
DEBUG 2026-08-27 20:06:24,519 middleware [MultiTenant] 🌐 Tenant résolu : civitas pour /api/moderation/v1/signalements/
DEBUG 2026-08-27 20:06:24,522 middleware [MultiTenant] 🔐 Route AUTHENTICATED : /api/moderation/v1/signalements/ | Tenant: civitas
DEBUG 2026-08-27 20:06:24,522 middleware [JWTMiddleware] 🔍 Processing request: /api/moderation/v1/signalements/
DEBUG 2026-08-27 20:06:24,523 middleware [JWTMiddleware] 🔍 Is public route: False
DEBUG 2026-08-27 20:06:24,526 middleware [JWTMiddleware] 🔍 Is authenticated route: True
DEBUG 2026-08-27 20:06:24,526 middleware [JWTMiddleware] 🔍 Is admin route: False
DEBUG 2026-08-27 20:06:24,527 middleware [Auth] Token extrait du header Authorization
DEBUG 2026-08-27 20:06:24,529 middleware [TenantMiddleware] 🔍 Processing request: /api/statistiques/v1/globales/
DEBUG 2026-08-27 20:06:24,531 middleware [TenantMiddleware] 🔍 Route type: TENANT_PUBLIC
DEBUG 2026-08-27 20:06:24,531 middleware [TenantMiddleware] 🔍 API Version: v1
DEBUG 2026-08-27 20:06:24,531 middleware [MultiTenant] Cache hit pour civitas -> civitas (civitas)
DEBUG 2026-08-27 20:06:24,533 middleware [MultiTenant] 🌐 Tenant résolu : civitas pour /api/statistiques/v1/globales/
DEBUG 2026-08-27 20:06:24,533 middleware [MultiTenant] 🌐 Route TENANT_PUBLIC : /api/statistiques/v1/globales/ | Tenant: civitas
DEBUG 2026-08-27 20:06:24,533 middleware [JWTMiddleware] 🔍 Processing request: /api/statistiques/v1/globales/
DEBUG 2026-08-27 20:06:24,535 middleware [JWTMiddleware] 🔍 Is public route: True
DEBUG 2026-08-27 20:06:24,536 middleware [JWTMiddleware] 🔍 Is authenticated route: False
DEBUG 2026-08-27 20:06:24,537 middleware [JWTMiddleware] 🔍 Is admin route: False
DEBUG 2026-08-27 20:06:24,538 middleware [Auth] 🌐 Accès à la route publique : /api/statistiques/v1/globales/
DEBUG 2026-08-27 20:06:24,546 middleware [Auth] 🔐 Utilisateur authentifié : admin (ID: 1)
DEBUG 2026-08-27 20:06:24,549 middleware [Auth] ✅ Accès autorisé pour utilisateur authentifié : admin
DEBUG 2026-08-27 20:06:24,557 middleware [Auth] 🔐 Utilisateur authentifié : admin (ID: 1)
DEBUG 2026-08-27 20:06:24,562 middleware [Auth] ✅ Accès autorisé pour utilisateur authentifié : admin
DEBUG 2026-08-27 20:06:24,653 middleware [TenantMiddleware] 🔍 Processing request: /api/news/v1/news/
DEBUG 2026-08-27 20:06:24,654 middleware [TenantMiddleware] 🔍 Route type: TENANT_PUBLIC
DEBUG 2026-08-27 20:06:24,654 middleware [TenantMiddleware] 🔍 API Version: v1
DEBUG 2026-08-27 20:06:24,654 middleware [MultiTenant] Cache hit pour civitas -> civitas (civitas)
DEBUG 2026-08-27 20:06:24,654 middleware [MultiTenant] 🌐 Tenant résolu : civitas pour /api/news/v1/news/
DEBUG 2026-08-27 20:06:24,654 middleware [MultiTenant] 🌐 Route TENANT_PUBLIC : /api/news/v1/news/ | Tenant: civitas
DEBUG 2026-08-27 20:06:24,654 middleware [JWTMiddleware] 🔍 Processing request: /api/news/v1/news/
DEBUG 2026-08-27 20:06:24,655 middleware [JWTMiddleware] 🔍 Is public route: True
DEBUG 2026-08-27 20:06:24,655 middleware [JWTMiddleware] 🔍 Is authenticated route: False
DEBUG 2026-08-27 20:06:24,655 middleware [JWTMiddleware] 🔍 Is admin route: False
DEBUG 2026-08-27 20:06:24,655 middleware [Auth] 🌐 Accès à la route publique : /api/news/v1/news/
DEBUG 2026-08-27 20:06:24,657 middleware [TenantMiddleware] 🔍 Processing request: /api/news/v1/news/
DEBUG 2026-08-27 20:06:24,657 middleware [TenantMiddleware] 🔍 Route type: TENANT_PUBLIC
DEBUG 2026-08-27 20:06:24,657 middleware [TenantMiddleware] 🔍 API Version: v1
DEBUG 2026-08-27 20:06:24,657 middleware [MultiTenant] Cache hit pour civitas -> civitas (civitas)
DEBUG 2026-08-27 20:06:24,657 middleware [MultiTenant] 🌐 Tenant résolu : civitas pour /api/news/v1/news/
DEBUG 2026-08-27 20:06:24,658 middleware [MultiTenant] 🌐 Route TENANT_PUBLIC : /api/news/v1/news/ | Tenant: civitas
DEBUG 2026-08-27 20:06:24,658 middleware [JWTMiddleware] 🔍 Processing request: /api/news/v1/news/
DEBUG 2026-08-27 20:06:24,658 middleware [JWTMiddleware] 🔍 Is public route: True
DEBUG 2026-08-27 20:06:24,658 middleware [JWTMiddleware] 🔍 Is authenticated route: False
DEBUG 2026-08-27 20:06:24,658 middleware [JWTMiddleware] 🔍 Is admin route: False
DEBUG 2026-08-27 20:06:24,658 middleware [Auth] 🌐 Accès à la route publique : /api/news/v1/news/
DEBUG 2026-08-27 20:06:24,896 middleware [TenantMiddleware] 🔍 Processing request: /api/news/v1/news/
DEBUG 2026-08-27 20:06:24,896 middleware [TenantMiddleware] 🔍 Route type: TENANT_PUBLIC
DEBUG 2026-08-27 20:06:24,896 middleware [TenantMiddleware] 🔍 API Version: v1
DEBUG 2026-08-27 20:06:24,896 middleware [MultiTenant] Cache hit pour civitas -> civitas (civitas)
DEBUG 2026-08-27 20:06:24,896 middleware [MultiTenant] 🌐 Tenant résolu : civitas pour /api/news/v1/news/
DEBUG 2026-08-27 20:06:24,897 middleware [MultiTenant] 🌐 Route TENANT_PUBLIC : /api/news/v1/news/ | Tenant: civitas
DEBUG 2026-08-27 20:06:24,897 middleware [JWTMiddleware] 🔍 Processing request: /api/news/v1/news/
DEBUG 2026-08-27 20:06:24,897 middleware [JWTMiddleware] 🔍 Is public route: True
DEBUG 2026-08-27 20:06:24,897 middleware [JWTMiddleware] 🔍 Is authenticated route: False
DEBUG 2026-08-27 20:06:24,897 middleware [JWTMiddleware] 🔍 Is admin route: False
DEBUG 2026-08-27 20:06:24,897 middleware [Auth] 🌐 Accès à la route publique : /api/news/v1/news/
DEBUG 2026-08-27 20:06:24,900 middleware [TenantMiddleware] 🔍 Processing request: /api/news/v1/news/
DEBUG 2026-08-27 20:06:24,900 middleware [TenantMiddleware] 🔍 Route type: TENANT_PUBLIC
DEBUG 2026-08-27 20:06:24,901 middleware [TenantMiddleware] 🔍 API Version: v1
DEBUG 2026-08-27 20:06:24,901 middleware [MultiTenant] Cache hit pour civitas -> civitas (civitas)
DEBUG 2026-08-27 20:06:24,902 middleware [MultiTenant] 🌐 Tenant résolu : civitas pour /api/news/v1/news/
DEBUG 2026-08-27 20:06:24,902 middleware [MultiTenant] 🌐 Route TENANT_PUBLIC : /api/news/v1/news/ | Tenant: civitas
DEBUG 2026-08-27 20:06:24,902 middleware [JWTMiddleware] 🔍 Processing request: /api/news/v1/news/
DEBUG 2026-08-27 20:06:24,902 middleware [JWTMiddleware] 🔍 Is public route: True
DEBUG 2026-08-27 20:06:24,902 middleware [JWTMiddleware] 🔍 Is authenticated route: False
DEBUG 2026-08-27 20:06:24,903 middleware [JWTMiddleware] 🔍 Is admin route: False
DEBUG 2026-08-27 20:06:24,903 middleware [Auth] 🌐 Accès à la route publique : /api/news/v1/news/
DEBUG 2026-08-27 20:06:25,111 middleware [TenantMiddleware] 🔍 Processing request: /api/news/v1/news/
DEBUG 2026-08-27 20:06:25,111 middleware [TenantMiddleware] 🔍 Route type: TENANT_PUBLIC
DEBUG 2026-08-27 20:06:25,111 middleware [TenantMiddleware] 🔍 API Version: v1
DEBUG 2026-08-27 20:06:25,112 middleware [MultiTenant] Cache hit pour civitas -> civitas (civitas)
DEBUG 2026-08-27 20:06:25,112 middleware [MultiTenant] 🌐 Tenant résolu : civitas pour /api/news/v1/news/
DEBUG 2026-08-27 20:06:25,112 middleware [MultiTenant] 🌐 Route TENANT_PUBLIC : /api/news/v1/news/ | Tenant: civitas
DEBUG 2026-08-27 20:06:25,112 middleware [JWTMiddleware] 🔍 Processing request: /api/news/v1/news/
DEBUG 2026-08-27 20:06:25,112 middleware [JWTMiddleware] 🔍 Is public route: True
DEBUG 2026-08-27 20:06:25,113 middleware [JWTMiddleware] 🔍 Is authenticated route: False
DEBUG 2026-08-27 20:06:25,113 middleware [JWTMiddleware] 🔍 Is admin route: False
DEBUG 2026-08-27 20:06:25,113 middleware [Auth] 🌐 Accès à la route publique : /api/news/v1/news/
DEBUG 2026-08-27 20:06:25,116 middleware [TenantMiddleware] 🔍 Processing request: /api/news/v1/news/
DEBUG 2026-08-27 20:06:25,116 middleware [TenantMiddleware] 🔍 Route type: TENANT_PUBLIC
DEBUG 2026-08-27 20:06:25,116 middleware [TenantMiddleware] 🔍 API Version: v1
DEBUG 2026-08-27 20:06:25,117 middleware [MultiTenant] Cache hit pour civitas -> civitas (civitas)
DEBUG 2026-08-27 20:06:25,117 middleware [MultiTenant] 🌐 Tenant résolu : civitas pour /api/news/v1/news/
DEBUG 2026-08-27 20:06:25,117 middleware [MultiTenant] 🌐 Route TENANT_PUBLIC : /api/news/v1/news/ | Tenant: civitas
DEBUG 2026-08-27 20:06:25,117 middleware [JWTMiddleware] 🔍 Processing request: /api/news/v1/news/
DEBUG 2026-08-27 20:06:25,117 middleware [JWTMiddleware] 🔍 Is public route: True
DEBUG 2026-08-27 20:06:25,118 middleware [JWTMiddleware] 🔍 Is authenticated route: False
DEBUG 2026-08-27 20:06:25,118 middleware [JWTMiddleware] 🔍 Is admin route: False
DEBUG 2026-08-27 20:06:25,118 middleware [Auth] 🌐 Accès à la route publique : /api/news/v1/news/
DEBUG 2026-08-27 20:06:25,347 middleware [TenantMiddleware] 🔍 Processing request: /api/news/v1/news/
DEBUG 2026-08-27 20:06:25,347 middleware [TenantMiddleware] 🔍 Route type: TENANT_PUBLIC
DEBUG 2026-08-27 20:06:25,347 middleware [TenantMiddleware] 🔍 API Version: v1
DEBUG 2026-08-27 20:06:25,348 middleware [MultiTenant] Cache hit pour civitas -> civitas (civitas)
DEBUG 2026-08-27 20:06:25,348 middleware [MultiTenant] 🌐 Tenant résolu : civitas pour /api/news/v1/news/
DEBUG 2026-08-27 20:06:25,348 middleware [MultiTenant] 🌐 Route TENANT_PUBLIC : /api/news/v1/news/ | Tenant: civitas
DEBUG 2026-08-27 20:06:25,348 middleware [JWTMiddleware] 🔍 Processing request: /api/news/v1/news/
DEBUG 2026-08-27 20:06:25,349 middleware [JWTMiddleware] 🔍 Is public route: True
DEBUG 2026-08-27 20:06:25,349 middleware [JWTMiddleware] 🔍 Is authenticated route: False
DEBUG 2026-08-27 20:06:25,349 middleware [JWTMiddleware] 🔍 Is admin route: False
DEBUG 2026-08-27 20:06:25,349 middleware [Auth] 🌐 Accès à la route publique : /api/news/v1/news/
DEBUG 2026-08-27 20:06:26,180 middleware [TenantMiddleware] 🔍 Processing request: /api/news/v1/news/
DEBUG 2026-08-27 20:06:26,180 middleware [TenantMiddleware] 🔍 Route type: TENANT_PUBLIC
DEBUG 2026-08-27 20:06:26,180 middleware [TenantMiddleware] 🔍 API Version: v1
DEBUG 2026-08-27 20:06:26,180 middleware [MultiTenant] Cache hit pour civitas -> civitas (civitas)
DEBUG 2026-08-27 20:06:26,181 middleware [MultiTenant] 🌐 Tenant résolu : civitas pour /api/news/v1/news/
DEBUG 2026-08-27 20:06:26,181 middleware [MultiTenant] 🌐 Route TENANT_PUBLIC : /api/news/v1/news/ | Tenant: civitas
DEBUG 2026-08-27 20:06:26,181 middleware [JWTMiddleware] 🔍 Processing request: /api/news/v1/news/
DEBUG 2026-08-27 20:06:26,181 middleware [JWTMiddleware] 🔍 Is public route: True
DEBUG 2026-08-27 20:06:26,181 middleware [JWTMiddleware] 🔍 Is authenticated route: False
DEBUG 2026-08-27 20:06:26,181 middleware [JWTMiddleware] 🔍 Is admin route: False
DEBUG 2026-08-27 20:06:26,181 middleware [Auth] 🌐 Accès à la route publique : /api/news/v1/news/
DEBUG 2026-08-27 20:06:26,324 middleware [TenantMiddleware] 🔍 Processing request: /api/news/v1/news/
DEBUG 2026-08-27 20:06:26,324 middleware [TenantMiddleware] 🔍 Route type: TENANT_PUBLIC
DEBUG 2026-08-27 20:06:26,324 middleware [TenantMiddleware] 🔍 API Version: v1
DEBUG 2026-08-27 20:06:26,325 middleware [MultiTenant] Cache hit pour civitas -> civitas (civitas)
DEBUG 2026-08-27 20:06:26,325 middleware [MultiTenant] 🌐 Tenant résolu : civitas pour /api/news/v1/news/
DEBUG 2026-08-27 20:06:26,325 middleware [MultiTenant] 🌐 Route TENANT_PUBLIC : /api/news/v1/news/ | Tenant: civitas
DEBUG 2026-08-27 20:06:26,325 middleware [JWTMiddleware] 🔍 Processing request: /api/news/v1/news/
DEBUG 2026-08-27 20:06:26,325 middleware [JWTMiddleware] 🔍 Is public route: True
DEBUG 2026-08-27 20:06:26,325 middleware [JWTMiddleware] 🔍 Is authenticated route: False
DEBUG 2026-08-27 20:06:26,325 middleware [JWTMiddleware] 🔍 Is admin route: False
DEBUG 2026-08-27 20:06:26,326 middleware [Auth] 🌐 Accès à la route publique : /api/news/v1/news/
DEBUG 2026-08-27 20:06:26,327 middleware [TenantMiddleware] 🔍 Processing request: /api/news/v1/news/
DEBUG 2026-08-27 20:06:26,327 middleware [TenantMiddleware] 🔍 Route type: TENANT_PUBLIC
DEBUG 2026-08-27 20:06:26,328 middleware [TenantMiddleware] 🔍 API Version: v1
DEBUG 2026-08-27 20:06:26,328 middleware [MultiTenant] Cache hit pour civitas -> civitas (civitas)
DEBUG 2026-08-27 20:06:26,328 middleware [MultiTenant] 🌐 Tenant résolu : civitas pour /api/news/v1/news/
DEBUG 2026-08-27 20:06:26,328 middleware [MultiTenant] 🌐 Route TENANT_PUBLIC : /api/news/v1/news/ | Tenant: civitas
DEBUG 2026-08-27 20:06:26,328 middleware [JWTMiddleware] 🔍 Processing request: /api/news/v1/news/
DEBUG 2026-08-27 20:06:26,328 middleware [JWTMiddleware] 🔍 Is public route: True
DEBUG 2026-08-27 20:06:26,328 middleware [JWTMiddleware] 🔍 Is authenticated route: False
DEBUG 2026-08-27 20:06:26,328 middleware [JWTMiddleware] 🔍 Is admin route: False
DEBUG 2026-08-27 20:06:26,329 middleware [Auth] 🌐 Accès à la route publique : /api/news/v1/news/
DEBUG 2026-08-27 20:06:26,526 middleware [TenantMiddleware] 🔍 Processing request: /api/news/v1/news/
DEBUG 2026-08-27 20:06:26,526 middleware [TenantMiddleware] 🔍 Route type: TENANT_PUBLIC
DEBUG 2026-08-27 20:06:26,526 middleware [TenantMiddleware] 🔍 API Version: v1
DEBUG 2026-08-27 20:06:26,526 middleware [MultiTenant] Cache hit pour civitas -> civitas (civitas)
DEBUG 2026-08-27 20:06:26,527 middleware [MultiTenant] 🌐 Tenant résolu : civitas pour /api/news/v1/news/
DEBUG 2026-08-27 20:06:26,527 middleware [MultiTenant] 🌐 Route TENANT_PUBLIC : /api/news/v1/news/ | Tenant: civitas
DEBUG 2026-08-27 20:06:26,527 middleware [JWTMiddleware] 🔍 Processing request: /api/news/v1/news/
DEBUG 2026-08-27 20:06:26,527 middleware [JWTMiddleware] 🔍 Is public route: True
DEBUG 2026-08-27 20:06:26,527 middleware [JWTMiddleware] 🔍 Is authenticated route: False
DEBUG 2026-08-27 20:06:26,527 middleware [JWTMiddleware] 🔍 Is admin route: False
DEBUG 2026-08-27 20:06:26,527 middleware [Auth] 🌐 Accès à la route publique : /api/news/v1/news/
DEBUG 2026-08-27 20:06:27,753 middleware [TenantMiddleware] 🔍 Processing request: /api/news/v1/news/24/
DEBUG 2026-08-27 20:06:27,754 middleware [TenantMiddleware] 🔍 Route type: TENANT_PUBLIC
DEBUG 2026-08-27 20:06:27,754 middleware [TenantMiddleware] 🔍 API Version: v1
DEBUG 2026-08-27 20:06:27,754 middleware [MultiTenant] Cache hit pour civitas -> civitas (civitas)
DEBUG 2026-08-27 20:06:27,754 middleware [MultiTenant] 🌐 Tenant résolu : civitas pour /api/news/v1/news/24/
DEBUG 2026-08-27 20:06:27,754 middleware [MultiTenant] 🌐 Route TENANT_PUBLIC : /api/news/v1/news/24/ | Tenant: civitas
DEBUG 2026-08-27 20:06:27,754 middleware [JWTMiddleware] 🔍 Processing request: /api/news/v1/news/24/
DEBUG 2026-08-27 20:06:27,755 middleware [JWTMiddleware] 🔍 Is public route: True
DEBUG 2026-08-27 20:06:27,755 middleware [JWTMiddleware] 🔍 Is authenticated route: False
DEBUG 2026-08-27 20:06:27,755 middleware [JWTMiddleware] 🔍 Is admin route: False
DEBUG 2026-08-27 20:06:27,755 middleware [Auth] 🌐 Accès à la route publique : /api/news/v1/news/24/
DEBUG 2026-08-27 20:06:27,830 middleware [TenantMiddleware] 🔍 Processing request: /api/news/v1/news/24/
DEBUG 2026-08-27 20:06:27,831 middleware [TenantMiddleware] 🔍 Route type: TENANT_PUBLIC
DEBUG 2026-08-27 20:06:27,831 middleware [TenantMiddleware] 🔍 API Version: v1
DEBUG 2026-08-27 20:06:27,831 middleware [MultiTenant] Cache hit pour civitas -> civitas (civitas)
DEBUG 2026-08-27 20:06:27,831 middleware [MultiTenant] 🌐 Tenant résolu : civitas pour /api/news/v1/news/24/
DEBUG 2026-08-27 20:06:27,831 middleware [MultiTenant] 🌐 Route TENANT_PUBLIC : /api/news/v1/news/24/ | Tenant: civitas
DEBUG 2026-08-27 20:06:27,831 middleware [JWTMiddleware] 🔍 Processing request: /api/news/v1/news/24/
DEBUG 2026-08-27 20:06:27,831 middleware [JWTMiddleware] 🔍 Is public route: True
DEBUG 2026-08-27 20:06:27,832 middleware [JWTMiddleware] 🔍 Is authenticated route: False
DEBUG 2026-08-27 20:06:27,832 middleware [JWTMiddleware] 🔍 Is admin route: False
DEBUG 2026-08-27 20:06:27,832 middleware [Auth] 🌐 Accès à la route publique : /api/news/v1/news/24/
DEBUG 2026-08-27 20:06:27,862 middleware [TenantMiddleware] 🔍 Processing request: /api/referentiels/v1/categories/
DEBUG 2026-08-27 20:06:27,862 middleware [TenantMiddleware] 🔍 Processing request: /api/referentiels/v1/etablissements/
DEBUG 2026-08-27 20:06:27,863 middleware [TenantMiddleware] 🔍 Processing request: /api/news/v1/medias/
DEBUG 2026-08-27 20:06:27,863 middleware [TenantMiddleware] 🔍 Processing request: /api/referentiels/v1/organisations/
DEBUG 2026-08-27 20:06:27,863 middleware [TenantMiddleware] 🔍 Route type: TENANT_PUBLIC
DEBUG 2026-08-27 20:06:27,863 middleware [TenantMiddleware] 🔍 Route type: TENANT_PUBLIC
DEBUG 2026-08-27 20:06:27,866 middleware [TenantMiddleware] 🔍 Route type: TENANT_PUBLIC
DEBUG 2026-08-27 20:06:27,866 middleware [TenantMiddleware] 🔍 Route type: TENANT_PUBLIC
DEBUG 2026-08-27 20:06:27,866 middleware [TenantMiddleware] 🔍 API Version: v1
DEBUG 2026-08-27 20:06:27,866 middleware [TenantMiddleware] 🔍 API Version: v1
DEBUG 2026-08-27 20:06:27,866 middleware [TenantMiddleware] 🔍 API Version: v1
DEBUG 2026-08-27 20:06:27,866 middleware [TenantMiddleware] 🔍 API Version: v1
DEBUG 2026-08-27 20:06:27,867 middleware [MultiTenant] Cache hit pour civitas -> civitas (civitas)
DEBUG 2026-08-27 20:06:27,868 middleware [MultiTenant] Cache hit pour civitas -> civitas (civitas)
DEBUG 2026-08-27 20:06:27,869 middleware [MultiTenant] Cache hit pour civitas -> civitas (civitas)
DEBUG 2026-08-27 20:06:27,869 middleware [MultiTenant] Cache hit pour civitas -> civitas (civitas)
DEBUG 2026-08-27 20:06:27,869 middleware [MultiTenant] 🌐 Tenant résolu : civitas pour /api/referentiels/v1/categories/
DEBUG 2026-08-27 20:06:27,870 middleware [MultiTenant] 🌐 Tenant résolu : civitas pour /api/referentiels/v1/etablissements/
DEBUG 2026-08-27 20:06:27,871 middleware [MultiTenant] 🌐 Tenant résolu : civitas pour /api/news/v1/medias/
DEBUG 2026-08-27 20:06:27,871 middleware [MultiTenant] 🌐 Tenant résolu : civitas pour /api/referentiels/v1/organisations/
DEBUG 2026-08-27 20:06:27,871 middleware [MultiTenant] 🌐 Route TENANT_PUBLIC : /api/referentiels/v1/categories/ | Tenant: civitas
DEBUG 2026-08-27 20:06:27,872 middleware [MultiTenant] 🌐 Route TENANT_PUBLIC : /api/referentiels/v1/etablissements/ | Tenant: civitas
DEBUG 2026-08-27 20:06:27,872 middleware [MultiTenant] 🌐 Route TENANT_PUBLIC : /api/news/v1/medias/ | Tenant: civitas
DEBUG 2026-08-27 20:06:27,872 middleware [MultiTenant] 🌐 Route TENANT_PUBLIC : /api/referentiels/v1/organisations/ | Tenant: civitas
DEBUG 2026-08-27 20:06:27,874 middleware [JWTMiddleware] 🔍 Processing request: /api/referentiels/v1/categories/
DEBUG 2026-08-27 20:06:27,874 middleware [JWTMiddleware] 🔍 Processing request: /api/referentiels/v1/etablissements/
DEBUG 2026-08-27 20:06:27,874 middleware [JWTMiddleware] 🔍 Processing request: /api/news/v1/medias/
DEBUG 2026-08-27 20:06:27,874 middleware [JWTMiddleware] 🔍 Processing request: /api/referentiels/v1/organisations/
DEBUG 2026-08-27 20:06:27,874 middleware [JWTMiddleware] 🔍 Is public route: True
DEBUG 2026-08-27 20:06:27,875 middleware [JWTMiddleware] 🔍 Is public route: True
DEBUG 2026-08-27 20:06:27,876 middleware [JWTMiddleware] 🔍 Is public route: True
DEBUG 2026-08-27 20:06:27,876 middleware [JWTMiddleware] 🔍 Is public route: True
DEBUG 2026-08-27 20:06:27,877 middleware [JWTMiddleware] 🔍 Is authenticated route: False
DEBUG 2026-08-27 20:06:27,877 middleware [JWTMiddleware] 🔍 Is authenticated route: False
DEBUG 2026-08-27 20:06:27,877 middleware [JWTMiddleware] 🔍 Is authenticated route: False
DEBUG 2026-08-27 20:06:27,878 middleware [JWTMiddleware] 🔍 Is authenticated route: False
DEBUG 2026-08-27 20:06:27,878 middleware [JWTMiddleware] 🔍 Is admin route: False
DEBUG 2026-08-27 20:06:27,879 middleware [JWTMiddleware] 🔍 Is admin route: False
DEBUG 2026-08-27 20:06:27,879 middleware [JWTMiddleware] 🔍 Is admin route: False
DEBUG 2026-08-27 20:06:27,884 middleware [JWTMiddleware] 🔍 Is admin route: False
DEBUG 2026-08-27 20:06:27,884 middleware [Auth] 🌐 Accès à la route publique : /api/referentiels/v1/categories/
DEBUG 2026-08-27 20:06:27,884 middleware [Auth] 🌐 Accès à la route publique : /api/referentiels/v1/etablissements/
DEBUG 2026-08-27 20:06:27,885 middleware [Auth] 🌐 Accès à la route publique : /api/news/v1/medias/
DEBUG 2026-08-27 20:06:27,885 middleware [Auth] 🌐 Accès à la route publique : /api/referentiels/v1/organisations/
DEBUG 2026-08-27 20:06:27,941 middleware [TenantMiddleware] 🔍 Processing request: /api/referentiels/v1/etablissements/
DEBUG 2026-08-27 20:06:27,941 middleware [TenantMiddleware] 🔍 Processing request: /api/news/v1/medias/
DEBUG 2026-08-27 20:06:27,942 middleware [TenantMiddleware] 🔍 Processing request: /api/referentiels/v1/organisations/
DEBUG 2026-08-27 20:06:27,943 middleware [TenantMiddleware] 🔍 Route type: TENANT_PUBLIC
DEBUG 2026-08-27 20:06:27,944 middleware [TenantMiddleware] 🔍 Route type: TENANT_PUBLIC
DEBUG 2026-08-27 20:06:27,944 middleware [TenantMiddleware] 🔍 Route type: TENANT_PUBLIC
DEBUG 2026-08-27 20:06:27,945 middleware [TenantMiddleware] 🔍 API Version: v1
DEBUG 2026-08-27 20:06:27,945 middleware [TenantMiddleware] 🔍 API Version: v1
DEBUG 2026-08-27 20:06:27,945 middleware [TenantMiddleware] 🔍 API Version: v1
DEBUG 2026-08-27 20:06:27,946 middleware [MultiTenant] Cache hit pour civitas -> civitas (civitas)
DEBUG 2026-08-27 20:06:27,947 middleware [MultiTenant] Cache hit pour civitas -> civitas (civitas)
DEBUG 2026-08-27 20:06:27,947 middleware [MultiTenant] Cache hit pour civitas -> civitas (civitas)
DEBUG 2026-08-27 20:06:27,949 middleware [MultiTenant] 🌐 Tenant résolu : civitas pour /api/referentiels/v1/etablissements/
DEBUG 2026-08-27 20:06:27,949 middleware [MultiTenant] 🌐 Tenant résolu : civitas pour /api/news/v1/medias/
DEBUG 2026-08-27 20:06:27,949 middleware [MultiTenant] 🌐 Tenant résolu : civitas pour /api/referentiels/v1/organisations/
DEBUG 2026-08-27 20:06:27,950 middleware [MultiTenant] 🌐 Route TENANT_PUBLIC : /api/referentiels/v1/etablissements/ | Tenant: civitas
DEBUG 2026-08-27 20:06:27,950 middleware [MultiTenant] 🌐 Route TENANT_PUBLIC : /api/news/v1/medias/ | Tenant: civitas
DEBUG 2026-08-27 20:06:27,950 middleware [MultiTenant] 🌐 Route TENANT_PUBLIC : /api/referentiels/v1/organisations/ | Tenant: civitas
DEBUG 2026-08-27 20:06:27,950 middleware [JWTMiddleware] 🔍 Processing request: /api/referentiels/v1/etablissements/
DEBUG 2026-08-27 20:06:27,950 middleware [JWTMiddleware] 🔍 Processing request: /api/news/v1/medias/
DEBUG 2026-08-27 20:06:27,952 middleware [JWTMiddleware] 🔍 Processing request: /api/referentiels/v1/organisations/
DEBUG 2026-08-27 20:06:27,952 middleware [JWTMiddleware] 🔍 Is public route: True
DEBUG 2026-08-27 20:06:27,952 middleware [JWTMiddleware] 🔍 Is public route: True
DEBUG 2026-08-27 20:06:27,952 middleware [JWTMiddleware] 🔍 Is public route: True
DEBUG 2026-08-27 20:06:27,953 middleware [JWTMiddleware] 🔍 Is authenticated route: False
DEBUG 2026-08-27 20:06:27,953 middleware [JWTMiddleware] 🔍 Is authenticated route: False
DEBUG 2026-08-27 20:06:27,953 middleware [JWTMiddleware] 🔍 Is authenticated route: False
DEBUG 2026-08-27 20:06:27,953 middleware [JWTMiddleware] 🔍 Is admin route: False
DEBUG 2026-08-27 20:06:27,954 middleware [JWTMiddleware] 🔍 Is admin route: False
DEBUG 2026-08-27 20:06:27,954 middleware [JWTMiddleware] 🔍 Is admin route: False
DEBUG 2026-08-27 20:06:27,954 middleware [Auth] 🌐 Accès à la route publique : /api/referentiels/v1/etablissements/
DEBUG 2026-08-27 20:06:27,954 middleware [Auth] 🌐 Accès à la route publique : /api/news/v1/medias/
DEBUG 2026-08-27 20:06:27,955 middleware [Auth] 🌐 Accès à la route publique : /api/referentiels/v1/organisations/
DEBUG 2026-08-27 20:06:27,958 middleware [TenantMiddleware] 🔍 Processing request: /api/referentiels/v1/categories/
DEBUG 2026-08-27 20:06:27,962 middleware [TenantMiddleware] 🔍 Route type: TENANT_PUBLIC
DEBUG 2026-08-27 20:06:27,963 middleware [TenantMiddleware] 🔍 API Version: v1
DEBUG 2026-08-27 20:06:27,963 middleware [MultiTenant] Cache hit pour civitas -> civitas (civitas)
DEBUG 2026-08-27 20:06:27,963 middleware [MultiTenant] 🌐 Tenant résolu : civitas pour /api/referentiels/v1/categories/
DEBUG 2026-08-27 20:06:27,963 middleware [MultiTenant] 🌐 Route TENANT_PUBLIC : /api/referentiels/v1/categories/ | Tenant: civitas
DEBUG 2026-08-27 20:06:27,963 middleware [JWTMiddleware] 🔍 Processing request: /api/referentiels/v1/categories/
DEBUG 2026-08-27 20:06:27,964 middleware [JWTMiddleware] 🔍 Is public route: True
DEBUG 2026-08-27 20:06:27,964 middleware [JWTMiddleware] 🔍 Is authenticated route: False
DEBUG 2026-08-27 20:06:27,964 middleware [JWTMiddleware] 🔍 Is admin route: False
DEBUG 2026-08-27 20:06:27,964 middleware [Auth] 🌐 Accès à la route publique : /api/referentiels/v1/categories/
DEBUG 2026-08-27 20:06:46,631 middleware [TenantMiddleware] 🔍 Processing request: /api/notifications/v1/notifications/
DEBUG 2026-08-27 20:06:46,632 middleware [TenantMiddleware] 🔍 Processing request: /api/users/v1/users/me/
DEBUG 2026-08-27 20:06:46,632 middleware [TenantMiddleware] 🔍 Route type: AUTHENTICATED
DEBUG 2026-08-27 20:06:46,632 middleware [TenantMiddleware] 🔍 Route type: AUTHENTICATED
DEBUG 2026-08-27 20:06:46,632 middleware [TenantMiddleware] 🔍 API Version: v1
DEBUG 2026-08-27 20:06:46,633 middleware [TenantMiddleware] 🔍 API Version: v1
DEBUG 2026-08-27 20:06:46,633 middleware [MultiTenant] Cache hit pour civitas -> civitas (civitas)
DEBUG 2026-08-27 20:06:46,633 middleware [MultiTenant] Cache hit pour civitas -> civitas (civitas)
DEBUG 2026-08-27 20:06:46,633 middleware [MultiTenant] 🌐 Tenant résolu : civitas pour /api/notifications/v1/notifications/
DEBUG 2026-08-27 20:06:46,634 middleware [MultiTenant] 🌐 Tenant résolu : civitas pour /api/users/v1/users/me/
DEBUG 2026-08-27 20:06:46,634 middleware [MultiTenant] 🔐 Route AUTHENTICATED : /api/notifications/v1/notifications/ | Tenant: civitas
DEBUG 2026-08-27 20:06:46,634 middleware [MultiTenant] 🔐 Route AUTHENTICATED : /api/users/v1/users/me/ | Tenant: civitas
DEBUG 2026-08-27 20:06:46,634 middleware [JWTMiddleware] 🔍 Processing request: /api/notifications/v1/notifications/
DEBUG 2026-08-27 20:06:46,634 middleware [JWTMiddleware] 🔍 Processing request: /api/users/v1/users/me/
DEBUG 2026-08-27 20:06:46,634 middleware [JWTMiddleware] 🔍 Is public route: False
DEBUG 2026-08-27 20:06:46,635 middleware [JWTMiddleware] 🔍 Is public route: False
DEBUG 2026-08-27 20:06:46,635 middleware [JWTMiddleware] 🔍 Is authenticated route: True
DEBUG 2026-08-27 20:06:46,635 middleware [JWTMiddleware] 🔍 Is authenticated route: True
DEBUG 2026-08-27 20:06:46,635 middleware [JWTMiddleware] 🔍 Is admin route: False
DEBUG 2026-08-27 20:06:46,635 middleware [JWTMiddleware] 🔍 Is admin route: False
DEBUG 2026-08-27 20:06:46,636 middleware [Auth] Token extrait du header Authorization
DEBUG 2026-08-27 20:06:46,636 middleware [Auth] Token extrait du header Authorization
DEBUG 2026-08-27 20:06:46,668 middleware [Auth] 🔐 Utilisateur authentifié : admin (ID: 1)
DEBUG 2026-08-27 20:06:46,669 middleware [Auth] ✅ Accès autorisé pour utilisateur authentifié : admin
DEBUG 2026-08-27 20:06:46,671 middleware [Auth] 🔐 Utilisateur authentifié : admin (ID: 1)
DEBUG 2026-08-27 20:06:46,671 middleware [Auth] ✅ Accès autorisé pour utilisateur authentifié : admin
DEBUG 2026-08-27 20:06:46,881 middleware [TenantMiddleware] 🔍 Processing request: /api/news/v1/news/24/
DEBUG 2026-08-27 20:06:46,881 middleware [TenantMiddleware] 🔍 Route type: TENANT_PUBLIC
DEBUG 2026-08-27 20:06:46,881 middleware [TenantMiddleware] 🔍 API Version: v1
DEBUG 2026-08-27 20:06:46,881 middleware [MultiTenant] Cache hit pour civitas -> civitas (civitas)
DEBUG 2026-08-27 20:06:46,882 middleware [MultiTenant] 🌐 Tenant résolu : civitas pour /api/news/v1/news/24/
DEBUG 2026-08-27 20:06:46,882 middleware [MultiTenant] 🌐 Route TENANT_PUBLIC : /api/news/v1/news/24/ | Tenant: civitas
DEBUG 2026-08-27 20:06:46,882 middleware [JWTMiddleware] 🔍 Processing request: /api/news/v1/news/24/
DEBUG 2026-08-27 20:06:46,882 middleware [JWTMiddleware] 🔍 Is public route: True
DEBUG 2026-08-27 20:06:46,882 middleware [JWTMiddleware] 🔍 Is authenticated route: False
DEBUG 2026-08-27 20:06:46,883 middleware [JWTMiddleware] 🔍 Is admin route: False
DEBUG 2026-08-27 20:06:46,883 middleware [Auth] 🌐 Accès à la route publique : /api/news/v1/news/24/
DEBUG 2026-08-27 20:06:46,967 middleware [TenantMiddleware] 🔍 Processing request: /api/news/v1/news/24/
DEBUG 2026-08-27 20:06:46,967 middleware [TenantMiddleware] 🔍 Route type: TENANT_PUBLIC
DEBUG 2026-08-27 20:06:46,967 middleware [TenantMiddleware] 🔍 API Version: v1
DEBUG 2026-08-27 20:06:46,968 middleware [MultiTenant] Cache hit pour civitas -> civitas (civitas)
DEBUG 2026-08-27 20:06:46,968 middleware [MultiTenant] 🌐 Tenant résolu : civitas pour /api/news/v1/news/24/
DEBUG 2026-08-27 20:06:46,968 middleware [MultiTenant] 🌐 Route TENANT_PUBLIC : /api/news/v1/news/24/ | Tenant: civitas
DEBUG 2026-08-27 20:06:46,968 middleware [JWTMiddleware] 🔍 Processing request: /api/news/v1/news/24/
DEBUG 2026-08-27 20:06:46,968 middleware [JWTMiddleware] 🔍 Is public route: True
DEBUG 2026-08-27 20:06:46,968 middleware [JWTMiddleware] 🔍 Is authenticated route: False
DEBUG 2026-08-27 20:06:46,968 middleware [JWTMiddleware] 🔍 Is admin route: False
DEBUG 2026-08-27 20:06:46,969 middleware [Auth] 🌐 Accès à la route publique : /api/news/v1/news/24/
DEBUG 2026-08-27 20:06:47,413 middleware [TenantMiddleware] 🔍 Processing request: /api/referentiels/v1/categories/
DEBUG 2026-08-27 20:06:47,414 middleware [TenantMiddleware] 🔍 Processing request: /api/referentiels/v1/organisations/
DEBUG 2026-08-27 20:06:47,415 middleware [TenantMiddleware] 🔍 Processing request: /api/referentiels/v1/etablissements/
DEBUG 2026-08-27 20:06:47,416 middleware [TenantMiddleware] 🔍 Processing request: /api/news/v1/medias/
DEBUG 2026-08-27 20:06:47,416 middleware [TenantMiddleware] 🔍 Route type: TENANT_PUBLIC
DEBUG 2026-08-27 20:06:47,416 middleware [TenantMiddleware] 🔍 Route type: TENANT_PUBLIC
DEBUG 2026-08-27 20:06:47,416 middleware [TenantMiddleware] 🔍 Route type: TENANT_PUBLIC
DEBUG 2026-08-27 20:06:47,416 middleware [TenantMiddleware] 🔍 Route type: TENANT_PUBLIC
DEBUG 2026-08-27 20:06:47,417 middleware [TenantMiddleware] 🔍 API Version: v1
DEBUG 2026-08-27 20:06:47,417 middleware [TenantMiddleware] 🔍 API Version: v1
DEBUG 2026-08-27 20:06:47,417 middleware [TenantMiddleware] 🔍 API Version: v1
DEBUG 2026-08-27 20:06:47,417 middleware [TenantMiddleware] 🔍 API Version: v1
DEBUG 2026-08-27 20:06:47,417 middleware [MultiTenant] Cache hit pour civitas -> civitas (civitas)
DEBUG 2026-08-27 20:06:47,418 middleware [MultiTenant] Cache hit pour civitas -> civitas (civitas)
DEBUG 2026-08-27 20:06:47,418 middleware [MultiTenant] Cache hit pour civitas -> civitas (civitas)
DEBUG 2026-08-27 20:06:47,418 middleware [MultiTenant] Cache hit pour civitas -> civitas (civitas)
DEBUG 2026-08-27 20:06:47,418 middleware [MultiTenant] 🌐 Tenant résolu : civitas pour /api/referentiels/v1/categories/
DEBUG 2026-08-27 20:06:47,418 middleware [MultiTenant] 🌐 Tenant résolu : civitas pour /api/referentiels/v1/organisations/
DEBUG 2026-08-27 20:06:47,419 middleware [MultiTenant] 🌐 Tenant résolu : civitas pour /api/referentiels/v1/etablissements/
DEBUG 2026-08-27 20:06:47,419 middleware [MultiTenant] 🌐 Tenant résolu : civitas pour /api/news/v1/medias/
DEBUG 2026-08-27 20:06:47,419 middleware [MultiTenant] 🌐 Route TENANT_PUBLIC : /api/referentiels/v1/categories/ | Tenant: civitas
DEBUG 2026-08-27 20:06:47,419 middleware [MultiTenant] 🌐 Route TENANT_PUBLIC : /api/referentiels/v1/organisations/ | Tenant: civitas
DEBUG 2026-08-27 20:06:47,419 middleware [MultiTenant] 🌐 Route TENANT_PUBLIC : /api/referentiels/v1/etablissements/ | Tenant: civitas
DEBUG 2026-08-27 20:06:47,419 middleware [MultiTenant] 🌐 Route TENANT_PUBLIC : /api/news/v1/medias/ | Tenant: civitas
DEBUG 2026-08-27 20:06:47,420 middleware [JWTMiddleware] 🔍 Processing request: /api/referentiels/v1/categories/
DEBUG 2026-08-27 20:06:47,420 middleware [JWTMiddleware] 🔍 Processing request: /api/referentiels/v1/organisations/
DEBUG 2026-08-27 20:06:47,420 middleware [JWTMiddleware] 🔍 Processing request: /api/referentiels/v1/etablissements/
DEBUG 2026-08-27 20:06:47,420 middleware [JWTMiddleware] 🔍 Processing request: /api/news/v1/medias/
DEBUG 2026-08-27 20:06:47,420 middleware [JWTMiddleware] 🔍 Is public route: True
DEBUG 2026-08-27 20:06:47,421 middleware [JWTMiddleware] 🔍 Is public route: True
DEBUG 2026-08-27 20:06:47,421 middleware [JWTMiddleware] 🔍 Is public route: True
DEBUG 2026-08-27 20:06:47,421 middleware [JWTMiddleware] 🔍 Is public route: True
DEBUG 2026-08-27 20:06:47,421 middleware [JWTMiddleware] 🔍 Is authenticated route: False
DEBUG 2026-08-27 20:06:47,421 middleware [JWTMiddleware] 🔍 Is authenticated route: False
DEBUG 2026-08-27 20:06:47,422 middleware [JWTMiddleware] 🔍 Is authenticated route: False
DEBUG 2026-08-27 20:06:47,422 middleware [JWTMiddleware] 🔍 Is authenticated route: False
DEBUG 2026-08-27 20:06:47,422 middleware [JWTMiddleware] 🔍 Is admin route: False
DEBUG 2026-08-27 20:06:47,423 middleware [JWTMiddleware] 🔍 Is admin route: False
DEBUG 2026-08-27 20:06:47,423 middleware [JWTMiddleware] 🔍 Is admin route: False
DEBUG 2026-08-27 20:06:47,423 middleware [JWTMiddleware] 🔍 Is admin route: False
DEBUG 2026-08-27 20:06:47,423 middleware [Auth] 🌐 Accès à la route publique : /api/referentiels/v1/categories/
DEBUG 2026-08-27 20:06:47,423 middleware [Auth] 🌐 Accès à la route publique : /api/referentiels/v1/organisations/
DEBUG 2026-08-27 20:06:47,423 middleware [Auth] 🌐 Accès à la route publique : /api/referentiels/v1/etablissements/
DEBUG 2026-08-27 20:06:47,424 middleware [Auth] 🌐 Accès à la route publique : /api/news/v1/medias/
DEBUG 2026-08-27 20:06:47,469 middleware [TenantMiddleware] 🔍 Processing request: /api/referentiels/v1/organisations/
DEBUG 2026-08-27 20:06:47,470 middleware [TenantMiddleware] 🔍 Route type: TENANT_PUBLIC
DEBUG 2026-08-27 20:06:47,471 middleware [TenantMiddleware] 🔍 API Version: v1
DEBUG 2026-08-27 20:06:47,475 middleware [TenantMiddleware] 🔍 Processing request: /api/referentiels/v1/categories/
DEBUG 2026-08-27 20:06:47,476 middleware [TenantMiddleware] 🔍 Processing request: /api/referentiels/v1/etablissements/
DEBUG 2026-08-27 20:06:47,476 middleware [MultiTenant] Cache hit pour civitas -> civitas (civitas)
DEBUG 2026-08-27 20:06:47,477 middleware [TenantMiddleware] 🔍 Route type: TENANT_PUBLIC
DEBUG 2026-08-27 20:06:47,476 middleware [TenantMiddleware] 🔍 Route type: TENANT_PUBLIC
DEBUG 2026-08-27 20:06:47,477 middleware [TenantMiddleware] 🔍 API Version: v1
DEBUG 2026-08-27 20:06:47,478 middleware [MultiTenant] 🌐 Tenant résolu : civitas pour /api/referentiels/v1/organisations/
DEBUG 2026-08-27 20:06:47,478 middleware [TenantMiddleware] 🔍 API Version: v1
DEBUG 2026-08-27 20:06:47,478 middleware [MultiTenant] Cache hit pour civitas -> civitas (civitas)
DEBUG 2026-08-27 20:06:47,479 middleware [TenantMiddleware] 🔍 Processing request: /api/news/v1/medias/
DEBUG 2026-08-27 20:06:47,479 middleware [MultiTenant] 🌐 Route TENANT_PUBLIC : /api/referentiels/v1/organisations/ | Tenant: civitas
DEBUG 2026-08-27 20:06:47,480 middleware [MultiTenant] Cache hit pour civitas -> civitas (civitas)
DEBUG 2026-08-27 20:06:47,480 middleware [MultiTenant] 🌐 Tenant résolu : civitas pour /api/referentiels/v1/etablissements/
DEBUG 2026-08-27 20:06:47,480 middleware [TenantMiddleware] 🔍 Route type: TENANT_PUBLIC
DEBUG 2026-08-27 20:06:47,480 middleware [JWTMiddleware] 🔍 Processing request: /api/referentiels/v1/organisations/
DEBUG 2026-08-27 20:06:47,481 middleware [MultiTenant] 🌐 Tenant résolu : civitas pour /api/referentiels/v1/categories/
DEBUG 2026-08-27 20:06:47,481 middleware [MultiTenant] 🌐 Route TENANT_PUBLIC : /api/referentiels/v1/etablissements/ | Tenant: civitas
DEBUG 2026-08-27 20:06:47,481 middleware [TenantMiddleware] 🔍 API Version: v1
DEBUG 2026-08-27 20:06:47,481 middleware [JWTMiddleware] 🔍 Is public route: True
DEBUG 2026-08-27 20:06:47,481 middleware [MultiTenant] 🌐 Route TENANT_PUBLIC : /api/referentiels/v1/categories/ | Tenant: civitas
DEBUG 2026-08-27 20:06:47,482 middleware [JWTMiddleware] 🔍 Processing request: /api/referentiels/v1/etablissements/
DEBUG 2026-08-27 20:06:47,482 middleware [MultiTenant] Cache hit pour civitas -> civitas (civitas)
DEBUG 2026-08-27 20:06:47,482 middleware [JWTMiddleware] 🔍 Is authenticated route: False
DEBUG 2026-08-27 20:06:47,482 middleware [JWTMiddleware] 🔍 Processing request: /api/referentiels/v1/categories/
DEBUG 2026-08-27 20:06:47,482 middleware [JWTMiddleware] 🔍 Is public route: True
DEBUG 2026-08-27 20:06:47,483 middleware [MultiTenant] 🌐 Tenant résolu : civitas pour /api/news/v1/medias/
DEBUG 2026-08-27 20:06:47,483 middleware [JWTMiddleware] 🔍 Is admin route: False
DEBUG 2026-08-27 20:06:47,483 middleware [JWTMiddleware] 🔍 Is public route: True
DEBUG 2026-08-27 20:06:47,483 middleware [JWTMiddleware] 🔍 Is authenticated route: False
DEBUG 2026-08-27 20:06:47,483 middleware [MultiTenant] 🌐 Route TENANT_PUBLIC : /api/news/v1/medias/ | Tenant: civitas
DEBUG 2026-08-27 20:06:47,484 middleware [Auth] 🌐 Accès à la route publique : /api/referentiels/v1/organisations/
DEBUG 2026-08-27 20:06:47,484 middleware [JWTMiddleware] 🔍 Is authenticated route: False
DEBUG 2026-08-27 20:06:47,484 middleware [JWTMiddleware] 🔍 Is admin route: False
DEBUG 2026-08-27 20:06:47,484 middleware [JWTMiddleware] 🔍 Processing request: /api/news/v1/medias/
DEBUG 2026-08-27 20:06:47,486 middleware [JWTMiddleware] 🔍 Is admin route: False
DEBUG 2026-08-27 20:06:47,486 middleware [Auth] 🌐 Accès à la route publique : /api/referentiels/v1/etablissements/
DEBUG 2026-08-27 20:06:47,486 middleware [JWTMiddleware] 🔍 Is public route: True
DEBUG 2026-08-27 20:06:47,486 middleware [Auth] 🌐 Accès à la route publique : /api/referentiels/v1/categories/
DEBUG 2026-08-27 20:06:47,488 middleware [JWTMiddleware] 🔍 Is authenticated route: False
DEBUG 2026-08-27 20:06:47,491 middleware [JWTMiddleware] 🔍 Is admin route: False
DEBUG 2026-08-27 20:06:47,491 middleware [Auth] 🌐 Accès à la route publique : /api/news/v1/medias/
DEBUG 2026-08-27 20:06:53,399 middleware [TenantMiddleware] 🔍 Processing request: /api/news/v1/news/24
DEBUG 2026-08-27 20:06:53,399 middleware [TenantMiddleware] 🔍 Route type: TENANT_PUBLIC
DEBUG 2026-08-27 20:06:53,400 middleware [TenantMiddleware] 🔍 API Version: v1
DEBUG 2026-08-27 20:06:53,400 middleware [MultiTenant] Cache hit pour civitas -> civitas (civitas)
DEBUG 2026-08-27 20:06:53,400 middleware [MultiTenant] 🌐 Tenant résolu : civitas pour /api/news/v1/news/24
DEBUG 2026-08-27 20:06:53,400 middleware [MultiTenant] 🌐 Route TENANT_PUBLIC : /api/news/v1/news/24 | Tenant: civitas
DEBUG 2026-08-27 20:06:53,400 middleware [JWTMiddleware] 🔍 Processing request: /api/news/v1/news/24
DEBUG 2026-08-27 20:06:53,401 middleware [JWTMiddleware] 🔍 Is public route: True
DEBUG 2026-08-27 20:06:53,401 middleware [JWTMiddleware] 🔍 Is authenticated route: False
DEBUG 2026-08-27 20:06:53,401 middleware [JWTMiddleware] 🔍 Is admin route: False
DEBUG 2026-08-27 20:06:53,401 middleware [Auth] 🌐 Accès à la route publique : /api/news/v1/news/24
ERROR 2026-08-27 20:06:53,441 log Internal Server Error: /api/news/v1/news/24
Traceback (most recent call last):
  File "/home/president/Github/National/API_DYNAMIC_FRONTEND-main/Backend Core Base/venv/lib/python3.11/site-packages/django/core/handlers/exception.py", line 55, in inner
    response = get_response(request)
               ^^^^^^^^^^^^^^^^^^^^^
  File "/home/president/Github/National/API_DYNAMIC_FRONTEND-main/Backend Core Base/venv/lib/python3.11/site-packages/django/utils/deprecation.py", line 122, in __call__
    response = self.process_response(request, response)
               ^^^^^^^^^^^^^^^^^^^^^^^^^^^^^^^^^^^^^^^^
  File "/home/president/Github/National/API_DYNAMIC_FRONTEND-main/Backend Core Base/venv/lib/python3.11/site-packages/django/middleware/common.py", line 108, in process_response
    return self.response_redirect_class(self.get_full_path_with_slash(request))
                                        ^^^^^^^^^^^^^^^^^^^^^^^^^^^^^^^^^^^^^^
  File "/home/president/Github/National/API_DYNAMIC_FRONTEND-main/Backend Core Base/venv/lib/python3.11/site-packages/django/middleware/common.py", line 87, in get_full_path_with_slash
    raise RuntimeError(
RuntimeError: You called this URL via PATCH, but the URL doesn't end in a slash and you have APPEND_SLASH set. Django can't redirect to the slash URL while maintaining PATCH data. Change your form to point to localhost:8000/api/news/v1/news/24/ (note the trailing slash), or set APPEND_SLASH=False in your Django settings.
ERROR 2026-08-27 20:06:53,443 basehttp "PATCH /api/news/v1/news/24 HTTP/1.1" 500 25230
DEBUG 2026-08-27 20:07:01,636 middleware [TenantMiddleware] 🔍 Processing request: /api/news/v1/galerie/
DEBUG 2026-08-27 20:07:01,636 middleware [TenantMiddleware] 🔍 Route type: TENANT_PUBLIC
DEBUG 2026-08-27 20:07:01,637 middleware [TenantMiddleware] 🔍 API Version: v1
DEBUG 2026-08-27 20:07:01,637 middleware [MultiTenant] Cache hit pour civitas -> civitas (civitas)
DEBUG 2026-08-27 20:07:01,638 middleware [MultiTenant] 🌐 Tenant résolu : civitas pour /api/news/v1/galerie/
DEBUG 2026-08-27 20:07:01,638 middleware [MultiTenant] 🌐 Route TENANT_PUBLIC : /api/news/v1/galerie/ | Tenant: civitas
DEBUG 2026-08-27 20:07:01,639 middleware [JWTMiddleware] 🔍 Processing request: /api/news/v1/galerie/
DEBUG 2026-08-27 20:07:01,639 middleware [JWTMiddleware] 🔍 Is public route: True
DEBUG 2026-08-27 20:07:01,640 middleware [JWTMiddleware] 🔍 Is authenticated route: False
DEBUG 2026-08-27 20:07:01,640 middleware [JWTMiddleware] 🔍 Is admin route: False
DEBUG 2026-08-27 20:07:01,641 middleware [Auth] 🌐 Accès à la route publique : /api/news/v1/galerie/
DEBUG 2026-08-27 20:07:01,751 middleware [TenantMiddleware] 🔍 Processing request: /api/news/v1/galerie/
DEBUG 2026-08-27 20:07:01,752 middleware [TenantMiddleware] 🔍 Route type: TENANT_PUBLIC
DEBUG 2026-08-27 20:07:01,752 middleware [TenantMiddleware] 🔍 API Version: v1
DEBUG 2026-08-27 20:07:01,753 middleware [MultiTenant] Cache hit pour civitas -> civitas (civitas)
DEBUG 2026-08-27 20:07:01,753 middleware [MultiTenant] 🌐 Tenant résolu : civitas pour /api/news/v1/galerie/
DEBUG 2026-08-27 20:07:01,754 middleware [MultiTenant] 🌐 Route TENANT_PUBLIC : /api/news/v1/galerie/ | Tenant: civitas
DEBUG 2026-08-27 20:07:01,754 middleware [JWTMiddleware] 🔍 Processing request: /api/news/v1/galerie/
DEBUG 2026-08-27 20:07:01,755 middleware [JWTMiddleware] 🔍 Is public route: True
DEBUG 2026-08-27 20:07:01,755 middleware [JWTMiddleware] 🔍 Is authenticated route: False
DEBUG 2026-08-27 20:07:01,756 middleware [JWTMiddleware] 🔍 Is admin route: False
DEBUG 2026-08-27 20:07:01,756 middleware [Auth] 🌐 Accès à la route publique : /api/news/v1/galerie/
DEBUG 2026-08-27 20:07:03,077 middleware [TenantMiddleware] 🔍 Processing request: /api/news/v1/documents/
DEBUG 2026-08-27 20:07:03,078 middleware [TenantMiddleware] 🔍 Route type: TENANT_PUBLIC
DEBUG 2026-08-27 20:07:03,078 middleware [TenantMiddleware] 🔍 API Version: v1
DEBUG 2026-08-27 20:07:03,079 middleware [MultiTenant] Cache hit pour civitas -> civitas (civitas)
DEBUG 2026-08-27 20:07:03,079 middleware [MultiTenant] 🌐 Tenant résolu : civitas pour /api/news/v1/documents/
DEBUG 2026-08-27 20:07:03,080 middleware [MultiTenant] 🌐 Route TENANT_PUBLIC : /api/news/v1/documents/ | Tenant: civitas
DEBUG 2026-08-27 20:07:03,080 middleware [JWTMiddleware] 🔍 Processing request: /api/news/v1/documents/
DEBUG 2026-08-27 20:07:03,080 middleware [JWTMiddleware] 🔍 Is public route: True
DEBUG 2026-08-27 20:07:03,081 middleware [JWTMiddleware] 🔍 Is authenticated route: False
DEBUG 2026-08-27 20:07:03,081 middleware [JWTMiddleware] 🔍 Is admin route: False
DEBUG 2026-08-27 20:07:03,082 middleware [Auth] 🌐 Accès à la route publique : /api/news/v1/documents/
DEBUG 2026-08-27 20:07:03,198 middleware [TenantMiddleware] 🔍 Processing request: /api/news/v1/documents/
DEBUG 2026-08-27 20:07:03,199 middleware [TenantMiddleware] 🔍 Route type: TENANT_PUBLIC
DEBUG 2026-08-27 20:07:03,199 middleware [TenantMiddleware] 🔍 API Version: v1
DEBUG 2026-08-27 20:07:03,200 middleware [MultiTenant] Cache hit pour civitas -> civitas (civitas)
DEBUG 2026-08-27 20:07:03,200 middleware [MultiTenant] 🌐 Tenant résolu : civitas pour /api/news/v1/documents/
DEBUG 2026-08-27 20:07:03,201 middleware [MultiTenant] 🌐 Route TENANT_PUBLIC : /api/news/v1/documents/ | Tenant: civitas
DEBUG 2026-08-27 20:07:03,201 middleware [JWTMiddleware] 🔍 Processing request: /api/news/v1/documents/
DEBUG 2026-08-27 20:07:03,201 middleware [JWTMiddleware] 🔍 Is public route: True
DEBUG 2026-08-27 20:07:03,202 middleware [JWTMiddleware] 🔍 Is authenticated route: False
DEBUG 2026-08-27 20:07:03,202 middleware [JWTMiddleware] 🔍 Is admin route: False
DEBUG 2026-08-27 20:07:03,203 middleware [Auth] 🌐 Accès à la route publique : /api/news/v1/documents/
DEBUG 2026-08-27 20:07:04,106 middleware [TenantMiddleware] 🔍 Processing request: /api/news/v1/galerie/
DEBUG 2026-08-27 20:07:04,107 middleware [TenantMiddleware] 🔍 Route type: TENANT_PUBLIC
DEBUG 2026-08-27 20:07:04,107 middleware [TenantMiddleware] 🔍 API Version: v1
DEBUG 2026-08-27 20:07:04,108 middleware [MultiTenant] Cache hit pour civitas -> civitas (civitas)
DEBUG 2026-08-27 20:07:04,108 middleware [MultiTenant] 🌐 Tenant résolu : civitas pour /api/news/v1/galerie/
DEBUG 2026-08-27 20:07:04,109 middleware [MultiTenant] 🌐 Route TENANT_PUBLIC : /api/news/v1/galerie/ | Tenant: civitas
DEBUG 2026-08-27 20:07:04,109 middleware [JWTMiddleware] 🔍 Processing request: /api/news/v1/galerie/
DEBUG 2026-08-27 20:07:04,110 middleware [JWTMiddleware] 🔍 Is public route: True
DEBUG 2026-08-27 20:07:04,110 middleware [JWTMiddleware] 🔍 Is authenticated route: False
DEBUG 2026-08-27 20:07:04,111 middleware [JWTMiddleware] 🔍 Is admin route: False
DEBUG 2026-08-27 20:07:04,111 middleware [Auth] 🌐 Accès à la route publique : /api/news/v1/galerie/
DEBUG 2026-08-27 20:07:04,177 middleware [TenantMiddleware] 🔍 Processing request: /api/news/v1/galerie/
DEBUG 2026-08-27 20:07:04,178 middleware [TenantMiddleware] 🔍 Route type: TENANT_PUBLIC
DEBUG 2026-08-27 20:07:04,178 middleware [TenantMiddleware] 🔍 API Version: v1
DEBUG 2026-08-27 20:07:04,179 middleware [MultiTenant] Cache hit pour civitas -> civitas (civitas)
DEBUG 2026-08-27 20:07:04,180 middleware [MultiTenant] 🌐 Tenant résolu : civitas pour /api/news/v1/galerie/
DEBUG 2026-08-27 20:07:04,180 middleware [MultiTenant] 🌐 Route TENANT_PUBLIC : /api/news/v1/galerie/ | Tenant: civitas
DEBUG 2026-08-27 20:07:04,181 middleware [JWTMiddleware] 🔍 Processing request: /api/news/v1/galerie/
DEBUG 2026-08-27 20:07:04,181 middleware [JWTMiddleware] 🔍 Is public route: True
DEBUG 2026-08-27 20:07:04,182 middleware [JWTMiddleware] 🔍 Is authenticated route: False
DEBUG 2026-08-27 20:07:04,182 middleware [JWTMiddleware] 🔍 Is admin route: False
DEBUG 2026-08-27 20:07:04,183 middleware [Auth] 🌐 Accès à la route publique : /api/news/v1/galerie/
DEBUG 2026-08-27 20:07:05,251 middleware [TenantMiddleware] 🔍 Processing request: /api/news/v1/documents/
DEBUG 2026-08-27 20:07:05,251 middleware [TenantMiddleware] 🔍 Route type: TENANT_PUBLIC
DEBUG 2026-08-27 20:07:05,252 middleware [TenantMiddleware] 🔍 API Version: v1
DEBUG 2026-08-27 20:07:05,252 middleware [MultiTenant] Cache hit pour civitas -> civitas (civitas)
DEBUG 2026-08-27 20:07:05,253 middleware [MultiTenant] 🌐 Tenant résolu : civitas pour /api/news/v1/documents/
DEBUG 2026-08-27 20:07:05,253 middleware [MultiTenant] 🌐 Route TENANT_PUBLIC : /api/news/v1/documents/ | Tenant: civitas
DEBUG 2026-08-27 20:07:05,254 middleware [JWTMiddleware] 🔍 Processing request: /api/news/v1/documents/
DEBUG 2026-08-27 20:07:05,254 middleware [JWTMiddleware] 🔍 Is public route: True
DEBUG 2026-08-27 20:07:05,254 middleware [JWTMiddleware] 🔍 Is authenticated route: False
DEBUG 2026-08-27 20:07:05,255 middleware [JWTMiddleware] 🔍 Is admin route: False
DEBUG 2026-08-27 20:07:05,255 middleware [Auth] 🌐 Accès à la route publique : /api/news/v1/documents/
DEBUG 2026-08-27 20:07:05,335 middleware [TenantMiddleware] 🔍 Processing request: /api/news/v1/documents/
DEBUG 2026-08-27 20:07:05,336 middleware [TenantMiddleware] 🔍 Route type: TENANT_PUBLIC
DEBUG 2026-08-27 20:07:05,337 middleware [TenantMiddleware] 🔍 API Version: v1
DEBUG 2026-08-27 20:07:05,338 middleware [MultiTenant] Cache hit pour civitas -> civitas (civitas)
DEBUG 2026-08-27 20:07:05,338 middleware [MultiTenant] 🌐 Tenant résolu : civitas pour /api/news/v1/documents/
DEBUG 2026-08-27 20:07:05,339 middleware [MultiTenant] 🌐 Route TENANT_PUBLIC : /api/news/v1/documents/ | Tenant: civitas
DEBUG 2026-08-27 20:07:05,339 middleware [JWTMiddleware] 🔍 Processing request: /api/news/v1/documents/
DEBUG 2026-08-27 20:07:05,340 middleware [JWTMiddleware] 🔍 Is public route: True
DEBUG 2026-08-27 20:07:05,340 middleware [JWTMiddleware] 🔍 Is authenticated route: False
DEBUG 2026-08-27 20:07:05,341 middleware [JWTMiddleware] 🔍 Is admin route: False
DEBUG 2026-08-27 20:07:05,341 middleware [Auth] 🌐 Accès à la route publique : /api/news/v1/documents/
DEBUG 2026-08-27 20:07:06,944 middleware [TenantMiddleware] 🔍 Processing request: /api/news/v1/medias/
DEBUG 2026-08-27 20:07:06,944 middleware [TenantMiddleware] 🔍 Route type: TENANT_PUBLIC
DEBUG 2026-08-27 20:07:06,945 middleware [TenantMiddleware] 🔍 API Version: v1
DEBUG 2026-08-27 20:07:06,945 middleware [MultiTenant] Cache hit pour civitas -> civitas (civitas)
DEBUG 2026-08-27 20:07:06,946 middleware [MultiTenant] 🌐 Tenant résolu : civitas pour /api/news/v1/medias/
DEBUG 2026-08-27 20:07:06,946 middleware [MultiTenant] 🌐 Route TENANT_PUBLIC : /api/news/v1/medias/ | Tenant: civitas
DEBUG 2026-08-27 20:07:06,946 middleware [JWTMiddleware] 🔍 Processing request: /api/news/v1/medias/
DEBUG 2026-08-27 20:07:06,947 middleware [JWTMiddleware] 🔍 Is public route: True
DEBUG 2026-08-27 20:07:06,947 middleware [JWTMiddleware] 🔍 Is authenticated route: False
DEBUG 2026-08-27 20:07:06,947 middleware [JWTMiddleware] 🔍 Is admin route: False
DEBUG 2026-08-27 20:07:06,948 middleware [Auth] 🌐 Accès à la route publique : /api/news/v1/medias/
DEBUG 2026-08-27 20:07:07,016 middleware [TenantMiddleware] 🔍 Processing request: /api/news/v1/medias/
DEBUG 2026-08-27 20:07:07,017 middleware [TenantMiddleware] 🔍 Route type: TENANT_PUBLIC
DEBUG 2026-08-27 20:07:07,017 middleware [TenantMiddleware] 🔍 API Version: v1
DEBUG 2026-08-27 20:07:07,018 middleware [MultiTenant] Cache hit pour civitas -> civitas (civitas)
DEBUG 2026-08-27 20:07:07,019 middleware [MultiTenant] 🌐 Tenant résolu : civitas pour /api/news/v1/medias/
DEBUG 2026-08-27 20:07:07,019 middleware [MultiTenant] 🌐 Route TENANT_PUBLIC : /api/news/v1/medias/ | Tenant: civitas
DEBUG 2026-08-27 20:07:07,019 middleware [JWTMiddleware] 🔍 Processing request: /api/news/v1/medias/
DEBUG 2026-08-27 20:07:07,020 middleware [JWTMiddleware] 🔍 Is public route: True
DEBUG 2026-08-27 20:07:07,020 middleware [JWTMiddleware] 🔍 Is authenticated route: False
DEBUG 2026-08-27 20:07:07,021 middleware [JWTMiddleware] 🔍 Is admin route: False
DEBUG 2026-08-27 20:07:07,021 middleware [Auth] 🌐 Accès à la route publique : /api/news/v1/medias/
DEBUG 2026-08-27 20:07:22,811 middleware [TenantMiddleware] 🔍 Processing request: /api/news/v1/news/24
DEBUG 2026-08-27 20:07:22,812 middleware [TenantMiddleware] 🔍 Route type: TENANT_PUBLIC
DEBUG 2026-08-27 20:07:22,812 middleware [TenantMiddleware] 🔍 API Version: v1
DEBUG 2026-08-27 20:07:22,813 middleware [MultiTenant] Cache hit pour civitas -> civitas (civitas)
DEBUG 2026-08-27 20:07:22,813 middleware [MultiTenant] 🌐 Tenant résolu : civitas pour /api/news/v1/news/24
DEBUG 2026-08-27 20:07:22,814 middleware [MultiTenant] 🌐 Route TENANT_PUBLIC : /api/news/v1/news/24 | Tenant: civitas
DEBUG 2026-08-27 20:07:22,814 middleware [JWTMiddleware] 🔍 Processing request: /api/news/v1/news/24
DEBUG 2026-08-27 20:07:22,815 middleware [JWTMiddleware] 🔍 Is public route: True
DEBUG 2026-08-27 20:07:22,815 middleware [JWTMiddleware] 🔍 Is authenticated route: False
DEBUG 2026-08-27 20:07:22,816 middleware [JWTMiddleware] 🔍 Is admin route: False
DEBUG 2026-08-27 20:07:22,816 middleware [Auth] 🌐 Accès à la route publique : /api/news/v1/news/24
ERROR 2026-08-27 20:07:22,867 log Internal Server Error: /api/news/v1/news/24
Traceback (most recent call last):
  File "/home/president/Github/National/API_DYNAMIC_FRONTEND-main/Backend Core Base/venv/lib/python3.11/site-packages/django/core/handlers/exception.py", line 55, in inner
    response = get_response(request)
               ^^^^^^^^^^^^^^^^^^^^^
  File "/home/president/Github/National/API_DYNAMIC_FRONTEND-main/Backend Core Base/venv/lib/python3.11/site-packages/django/utils/deprecation.py", line 122, in __call__
    response = self.process_response(request, response)
               ^^^^^^^^^^^^^^^^^^^^^^^^^^^^^^^^^^^^^^^^
  File "/home/president/Github/National/API_DYNAMIC_FRONTEND-main/Backend Core Base/venv/lib/python3.11/site-packages/django/middleware/common.py", line 108, in process_response
    return self.response_redirect_class(self.get_full_path_with_slash(request))
                                        ^^^^^^^^^^^^^^^^^^^^^^^^^^^^^^^^^^^^^^
  File "/home/president/Github/National/API_DYNAMIC_FRONTEND-main/Backend Core Base/venv/lib/python3.11/site-packages/django/middleware/common.py", line 87, in get_full_path_with_slash
    raise RuntimeError(
RuntimeError: You called this URL via PATCH, but the URL doesn't end in a slash and you have APPEND_SLASH set. Django can't redirect to the slash URL while maintaining PATCH data. Change your form to point to localhost:8000/api/news/v1/news/24/ (note the trailing slash), or set APPEND_SLASH=False in your Django settings.
ERROR 2026-08-27 20:07:22,869 basehttp "PATCH /api/news/v1/news/24 HTTP/1.1" 500 25229
DEBUG 2026-08-27 20:08:53,380 middleware [TenantMiddleware] 🔍 Processing request: /api/notifications/v1/notifications/
DEBUG 2026-08-27 20:08:53,381 middleware [TenantMiddleware] 🔍 Processing request: /api/users/v1/users/me/
DEBUG 2026-08-27 20:08:53,381 middleware [TenantMiddleware] 🔍 Route type: AUTHENTICATED
DEBUG 2026-08-27 20:08:53,381 middleware [TenantMiddleware] 🔍 Route type: AUTHENTICATED
DEBUG 2026-08-27 20:08:53,381 middleware [TenantMiddleware] 🔍 API Version: v1
DEBUG 2026-08-27 20:08:53,381 middleware [TenantMiddleware] 🔍 API Version: v1
DEBUG 2026-08-27 20:08:53,382 middleware [MultiTenant] Cache hit pour civitas -> civitas (civitas)
DEBUG 2026-08-27 20:08:53,382 middleware [MultiTenant] Cache hit pour civitas -> civitas (civitas)
DEBUG 2026-08-27 20:08:53,382 middleware [MultiTenant] 🌐 Tenant résolu : civitas pour /api/users/v1/users/me/
DEBUG 2026-08-27 20:08:53,383 middleware [MultiTenant] 🔐 Route AUTHENTICATED : /api/users/v1/users/me/ | Tenant: civitas
DEBUG 2026-08-27 20:08:53,383 middleware [JWTMiddleware] 🔍 Processing request: /api/users/v1/users/me/
DEBUG 2026-08-27 20:08:53,383 middleware [JWTMiddleware] 🔍 Is public route: False
DEBUG 2026-08-27 20:08:53,383 middleware [JWTMiddleware] 🔍 Is authenticated route: True
DEBUG 2026-08-27 20:08:53,383 middleware [JWTMiddleware] 🔍 Is admin route: False
DEBUG 2026-08-27 20:08:53,383 middleware [Auth] Token extrait du header Authorization
DEBUG 2026-08-27 20:08:53,385 middleware [MultiTenant] 🌐 Tenant résolu : civitas pour /api/notifications/v1/notifications/
DEBUG 2026-08-27 20:08:53,385 middleware [MultiTenant] 🔐 Route AUTHENTICATED : /api/notifications/v1/notifications/ | Tenant: civitas
DEBUG 2026-08-27 20:08:53,385 middleware [JWTMiddleware] 🔍 Processing request: /api/notifications/v1/notifications/
DEBUG 2026-08-27 20:08:53,385 middleware [JWTMiddleware] 🔍 Is public route: False
DEBUG 2026-08-27 20:08:53,385 middleware [JWTMiddleware] 🔍 Is authenticated route: True
DEBUG 2026-08-27 20:08:53,385 middleware [JWTMiddleware] 🔍 Is admin route: False
DEBUG 2026-08-27 20:08:53,385 middleware [Auth] Token extrait du header Authorization
DEBUG 2026-08-27 20:08:53,409 middleware [Auth] 🔐 Utilisateur authentifié : admin (ID: 1)
DEBUG 2026-08-27 20:08:53,409 middleware [Auth] ✅ Accès autorisé pour utilisateur authentifié : admin
DEBUG 2026-08-27 20:08:53,412 middleware [Auth] 🔐 Utilisateur authentifié : admin (ID: 1)
DEBUG 2026-08-27 20:08:53,412 middleware [Auth] ✅ Accès autorisé pour utilisateur authentifié : admin
DEBUG 2026-08-27 20:08:53,719 middleware [TenantMiddleware] 🔍 Processing request: /api/news/v1/news/24/
DEBUG 2026-08-27 20:08:53,719 middleware [TenantMiddleware] 🔍 Route type: TENANT_PUBLIC
DEBUG 2026-08-27 20:08:53,719 middleware [TenantMiddleware] 🔍 API Version: v1
DEBUG 2026-08-27 20:08:53,720 middleware [MultiTenant] Cache hit pour civitas -> civitas (civitas)
DEBUG 2026-08-27 20:08:53,720 middleware [MultiTenant] 🌐 Tenant résolu : civitas pour /api/news/v1/news/24/
DEBUG 2026-08-27 20:08:53,720 middleware [MultiTenant] 🌐 Route TENANT_PUBLIC : /api/news/v1/news/24/ | Tenant: civitas
DEBUG 2026-08-27 20:08:53,720 middleware [JWTMiddleware] 🔍 Processing request: /api/news/v1/news/24/
DEBUG 2026-08-27 20:08:53,720 middleware [JWTMiddleware] 🔍 Is public route: True
DEBUG 2026-08-27 20:08:53,721 middleware [JWTMiddleware] 🔍 Is authenticated route: False
DEBUG 2026-08-27 20:08:53,721 middleware [JWTMiddleware] 🔍 Is admin route: False
DEBUG 2026-08-27 20:08:53,721 middleware [Auth] 🌐 Accès à la route publique : /api/news/v1/news/24/
DEBUG 2026-08-27 20:08:53,806 middleware [TenantMiddleware] 🔍 Processing request: /api/news/v1/news/24/
DEBUG 2026-08-27 20:08:53,806 middleware [TenantMiddleware] 🔍 Route type: TENANT_PUBLIC
DEBUG 2026-08-27 20:08:53,806 middleware [TenantMiddleware] 🔍 API Version: v1
DEBUG 2026-08-27 20:08:53,806 middleware [MultiTenant] Cache hit pour civitas -> civitas (civitas)
DEBUG 2026-08-27 20:08:53,806 middleware [MultiTenant] 🌐 Tenant résolu : civitas pour /api/news/v1/news/24/
DEBUG 2026-08-27 20:08:53,806 middleware [MultiTenant] 🌐 Route TENANT_PUBLIC : /api/news/v1/news/24/ | Tenant: civitas
DEBUG 2026-08-27 20:08:53,807 middleware [JWTMiddleware] 🔍 Processing request: /api/news/v1/news/24/
DEBUG 2026-08-27 20:08:53,807 middleware [JWTMiddleware] 🔍 Is public route: True
DEBUG 2026-08-27 20:08:53,807 middleware [JWTMiddleware] 🔍 Is authenticated route: False
DEBUG 2026-08-27 20:08:53,807 middleware [JWTMiddleware] 🔍 Is admin route: False
DEBUG 2026-08-27 20:08:53,807 middleware [Auth] 🌐 Accès à la route publique : /api/news/v1/news/24/
DEBUG 2026-08-27 20:08:54,116 middleware [TenantMiddleware] 🔍 Processing request: /api/referentiels/v1/categories/
DEBUG 2026-08-27 20:08:54,117 middleware [TenantMiddleware] 🔍 Processing request: /api/referentiels/v1/organisations/
DEBUG 2026-08-27 20:08:54,118 middleware [TenantMiddleware] 🔍 Processing request: /api/referentiels/v1/etablissements/
DEBUG 2026-08-27 20:08:54,119 middleware [TenantMiddleware] 🔍 Processing request: /api/news/v1/medias/
DEBUG 2026-08-27 20:08:54,119 middleware [TenantMiddleware] 🔍 Route type: TENANT_PUBLIC
DEBUG 2026-08-27 20:08:54,119 middleware [TenantMiddleware] 🔍 Route type: TENANT_PUBLIC
DEBUG 2026-08-27 20:08:54,119 middleware [TenantMiddleware] 🔍 Route type: TENANT_PUBLIC
DEBUG 2026-08-27 20:08:54,120 middleware [TenantMiddleware] 🔍 Route type: TENANT_PUBLIC
DEBUG 2026-08-27 20:08:54,120 middleware [TenantMiddleware] 🔍 API Version: v1
DEBUG 2026-08-27 20:08:54,120 middleware [TenantMiddleware] 🔍 API Version: v1
DEBUG 2026-08-27 20:08:54,120 middleware [TenantMiddleware] 🔍 API Version: v1
DEBUG 2026-08-27 20:08:54,120 middleware [TenantMiddleware] 🔍 API Version: v1
DEBUG 2026-08-27 20:08:54,121 middleware [MultiTenant] Cache hit pour civitas -> civitas (civitas)
DEBUG 2026-08-27 20:08:54,121 middleware [MultiTenant] Cache hit pour civitas -> civitas (civitas)
DEBUG 2026-08-27 20:08:54,122 middleware [MultiTenant] Cache hit pour civitas -> civitas (civitas)
DEBUG 2026-08-27 20:08:54,122 middleware [MultiTenant] Cache hit pour civitas -> civitas (civitas)
DEBUG 2026-08-27 20:08:54,122 middleware [MultiTenant] 🌐 Tenant résolu : civitas pour /api/referentiels/v1/categories/
DEBUG 2026-08-27 20:08:54,122 middleware [MultiTenant] 🌐 Tenant résolu : civitas pour /api/referentiels/v1/organisations/
DEBUG 2026-08-27 20:08:54,123 middleware [MultiTenant] 🌐 Tenant résolu : civitas pour /api/referentiels/v1/etablissements/
DEBUG 2026-08-27 20:08:54,123 middleware [MultiTenant] 🌐 Tenant résolu : civitas pour /api/news/v1/medias/
DEBUG 2026-08-27 20:08:54,123 middleware [MultiTenant] 🌐 Route TENANT_PUBLIC : /api/referentiels/v1/categories/ | Tenant: civitas
DEBUG 2026-08-27 20:08:54,123 middleware [MultiTenant] 🌐 Route TENANT_PUBLIC : /api/referentiels/v1/organisations/ | Tenant: civitas
DEBUG 2026-08-27 20:08:54,123 middleware [MultiTenant] 🌐 Route TENANT_PUBLIC : /api/referentiels/v1/etablissements/ | Tenant: civitas
DEBUG 2026-08-27 20:08:54,124 middleware [MultiTenant] 🌐 Route TENANT_PUBLIC : /api/news/v1/medias/ | Tenant: civitas
DEBUG 2026-08-27 20:08:54,124 middleware [JWTMiddleware] 🔍 Processing request: /api/referentiels/v1/categories/
DEBUG 2026-08-27 20:08:54,124 middleware [JWTMiddleware] 🔍 Processing request: /api/referentiels/v1/organisations/
DEBUG 2026-08-27 20:08:54,124 middleware [JWTMiddleware] 🔍 Processing request: /api/referentiels/v1/etablissements/
DEBUG 2026-08-27 20:08:54,124 middleware [JWTMiddleware] 🔍 Processing request: /api/news/v1/medias/
DEBUG 2026-08-27 20:08:54,124 middleware [JWTMiddleware] 🔍 Is public route: True
DEBUG 2026-08-27 20:08:54,125 middleware [JWTMiddleware] 🔍 Is public route: True
DEBUG 2026-08-27 20:08:54,125 middleware [JWTMiddleware] 🔍 Is public route: True
DEBUG 2026-08-27 20:08:54,125 middleware [JWTMiddleware] 🔍 Is public route: True
DEBUG 2026-08-27 20:08:54,125 middleware [JWTMiddleware] 🔍 Is authenticated route: False
DEBUG 2026-08-27 20:08:54,125 middleware [JWTMiddleware] 🔍 Is authenticated route: False
DEBUG 2026-08-27 20:08:54,126 middleware [JWTMiddleware] 🔍 Is authenticated route: False
DEBUG 2026-08-27 20:08:54,126 middleware [JWTMiddleware] 🔍 Is authenticated route: False
DEBUG 2026-08-27 20:08:54,126 middleware [JWTMiddleware] 🔍 Is admin route: False
DEBUG 2026-08-27 20:08:54,126 middleware [JWTMiddleware] 🔍 Is admin route: False
DEBUG 2026-08-27 20:08:54,127 middleware [JWTMiddleware] 🔍 Is admin route: False
DEBUG 2026-08-27 20:08:54,127 middleware [JWTMiddleware] 🔍 Is admin route: False
DEBUG 2026-08-27 20:08:54,127 middleware [Auth] 🌐 Accès à la route publique : /api/referentiels/v1/categories/
DEBUG 2026-08-27 20:08:54,127 middleware [Auth] 🌐 Accès à la route publique : /api/referentiels/v1/organisations/
DEBUG 2026-08-27 20:08:54,127 middleware [Auth] 🌐 Accès à la route publique : /api/referentiels/v1/etablissements/
DEBUG 2026-08-27 20:08:54,128 middleware [Auth] 🌐 Accès à la route publique : /api/news/v1/medias/
DEBUG 2026-08-27 20:08:54,171 middleware [TenantMiddleware] 🔍 Processing request: /api/referentiels/v1/categories/
DEBUG 2026-08-27 20:08:54,181 middleware [TenantMiddleware] 🔍 Route type: TENANT_PUBLIC
DEBUG 2026-08-27 20:08:54,182 middleware [TenantMiddleware] 🔍 API Version: v1
DEBUG 2026-08-27 20:08:54,183 middleware [MultiTenant] Cache hit pour civitas -> civitas (civitas)
DEBUG 2026-08-27 20:08:54,184 middleware [MultiTenant] 🌐 Tenant résolu : civitas pour /api/referentiels/v1/categories/
DEBUG 2026-08-27 20:08:54,185 middleware [MultiTenant] 🌐 Route TENANT_PUBLIC : /api/referentiels/v1/categories/ | Tenant: civitas
DEBUG 2026-08-27 20:08:54,185 middleware [JWTMiddleware] 🔍 Processing request: /api/referentiels/v1/categories/
DEBUG 2026-08-27 20:08:54,185 middleware [JWTMiddleware] 🔍 Is public route: True
DEBUG 2026-08-27 20:08:54,185 middleware [JWTMiddleware] 🔍 Is authenticated route: False
DEBUG 2026-08-27 20:08:54,185 middleware [JWTMiddleware] 🔍 Is admin route: False
DEBUG 2026-08-27 20:08:54,186 middleware [Auth] 🌐 Accès à la route publique : /api/referentiels/v1/categories/
DEBUG 2026-08-27 20:08:54,188 middleware [TenantMiddleware] 🔍 Processing request: /api/news/v1/medias/
DEBUG 2026-08-27 20:08:54,189 middleware [TenantMiddleware] 🔍 Processing request: /api/referentiels/v1/organisations/
DEBUG 2026-08-27 20:08:54,189 middleware [TenantMiddleware] 🔍 Processing request: /api/referentiels/v1/etablissements/
DEBUG 2026-08-27 20:08:54,189 middleware [TenantMiddleware] 🔍 Route type: TENANT_PUBLIC
DEBUG 2026-08-27 20:08:54,190 middleware [TenantMiddleware] 🔍 Route type: TENANT_PUBLIC
DEBUG 2026-08-27 20:08:54,190 middleware [TenantMiddleware] 🔍 Route type: TENANT_PUBLIC
DEBUG 2026-08-27 20:08:54,190 middleware [TenantMiddleware] 🔍 API Version: v1
DEBUG 2026-08-27 20:08:54,190 middleware [TenantMiddleware] 🔍 API Version: v1
DEBUG 2026-08-27 20:08:54,190 middleware [TenantMiddleware] 🔍 API Version: v1
DEBUG 2026-08-27 20:08:54,191 middleware [MultiTenant] Cache hit pour civitas -> civitas (civitas)
DEBUG 2026-08-27 20:08:54,191 middleware [MultiTenant] Cache hit pour civitas -> civitas (civitas)
DEBUG 2026-08-27 20:08:54,192 middleware [MultiTenant] Cache hit pour civitas -> civitas (civitas)
DEBUG 2026-08-27 20:08:54,192 middleware [MultiTenant] 🌐 Tenant résolu : civitas pour /api/news/v1/medias/
DEBUG 2026-08-27 20:08:54,192 middleware [MultiTenant] 🌐 Tenant résolu : civitas pour /api/referentiels/v1/organisations/
DEBUG 2026-08-27 20:08:54,192 middleware [MultiTenant] 🌐 Tenant résolu : civitas pour /api/referentiels/v1/etablissements/
DEBUG 2026-08-27 20:08:54,192 middleware [MultiTenant] 🌐 Route TENANT_PUBLIC : /api/news/v1/medias/ | Tenant: civitas
DEBUG 2026-08-27 20:08:54,193 middleware [MultiTenant] 🌐 Route TENANT_PUBLIC : /api/referentiels/v1/organisations/ | Tenant: civitas
DEBUG 2026-08-27 20:08:54,193 middleware [MultiTenant] 🌐 Route TENANT_PUBLIC : /api/referentiels/v1/etablissements/ | Tenant: civitas
DEBUG 2026-08-27 20:08:54,193 middleware [JWTMiddleware] 🔍 Processing request: /api/news/v1/medias/
DEBUG 2026-08-27 20:08:54,193 middleware [JWTMiddleware] 🔍 Processing request: /api/referentiels/v1/organisations/
DEBUG 2026-08-27 20:08:54,194 middleware [JWTMiddleware] 🔍 Processing request: /api/referentiels/v1/etablissements/
DEBUG 2026-08-27 20:08:54,194 middleware [JWTMiddleware] 🔍 Is public route: True
DEBUG 2026-08-27 20:08:54,195 middleware [JWTMiddleware] 🔍 Is authenticated route: False
DEBUG 2026-08-27 20:08:54,195 middleware [JWTMiddleware] 🔍 Is admin route: False
DEBUG 2026-08-27 20:08:54,196 middleware [Auth] 🌐 Accès à la route publique : /api/news/v1/medias/
DEBUG 2026-08-27 20:08:54,194 middleware [JWTMiddleware] 🔍 Is public route: True
DEBUG 2026-08-27 20:08:54,195 middleware [JWTMiddleware] 🔍 Is public route: True
DEBUG 2026-08-27 20:08:54,198 middleware [JWTMiddleware] 🔍 Is authenticated route: False
DEBUG 2026-08-27 20:08:54,199 middleware [JWTMiddleware] 🔍 Is authenticated route: False
DEBUG 2026-08-27 20:08:54,199 middleware [JWTMiddleware] 🔍 Is admin route: False
DEBUG 2026-08-27 20:08:54,199 middleware [JWTMiddleware] 🔍 Is admin route: False
DEBUG 2026-08-27 20:08:54,199 middleware [Auth] 🌐 Accès à la route publique : /api/referentiels/v1/organisations/
DEBUG 2026-08-27 20:08:54,199 middleware [Auth] 🌐 Accès à la route publique : /api/referentiels/v1/etablissements/
DEBUG 2026-08-27 20:08:58,282 middleware [TenantMiddleware] 🔍 Processing request: /api/news/v1/news/24
DEBUG 2026-08-27 20:08:58,282 middleware [TenantMiddleware] 🔍 Route type: TENANT_PUBLIC
DEBUG 2026-08-27 20:08:58,282 middleware [TenantMiddleware] 🔍 API Version: v1
DEBUG 2026-08-27 20:08:58,283 middleware [MultiTenant] Cache hit pour civitas -> civitas (civitas)
DEBUG 2026-08-27 20:08:58,283 middleware [MultiTenant] 🌐 Tenant résolu : civitas pour /api/news/v1/news/24
DEBUG 2026-08-27 20:08:58,283 middleware [MultiTenant] 🌐 Route TENANT_PUBLIC : /api/news/v1/news/24 | Tenant: civitas
DEBUG 2026-08-27 20:08:58,283 middleware [JWTMiddleware] 🔍 Processing request: /api/news/v1/news/24
DEBUG 2026-08-27 20:08:58,283 middleware [JWTMiddleware] 🔍 Is public route: True
DEBUG 2026-08-27 20:08:58,283 middleware [JWTMiddleware] 🔍 Is authenticated route: False
DEBUG 2026-08-27 20:08:58,283 middleware [JWTMiddleware] 🔍 Is admin route: False
DEBUG 2026-08-27 20:08:58,284 middleware [Auth] 🌐 Accès à la route publique : /api/news/v1/news/24
ERROR 2026-08-27 20:08:58,316 log Internal Server Error: /api/news/v1/news/24
Traceback (most recent call last):
  File "/home/president/Github/National/API_DYNAMIC_FRONTEND-main/Backend Core Base/venv/lib/python3.11/site-packages/django/core/handlers/exception.py", line 55, in inner
    response = get_response(request)
               ^^^^^^^^^^^^^^^^^^^^^
  File "/home/president/Github/National/API_DYNAMIC_FRONTEND-main/Backend Core Base/venv/lib/python3.11/site-packages/django/utils/deprecation.py", line 122, in __call__
    response = self.process_response(request, response)
               ^^^^^^^^^^^^^^^^^^^^^^^^^^^^^^^^^^^^^^^^
  File "/home/president/Github/National/API_DYNAMIC_FRONTEND-main/Backend Core Base/venv/lib/python3.11/site-packages/django/middleware/common.py", line 108, in process_response
    return self.response_redirect_class(self.get_full_path_with_slash(request))
                                        ^^^^^^^^^^^^^^^^^^^^^^^^^^^^^^^^^^^^^^
  File "/home/president/Github/National/API_DYNAMIC_FRONTEND-main/Backend Core Base/venv/lib/python3.11/site-packages/django/middleware/common.py", line 87, in get_full_path_with_slash
    raise RuntimeError(
RuntimeError: You called this URL via PATCH, but the URL doesn't end in a slash and you have APPEND_SLASH set. Django can't redirect to the slash URL while maintaining PATCH data. Change your form to point to localhost:8000/api/news/v1/news/24/ (note the trailing slash), or set APPEND_SLASH=False in your Django settings.
ERROR 2026-08-27 20:08:58,317 basehttp "PATCH /api/news/v1/news/24 HTTP/1.1" 500 25282
DEBUG 2026-08-27 20:09:01,569 middleware [TenantMiddleware] 🔍 Processing request: /api/news/v1/news/24
DEBUG 2026-08-27 20:09:01,570 middleware [TenantMiddleware] 🔍 Route type: TENANT_PUBLIC
DEBUG 2026-08-27 20:09:01,570 middleware [TenantMiddleware] 🔍 API Version: v1
DEBUG 2026-08-27 20:09:01,571 middleware [MultiTenant] Cache hit pour civitas -> civitas (civitas)
DEBUG 2026-08-27 20:09:01,571 middleware [MultiTenant] 🌐 Tenant résolu : civitas pour /api/news/v1/news/24
DEBUG 2026-08-27 20:09:01,572 middleware [MultiTenant] 🌐 Route TENANT_PUBLIC : /api/news/v1/news/24 | Tenant: civitas
DEBUG 2026-08-27 20:09:01,572 middleware [JWTMiddleware] 🔍 Processing request: /api/news/v1/news/24
DEBUG 2026-08-27 20:09:01,572 middleware [JWTMiddleware] 🔍 Is public route: True
DEBUG 2026-08-27 20:09:01,573 middleware [JWTMiddleware] 🔍 Is authenticated route: False
DEBUG 2026-08-27 20:09:01,573 middleware [JWTMiddleware] 🔍 Is admin route: False
DEBUG 2026-08-27 20:09:01,574 middleware [Auth] 🌐 Accès à la route publique : /api/news/v1/news/24
ERROR 2026-08-27 20:09:01,612 log Internal Server Error: /api/news/v1/news/24
Traceback (most recent call last):
  File "/home/president/Github/National/API_DYNAMIC_FRONTEND-main/Backend Core Base/venv/lib/python3.11/site-packages/django/core/handlers/exception.py", line 55, in inner
    response = get_response(request)
               ^^^^^^^^^^^^^^^^^^^^^
  File "/home/president/Github/National/API_DYNAMIC_FRONTEND-main/Backend Core Base/venv/lib/python3.11/site-packages/django/utils/deprecation.py", line 122, in __call__
    response = self.process_response(request, response)
               ^^^^^^^^^^^^^^^^^^^^^^^^^^^^^^^^^^^^^^^^
  File "/home/president/Github/National/API_DYNAMIC_FRONTEND-main/Backend Core Base/venv/lib/python3.11/site-packages/django/middleware/common.py", line 108, in process_response
    return self.response_redirect_class(self.get_full_path_with_slash(request))
                                        ^^^^^^^^^^^^^^^^^^^^^^^^^^^^^^^^^^^^^^
  File "/home/president/Github/National/API_DYNAMIC_FRONTEND-main/Backend Core Base/venv/lib/python3.11/site-packages/django/middleware/common.py", line 87, in get_full_path_with_slash
    raise RuntimeError(
RuntimeError: You called this URL via PATCH, but the URL doesn't end in a slash and you have APPEND_SLASH set. Django can't redirect to the slash URL while maintaining PATCH data. Change your form to point to localhost:8000/api/news/v1/news/24/ (note the trailing slash), or set APPEND_SLASH=False in your Django settings.
ERROR 2026-08-27 20:09:01,613 basehttp "PATCH /api/news/v1/news/24 HTTP/1.1" 500 25282
DEBUG 2026-08-27 20:09:02,440 middleware [TenantMiddleware] 🔍 Processing request: /api/news/v1/news/24
DEBUG 2026-08-27 20:09:02,441 middleware [TenantMiddleware] 🔍 Route type: TENANT_PUBLIC
DEBUG 2026-08-27 20:09:02,441 middleware [TenantMiddleware] 🔍 API Version: v1
DEBUG 2026-08-27 20:09:02,442 middleware [MultiTenant] Cache hit pour civitas -> civitas (civitas)
DEBUG 2026-08-27 20:09:02,443 middleware [MultiTenant] 🌐 Tenant résolu : civitas pour /api/news/v1/news/24
DEBUG 2026-08-27 20:09:02,443 middleware [MultiTenant] 🌐 Route TENANT_PUBLIC : /api/news/v1/news/24 | Tenant: civitas
DEBUG 2026-08-27 20:09:02,444 middleware [JWTMiddleware] 🔍 Processing request: /api/news/v1/news/24
DEBUG 2026-08-27 20:09:02,444 middleware [JWTMiddleware] 🔍 Is public route: True
DEBUG 2026-08-27 20:09:02,445 middleware [JWTMiddleware] 🔍 Is authenticated route: False
DEBUG 2026-08-27 20:09:02,445 middleware [JWTMiddleware] 🔍 Is admin route: False
DEBUG 2026-08-27 20:09:02,446 middleware [Auth] 🌐 Accès à la route publique : /api/news/v1/news/24
ERROR 2026-08-27 20:09:02,516 log Internal Server Error: /api/news/v1/news/24
Traceback (most recent call last):
  File "/home/president/Github/National/API_DYNAMIC_FRONTEND-main/Backend Core Base/venv/lib/python3.11/site-packages/django/core/handlers/exception.py", line 55, in inner
    response = get_response(request)
               ^^^^^^^^^^^^^^^^^^^^^
  File "/home/president/Github/National/API_DYNAMIC_FRONTEND-main/Backend Core Base/venv/lib/python3.11/site-packages/django/utils/deprecation.py", line 122, in __call__
    response = self.process_response(request, response)
               ^^^^^^^^^^^^^^^^^^^^^^^^^^^^^^^^^^^^^^^^
  File "/home/president/Github/National/API_DYNAMIC_FRONTEND-main/Backend Core Base/venv/lib/python3.11/site-packages/django/middleware/common.py", line 108, in process_response
    return self.response_redirect_class(self.get_full_path_with_slash(request))
                                        ^^^^^^^^^^^^^^^^^^^^^^^^^^^^^^^^^^^^^^
  File "/home/president/Github/National/API_DYNAMIC_FRONTEND-main/Backend Core Base/venv/lib/python3.11/site-packages/django/middleware/common.py", line 87, in get_full_path_with_slash
    raise RuntimeError(
RuntimeError: You called this URL via PATCH, but the URL doesn't end in a slash and you have APPEND_SLASH set. Django can't redirect to the slash URL while maintaining PATCH data. Change your form to point to localhost:8000/api/news/v1/news/24/ (note the trailing slash), or set APPEND_SLASH=False in your Django settings.
ERROR 2026-08-27 20:09:02,520 basehttp "PATCH /api/news/v1/news/24 HTTP/1.1" 500 25282
DEBUG 2026-08-27 20:09:02,653 middleware [TenantMiddleware] 🔍 Processing request: /api/news/v1/news/24
DEBUG 2026-08-27 20:09:02,653 middleware [TenantMiddleware] 🔍 Route type: TENANT_PUBLIC
DEBUG 2026-08-27 20:09:02,653 middleware [TenantMiddleware] 🔍 API Version: v1
DEBUG 2026-08-27 20:09:02,653 middleware [MultiTenant] Cache hit pour civitas -> civitas (civitas)
DEBUG 2026-08-27 20:09:02,653 middleware [MultiTenant] 🌐 Tenant résolu : civitas pour /api/news/v1/news/24
DEBUG 2026-08-27 20:09:02,653 middleware [MultiTenant] 🌐 Route TENANT_PUBLIC : /api/news/v1/news/24 | Tenant: civitas
DEBUG 2026-08-27 20:09:02,653 middleware [JWTMiddleware] 🔍 Processing request: /api/news/v1/news/24
DEBUG 2026-08-27 20:09:02,654 middleware [JWTMiddleware] 🔍 Is public route: True
DEBUG 2026-08-27 20:09:02,654 middleware [JWTMiddleware] 🔍 Is authenticated route: False
DEBUG 2026-08-27 20:09:02,654 middleware [JWTMiddleware] 🔍 Is admin route: False
DEBUG 2026-08-27 20:09:02,654 middleware [Auth] 🌐 Accès à la route publique : /api/news/v1/news/24
ERROR 2026-08-27 20:09:02,676 log Internal Server Error: /api/news/v1/news/24
Traceback (most recent call last):
  File "/home/president/Github/National/API_DYNAMIC_FRONTEND-main/Backend Core Base/venv/lib/python3.11/site-packages/django/core/handlers/exception.py", line 55, in inner
    response = get_response(request)
               ^^^^^^^^^^^^^^^^^^^^^
  File "/home/president/Github/National/API_DYNAMIC_FRONTEND-main/Backend Core Base/venv/lib/python3.11/site-packages/django/utils/deprecation.py", line 122, in __call__
    response = self.process_response(request, response)
               ^^^^^^^^^^^^^^^^^^^^^^^^^^^^^^^^^^^^^^^^
  File "/home/president/Github/National/API_DYNAMIC_FRONTEND-main/Backend Core Base/venv/lib/python3.11/site-packages/django/middleware/common.py", line 108, in process_response
    return self.response_redirect_class(self.get_full_path_with_slash(request))
                                        ^^^^^^^^^^^^^^^^^^^^^^^^^^^^^^^^^^^^^^
  File "/home/president/Github/National/API_DYNAMIC_FRONTEND-main/Backend Core Base/venv/lib/python3.11/site-packages/django/middleware/common.py", line 87, in get_full_path_with_slash
    raise RuntimeError(
RuntimeError: You called this URL via PATCH, but the URL doesn't end in a slash and you have APPEND_SLASH set. Django can't redirect to the slash URL while maintaining PATCH data. Change your form to point to localhost:8000/api/news/v1/news/24/ (note the trailing slash), or set APPEND_SLASH=False in your Django settings.
ERROR 2026-08-27 20:09:02,677 basehttp "PATCH /api/news/v1/news/24 HTTP/1.1" 500 25282
DEBUG 2026-08-27 20:09:02,834 middleware [TenantMiddleware] 🔍 Processing request: /api/news/v1/news/24
DEBUG 2026-08-27 20:09:02,834 middleware [TenantMiddleware] 🔍 Route type: TENANT_PUBLIC
DEBUG 2026-08-27 20:09:02,835 middleware [TenantMiddleware] 🔍 API Version: v1
DEBUG 2026-08-27 20:09:02,835 middleware [MultiTenant] Cache hit pour civitas -> civitas (civitas)
DEBUG 2026-08-27 20:09:02,835 middleware [MultiTenant] 🌐 Tenant résolu : civitas pour /api/news/v1/news/24
DEBUG 2026-08-27 20:09:02,835 middleware [MultiTenant] 🌐 Route TENANT_PUBLIC : /api/news/v1/news/24 | Tenant: civitas
DEBUG 2026-08-27 20:09:02,836 middleware [JWTMiddleware] 🔍 Processing request: /api/news/v1/news/24
DEBUG 2026-08-27 20:09:02,836 middleware [JWTMiddleware] 🔍 Is public route: True
DEBUG 2026-08-27 20:09:02,836 middleware [JWTMiddleware] 🔍 Is authenticated route: False
DEBUG 2026-08-27 20:09:02,836 middleware [JWTMiddleware] 🔍 Is admin route: False
DEBUG 2026-08-27 20:09:02,836 middleware [Auth] 🌐 Accès à la route publique : /api/news/v1/news/24
ERROR 2026-08-27 20:09:02,869 log Internal Server Error: /api/news/v1/news/24
Traceback (most recent call last):
  File "/home/president/Github/National/API_DYNAMIC_FRONTEND-main/Backend Core Base/venv/lib/python3.11/site-packages/django/core/handlers/exception.py", line 55, in inner
    response = get_response(request)
               ^^^^^^^^^^^^^^^^^^^^^
  File "/home/president/Github/National/API_DYNAMIC_FRONTEND-main/Backend Core Base/venv/lib/python3.11/site-packages/django/utils/deprecation.py", line 122, in __call__
    response = self.process_response(request, response)
               ^^^^^^^^^^^^^^^^^^^^^^^^^^^^^^^^^^^^^^^^
  File "/home/president/Github/National/API_DYNAMIC_FRONTEND-main/Backend Core Base/venv/lib/python3.11/site-packages/django/middleware/common.py", line 108, in process_response
    return self.response_redirect_class(self.get_full_path_with_slash(request))
                                        ^^^^^^^^^^^^^^^^^^^^^^^^^^^^^^^^^^^^^^
  File "/home/president/Github/National/API_DYNAMIC_FRONTEND-main/Backend Core Base/venv/lib/python3.11/site-packages/django/middleware/common.py", line 87, in get_full_path_with_slash
    raise RuntimeError(
RuntimeError: You called this URL via PATCH, but the URL doesn't end in a slash and you have APPEND_SLASH set. Django can't redirect to the slash URL while maintaining PATCH data. Change your form to point to localhost:8000/api/news/v1/news/24/ (note the trailing slash), or set APPEND_SLASH=False in your Django settings.
ERROR 2026-08-27 20:09:02,871 basehttp "PATCH /api/news/v1/news/24 HTTP/1.1" 500 25282
DEBUG 2026-08-27 20:09:08,086 middleware [TenantMiddleware] 🔍 Processing request: /api/news/v1/news/24
DEBUG 2026-08-27 20:09:08,087 middleware [TenantMiddleware] 🔍 Route type: TENANT_PUBLIC
DEBUG 2026-08-27 20:09:08,087 middleware [TenantMiddleware] 🔍 API Version: v1
DEBUG 2026-08-27 20:09:08,088 middleware [MultiTenant] Cache hit pour civitas -> civitas (civitas)
DEBUG 2026-08-27 20:09:08,089 middleware [MultiTenant] 🌐 Tenant résolu : civitas pour /api/news/v1/news/24
DEBUG 2026-08-27 20:09:08,089 middleware [MultiTenant] 🌐 Route TENANT_PUBLIC : /api/news/v1/news/24 | Tenant: civitas
DEBUG 2026-08-27 20:09:08,090 middleware [JWTMiddleware] 🔍 Processing request: /api/news/v1/news/24
DEBUG 2026-08-27 20:09:08,090 middleware [JWTMiddleware] 🔍 Is public route: True
DEBUG 2026-08-27 20:09:08,091 middleware [JWTMiddleware] 🔍 Is authenticated route: False
DEBUG 2026-08-27 20:09:08,091 middleware [JWTMiddleware] 🔍 Is admin route: False
DEBUG 2026-08-27 20:09:08,092 middleware [Auth] 🌐 Accès à la route publique : /api/news/v1/news/24
ERROR 2026-08-27 20:09:08,130 log Internal Server Error: /api/news/v1/news/24
Traceback (most recent call last):
  File "/home/president/Github/National/API_DYNAMIC_FRONTEND-main/Backend Core Base/venv/lib/python3.11/site-packages/django/core/handlers/exception.py", line 55, in inner
    response = get_response(request)
               ^^^^^^^^^^^^^^^^^^^^^
  File "/home/president/Github/National/API_DYNAMIC_FRONTEND-main/Backend Core Base/venv/lib/python3.11/site-packages/django/utils/deprecation.py", line 122, in __call__
    response = self.process_response(request, response)
               ^^^^^^^^^^^^^^^^^^^^^^^^^^^^^^^^^^^^^^^^
  File "/home/president/Github/National/API_DYNAMIC_FRONTEND-main/Backend Core Base/venv/lib/python3.11/site-packages/django/middleware/common.py", line 108, in process_response
    return self.response_redirect_class(self.get_full_path_with_slash(request))
                                        ^^^^^^^^^^^^^^^^^^^^^^^^^^^^^^^^^^^^^^
  File "/home/president/Github/National/API_DYNAMIC_FRONTEND-main/Backend Core Base/venv/lib/python3.11/site-packages/django/middleware/common.py", line 87, in get_full_path_with_slash
    raise RuntimeError(
RuntimeError: You called this URL via PATCH, but the URL doesn't end in a slash and you have APPEND_SLASH set. Django can't redirect to the slash URL while maintaining PATCH data. Change your form to point to localhost:8000/api/news/v1/news/24/ (note the trailing slash), or set APPEND_SLASH=False in your Django settings.
ERROR 2026-08-27 20:09:08,131 basehttp "PATCH /api/news/v1/news/24 HTTP/1.1" 500 25282
DEBUG 2026-08-27 20:09:10,127 middleware [TenantMiddleware] 🔍 Processing request: /api/news/v1/news/24
DEBUG 2026-08-27 20:09:10,127 middleware [TenantMiddleware] 🔍 Route type: TENANT_PUBLIC
DEBUG 2026-08-27 20:09:10,128 middleware [TenantMiddleware] 🔍 API Version: v1
DEBUG 2026-08-27 20:09:10,128 middleware [MultiTenant] Cache hit pour civitas -> civitas (civitas)
DEBUG 2026-08-27 20:09:10,129 middleware [MultiTenant] 🌐 Tenant résolu : civitas pour /api/news/v1/news/24
DEBUG 2026-08-27 20:09:10,130 middleware [MultiTenant] 🌐 Route TENANT_PUBLIC : /api/news/v1/news/24 | Tenant: civitas
DEBUG 2026-08-27 20:09:10,130 middleware [JWTMiddleware] 🔍 Processing request: /api/news/v1/news/24
DEBUG 2026-08-27 20:09:10,131 middleware [JWTMiddleware] 🔍 Is public route: True
DEBUG 2026-08-27 20:09:10,131 middleware [JWTMiddleware] 🔍 Is authenticated route: False
DEBUG 2026-08-27 20:09:10,132 middleware [JWTMiddleware] 🔍 Is admin route: False
DEBUG 2026-08-27 20:09:10,132 middleware [Auth] 🌐 Accès à la route publique : /api/news/v1/news/24
ERROR 2026-08-27 20:09:10,210 log Internal Server Error: /api/news/v1/news/24
Traceback (most recent call last):
  File "/home/president/Github/National/API_DYNAMIC_FRONTEND-main/Backend Core Base/venv/lib/python3.11/site-packages/django/core/handlers/exception.py", line 55, in inner
    response = get_response(request)
               ^^^^^^^^^^^^^^^^^^^^^
  File "/home/president/Github/National/API_DYNAMIC_FRONTEND-main/Backend Core Base/venv/lib/python3.11/site-packages/django/utils/deprecation.py", line 122, in __call__
    response = self.process_response(request, response)
               ^^^^^^^^^^^^^^^^^^^^^^^^^^^^^^^^^^^^^^^^
  File "/home/president/Github/National/API_DYNAMIC_FRONTEND-main/Backend Core Base/venv/lib/python3.11/site-packages/django/middleware/common.py", line 108, in process_response
    return self.response_redirect_class(self.get_full_path_with_slash(request))
                                        ^^^^^^^^^^^^^^^^^^^^^^^^^^^^^^^^^^^^^^
  File "/home/president/Github/National/API_DYNAMIC_FRONTEND-main/Backend Core Base/venv/lib/python3.11/site-packages/django/middleware/common.py", line 87, in get_full_path_with_slash
    raise RuntimeError(
RuntimeError: You called this URL via PATCH, but the URL doesn't end in a slash and you have APPEND_SLASH set. Django can't redirect to the slash URL while maintaining PATCH data. Change your form to point to localhost:8000/api/news/v1/news/24/ (note the trailing slash), or set APPEND_SLASH=False in your Django settings.
ERROR 2026-08-27 20:09:10,214 basehttp "PATCH /api/news/v1/news/24 HTTP/1.1" 500 25282
DEBUG 2026-08-27 20:11:23,363 middleware [TenantMiddleware] 🔍 Processing request: /api/notifications/v1/notifications/
DEBUG 2026-08-27 20:11:23,363 middleware [TenantMiddleware] 🔍 Route type: AUTHENTICATED
DEBUG 2026-08-27 20:11:23,364 middleware [TenantMiddleware] 🔍 API Version: v1
DEBUG 2026-08-27 20:11:23,383 middleware [MultiTenant] Tenant trouvé par domaine complet : civitas -> civitas
DEBUG 2026-08-27 20:11:23,383 middleware [MultiTenant] 🌐 Tenant résolu : civitas pour /api/notifications/v1/notifications/
DEBUG 2026-08-27 20:11:23,384 middleware [MultiTenant] 🔐 Route AUTHENTICATED : /api/notifications/v1/notifications/ | Tenant: civitas
DEBUG 2026-08-27 20:11:23,384 middleware [JWTMiddleware] 🔍 Processing request: /api/notifications/v1/notifications/
DEBUG 2026-08-27 20:11:23,384 middleware [JWTMiddleware] 🔍 Is public route: False
DEBUG 2026-08-27 20:11:23,384 middleware [JWTMiddleware] 🔍 Is authenticated route: True
DEBUG 2026-08-27 20:11:23,384 middleware [JWTMiddleware] 🔍 Is admin route: False
DEBUG 2026-08-27 20:11:23,384 middleware [Auth] Aucun token trouvé dans la requête
WARNING 2026-08-27 20:11:23,385 middleware [Auth] ⚠️ Authentification requise pour : /api/notifications/v1/notifications/
WARNING 2026-08-27 20:11:23,385 log Unauthorized: /api/notifications/v1/notifications/
WARNING 2026-08-27 20:11:23,385 basehttp "GET /api/notifications/v1/notifications/?page=1 HTTP/1.1" 401 110
DEBUG 2026-08-27 20:11:23,409 middleware [TenantMiddleware] 🔍 Processing request: /api/token/v1/refresh/
DEBUG 2026-08-27 20:11:23,409 middleware [TenantMiddleware] 🔍 Route type: TENANT_PUBLIC
DEBUG 2026-08-27 20:11:23,409 middleware [TenantMiddleware] 🔍 API Version: v1
DEBUG 2026-08-27 20:11:23,409 middleware [MultiTenant] Cache hit pour civitas -> civitas (civitas)
DEBUG 2026-08-27 20:11:23,409 middleware [MultiTenant] 🌐 Tenant résolu : civitas pour /api/token/v1/refresh/
DEBUG 2026-08-27 20:11:23,410 middleware [MultiTenant] 🌐 Route TENANT_PUBLIC : /api/token/v1/refresh/ | Tenant: civitas
DEBUG 2026-08-27 20:11:23,410 middleware [JWTMiddleware] 🔍 Processing request: /api/token/v1/refresh/
DEBUG 2026-08-27 20:11:23,410 middleware [JWTMiddleware] 🔍 Is public route: True
DEBUG 2026-08-27 20:11:23,410 middleware [JWTMiddleware] 🔍 Is authenticated route: False
DEBUG 2026-08-27 20:11:23,410 middleware [JWTMiddleware] 🔍 Is admin route: False
DEBUG 2026-08-27 20:11:23,410 middleware [Auth] 🌐 Accès à la route publique : /api/token/v1/refresh/
DEBUG 2026-08-27 20:11:23,613 middleware [TenantMiddleware] 🔍 Processing request: /api/notifications/v1/notifications/
DEBUG 2026-08-27 20:11:23,614 middleware [TenantMiddleware] 🔍 Route type: AUTHENTICATED
DEBUG 2026-08-27 20:11:23,614 middleware [TenantMiddleware] 🔍 API Version: v1
DEBUG 2026-08-27 20:11:23,614 middleware [MultiTenant] Cache hit pour civitas -> civitas (civitas)
DEBUG 2026-08-27 20:11:23,614 middleware [MultiTenant] 🌐 Tenant résolu : civitas pour /api/notifications/v1/notifications/
DEBUG 2026-08-27 20:11:23,614 middleware [MultiTenant] 🔐 Route AUTHENTICATED : /api/notifications/v1/notifications/ | Tenant: civitas
DEBUG 2026-08-27 20:11:23,614 middleware [JWTMiddleware] 🔍 Processing request: /api/notifications/v1/notifications/
DEBUG 2026-08-27 20:11:23,615 middleware [JWTMiddleware] 🔍 Is public route: False
DEBUG 2026-08-27 20:11:23,615 middleware [JWTMiddleware] 🔍 Is authenticated route: True
DEBUG 2026-08-27 20:11:23,615 middleware [JWTMiddleware] 🔍 Is admin route: False
DEBUG 2026-08-27 20:11:23,615 middleware [Auth] Token extrait du header Authorization
DEBUG 2026-08-27 20:11:23,634 middleware [Auth] 🔐 Utilisateur authentifié : admin (ID: 1)
DEBUG 2026-08-27 20:11:23,634 middleware [Auth] ✅ Accès autorisé pour utilisateur authentifié : admin
DEBUG 2026-08-27 20:11:27,731 middleware [TenantMiddleware] 🔍 Processing request: /api/notifications/v1/notifications/
DEBUG 2026-08-27 20:11:27,732 middleware [TenantMiddleware] 🔍 Processing request: /api/users/v1/users/me/
DEBUG 2026-08-27 20:11:27,732 middleware [TenantMiddleware] 🔍 Route type: AUTHENTICATED
DEBUG 2026-08-27 20:11:27,732 middleware [TenantMiddleware] 🔍 Route type: AUTHENTICATED
DEBUG 2026-08-27 20:11:27,732 middleware [TenantMiddleware] 🔍 API Version: v1
DEBUG 2026-08-27 20:11:27,733 middleware [TenantMiddleware] 🔍 API Version: v1
DEBUG 2026-08-27 20:11:27,733 middleware [MultiTenant] Cache hit pour civitas -> civitas (civitas)
DEBUG 2026-08-27 20:11:27,733 middleware [MultiTenant] Cache hit pour civitas -> civitas (civitas)
DEBUG 2026-08-27 20:11:27,733 middleware [MultiTenant] 🌐 Tenant résolu : civitas pour /api/notifications/v1/notifications/
DEBUG 2026-08-27 20:11:27,734 middleware [MultiTenant] 🌐 Tenant résolu : civitas pour /api/users/v1/users/me/
DEBUG 2026-08-27 20:11:27,734 middleware [MultiTenant] 🔐 Route AUTHENTICATED : /api/notifications/v1/notifications/ | Tenant: civitas
DEBUG 2026-08-27 20:11:27,734 middleware [MultiTenant] 🔐 Route AUTHENTICATED : /api/users/v1/users/me/ | Tenant: civitas
DEBUG 2026-08-27 20:11:27,734 middleware [JWTMiddleware] 🔍 Processing request: /api/notifications/v1/notifications/
DEBUG 2026-08-27 20:11:27,734 middleware [JWTMiddleware] 🔍 Processing request: /api/users/v1/users/me/
DEBUG 2026-08-27 20:11:27,735 middleware [JWTMiddleware] 🔍 Is public route: False
DEBUG 2026-08-27 20:11:27,735 middleware [JWTMiddleware] 🔍 Is public route: False
DEBUG 2026-08-27 20:11:27,735 middleware [JWTMiddleware] 🔍 Is authenticated route: True
DEBUG 2026-08-27 20:11:27,735 middleware [JWTMiddleware] 🔍 Is authenticated route: True
DEBUG 2026-08-27 20:11:27,735 middleware [JWTMiddleware] 🔍 Is admin route: False
DEBUG 2026-08-27 20:11:27,736 middleware [JWTMiddleware] 🔍 Is admin route: False
DEBUG 2026-08-27 20:11:27,736 middleware [Auth] Token extrait du header Authorization
DEBUG 2026-08-27 20:11:27,736 middleware [Auth] Token extrait du header Authorization
DEBUG 2026-08-27 20:11:27,761 middleware [Auth] 🔐 Utilisateur authentifié : admin (ID: 1)
DEBUG 2026-08-27 20:11:27,763 middleware [Auth] ✅ Accès autorisé pour utilisateur authentifié : admin
DEBUG 2026-08-27 20:11:27,769 middleware [Auth] 🔐 Utilisateur authentifié : admin (ID: 1)
DEBUG 2026-08-27 20:11:27,770 middleware [Auth] ✅ Accès autorisé pour utilisateur authentifié : admin
DEBUG 2026-08-27 20:11:28,014 middleware [TenantMiddleware] 🔍 Processing request: /api/news/v1/news/24/
DEBUG 2026-08-27 20:11:28,014 middleware [TenantMiddleware] 🔍 Route type: TENANT_PUBLIC
DEBUG 2026-08-27 20:11:28,014 middleware [TenantMiddleware] 🔍 API Version: v1
DEBUG 2026-08-27 20:11:28,015 middleware [MultiTenant] Cache hit pour civitas -> civitas (civitas)
DEBUG 2026-08-27 20:11:28,015 middleware [MultiTenant] 🌐 Tenant résolu : civitas pour /api/news/v1/news/24/
DEBUG 2026-08-27 20:11:28,015 middleware [MultiTenant] 🌐 Route TENANT_PUBLIC : /api/news/v1/news/24/ | Tenant: civitas
DEBUG 2026-08-27 20:11:28,016 middleware [JWTMiddleware] 🔍 Processing request: /api/news/v1/news/24/
DEBUG 2026-08-27 20:11:28,016 middleware [JWTMiddleware] 🔍 Is public route: True
DEBUG 2026-08-27 20:11:28,016 middleware [JWTMiddleware] 🔍 Is authenticated route: False
DEBUG 2026-08-27 20:11:28,016 middleware [JWTMiddleware] 🔍 Is admin route: False
DEBUG 2026-08-27 20:11:28,017 middleware [Auth] 🌐 Accès à la route publique : /api/news/v1/news/24/
DEBUG 2026-08-27 20:11:28,105 middleware [TenantMiddleware] 🔍 Processing request: /api/news/v1/news/24/
DEBUG 2026-08-27 20:11:28,105 middleware [TenantMiddleware] 🔍 Route type: TENANT_PUBLIC
DEBUG 2026-08-27 20:11:28,105 middleware [TenantMiddleware] 🔍 API Version: v1
DEBUG 2026-08-27 20:11:28,105 middleware [MultiTenant] Cache hit pour civitas -> civitas (civitas)
DEBUG 2026-08-27 20:11:28,106 middleware [MultiTenant] 🌐 Tenant résolu : civitas pour /api/news/v1/news/24/
DEBUG 2026-08-27 20:11:28,106 middleware [MultiTenant] 🌐 Route TENANT_PUBLIC : /api/news/v1/news/24/ | Tenant: civitas
DEBUG 2026-08-27 20:11:28,106 middleware [JWTMiddleware] 🔍 Processing request: /api/news/v1/news/24/
DEBUG 2026-08-27 20:11:28,106 middleware [JWTMiddleware] 🔍 Is public route: True
DEBUG 2026-08-27 20:11:28,106 middleware [JWTMiddleware] 🔍 Is authenticated route: False
DEBUG 2026-08-27 20:11:28,106 middleware [JWTMiddleware] 🔍 Is admin route: False
DEBUG 2026-08-27 20:11:28,106 middleware [Auth] 🌐 Accès à la route publique : /api/news/v1/news/24/
DEBUG 2026-08-27 20:11:28,429 middleware [TenantMiddleware] 🔍 Processing request: /api/referentiels/v1/categories/
DEBUG 2026-08-27 20:11:28,430 middleware [TenantMiddleware] 🔍 Processing request: /api/referentiels/v1/organisations/
DEBUG 2026-08-27 20:11:28,431 middleware [TenantMiddleware] 🔍 Processing request: /api/referentiels/v1/etablissements/
DEBUG 2026-08-27 20:11:28,432 middleware [TenantMiddleware] 🔍 Processing request: /api/news/v1/medias/
DEBUG 2026-08-27 20:11:28,432 middleware [TenantMiddleware] 🔍 Route type: TENANT_PUBLIC
DEBUG 2026-08-27 20:11:28,432 middleware [TenantMiddleware] 🔍 Route type: TENANT_PUBLIC
DEBUG 2026-08-27 20:11:28,433 middleware [TenantMiddleware] 🔍 Route type: TENANT_PUBLIC
DEBUG 2026-08-27 20:11:28,433 middleware [TenantMiddleware] 🔍 Route type: TENANT_PUBLIC
DEBUG 2026-08-27 20:11:28,433 middleware [TenantMiddleware] 🔍 API Version: v1
DEBUG 2026-08-27 20:11:28,433 middleware [TenantMiddleware] 🔍 API Version: v1
DEBUG 2026-08-27 20:11:28,433 middleware [TenantMiddleware] 🔍 API Version: v1
DEBUG 2026-08-27 20:11:28,433 middleware [TenantMiddleware] 🔍 API Version: v1
DEBUG 2026-08-27 20:11:28,434 middleware [MultiTenant] Cache hit pour civitas -> civitas (civitas)
DEBUG 2026-08-27 20:11:28,434 middleware [MultiTenant] Cache hit pour civitas -> civitas (civitas)
DEBUG 2026-08-27 20:11:28,434 middleware [MultiTenant] Cache hit pour civitas -> civitas (civitas)
DEBUG 2026-08-27 20:11:28,435 middleware [MultiTenant] Cache hit pour civitas -> civitas (civitas)
DEBUG 2026-08-27 20:11:28,435 middleware [MultiTenant] 🌐 Tenant résolu : civitas pour /api/referentiels/v1/categories/
DEBUG 2026-08-27 20:11:28,435 middleware [MultiTenant] 🌐 Tenant résolu : civitas pour /api/referentiels/v1/organisations/
DEBUG 2026-08-27 20:11:28,435 middleware [MultiTenant] 🌐 Tenant résolu : civitas pour /api/referentiels/v1/etablissements/
DEBUG 2026-08-27 20:11:28,436 middleware [MultiTenant] 🌐 Tenant résolu : civitas pour /api/news/v1/medias/
DEBUG 2026-08-27 20:11:28,436 middleware [MultiTenant] 🌐 Route TENANT_PUBLIC : /api/referentiels/v1/categories/ | Tenant: civitas
DEBUG 2026-08-27 20:11:28,436 middleware [MultiTenant] 🌐 Route TENANT_PUBLIC : /api/referentiels/v1/organisations/ | Tenant: civitas
DEBUG 2026-08-27 20:11:28,436 middleware [MultiTenant] 🌐 Route TENANT_PUBLIC : /api/referentiels/v1/etablissements/ | Tenant: civitas
DEBUG 2026-08-27 20:11:28,436 middleware [MultiTenant] 🌐 Route TENANT_PUBLIC : /api/news/v1/medias/ | Tenant: civitas
DEBUG 2026-08-27 20:11:28,436 middleware [JWTMiddleware] 🔍 Processing request: /api/referentiels/v1/categories/
DEBUG 2026-08-27 20:11:28,437 middleware [JWTMiddleware] 🔍 Processing request: /api/referentiels/v1/organisations/
DEBUG 2026-08-27 20:11:28,437 middleware [JWTMiddleware] 🔍 Processing request: /api/referentiels/v1/etablissements/
DEBUG 2026-08-27 20:11:28,437 middleware [JWTMiddleware] 🔍 Processing request: /api/news/v1/medias/
DEBUG 2026-08-27 20:11:28,437 middleware [JWTMiddleware] 🔍 Is public route: True
DEBUG 2026-08-27 20:11:28,437 middleware [JWTMiddleware] 🔍 Is public route: True
DEBUG 2026-08-27 20:11:28,438 middleware [JWTMiddleware] 🔍 Is public route: True
DEBUG 2026-08-27 20:11:28,438 middleware [JWTMiddleware] 🔍 Is public route: True
DEBUG 2026-08-27 20:11:28,438 middleware [JWTMiddleware] 🔍 Is authenticated route: False
DEBUG 2026-08-27 20:11:28,438 middleware [JWTMiddleware] 🔍 Is authenticated route: False
DEBUG 2026-08-27 20:11:28,438 middleware [JWTMiddleware] 🔍 Is authenticated route: False
DEBUG 2026-08-27 20:11:28,438 middleware [JWTMiddleware] 🔍 Is authenticated route: False
DEBUG 2026-08-27 20:11:28,439 middleware [JWTMiddleware] 🔍 Is admin route: False
DEBUG 2026-08-27 20:11:28,439 middleware [JWTMiddleware] 🔍 Is admin route: False
DEBUG 2026-08-27 20:11:28,439 middleware [JWTMiddleware] 🔍 Is admin route: False
DEBUG 2026-08-27 20:11:28,439 middleware [JWTMiddleware] 🔍 Is admin route: False
DEBUG 2026-08-27 20:11:28,439 middleware [Auth] 🌐 Accès à la route publique : /api/referentiels/v1/categories/
DEBUG 2026-08-27 20:11:28,440 middleware [Auth] 🌐 Accès à la route publique : /api/referentiels/v1/organisations/
DEBUG 2026-08-27 20:11:28,440 middleware [Auth] 🌐 Accès à la route publique : /api/referentiels/v1/etablissements/
DEBUG 2026-08-27 20:11:28,440 middleware [Auth] 🌐 Accès à la route publique : /api/news/v1/medias/
DEBUG 2026-08-27 20:11:28,473 middleware [TenantMiddleware] 🔍 Processing request: /api/referentiels/v1/categories/
DEBUG 2026-08-27 20:11:28,476 middleware [TenantMiddleware] 🔍 Route type: TENANT_PUBLIC
DEBUG 2026-08-27 20:11:28,476 middleware [TenantMiddleware] 🔍 API Version: v1
DEBUG 2026-08-27 20:11:28,476 middleware [MultiTenant] Cache hit pour civitas -> civitas (civitas)
DEBUG 2026-08-27 20:11:28,480 middleware [MultiTenant] 🌐 Tenant résolu : civitas pour /api/referentiels/v1/categories/
DEBUG 2026-08-27 20:11:28,484 middleware [MultiTenant] 🌐 Route TENANT_PUBLIC : /api/referentiels/v1/categories/ | Tenant: civitas
DEBUG 2026-08-27 20:11:28,488 middleware [TenantMiddleware] 🔍 Processing request: /api/referentiels/v1/organisations/
DEBUG 2026-08-27 20:11:28,489 middleware [TenantMiddleware] 🔍 Processing request: /api/referentiels/v1/etablissements/
DEBUG 2026-08-27 20:11:28,489 middleware [JWTMiddleware] 🔍 Processing request: /api/referentiels/v1/categories/
DEBUG 2026-08-27 20:11:28,490 middleware [TenantMiddleware] 🔍 Route type: TENANT_PUBLIC
DEBUG 2026-08-27 20:11:28,490 middleware [TenantMiddleware] 🔍 Route type: TENANT_PUBLIC
DEBUG 2026-08-27 20:11:28,490 middleware [JWTMiddleware] 🔍 Is public route: True
DEBUG 2026-08-27 20:11:28,491 middleware [TenantMiddleware] 🔍 API Version: v1
DEBUG 2026-08-27 20:11:28,491 middleware [TenantMiddleware] 🔍 API Version: v1
DEBUG 2026-08-27 20:11:28,491 middleware [TenantMiddleware] 🔍 Processing request: /api/news/v1/medias/
DEBUG 2026-08-27 20:11:28,491 middleware [JWTMiddleware] 🔍 Is authenticated route: False
DEBUG 2026-08-27 20:11:28,492 middleware [MultiTenant] Cache hit pour civitas -> civitas (civitas)
DEBUG 2026-08-27 20:11:28,492 middleware [MultiTenant] Cache hit pour civitas -> civitas (civitas)
DEBUG 2026-08-27 20:11:28,492 middleware [TenantMiddleware] 🔍 Route type: TENANT_PUBLIC
DEBUG 2026-08-27 20:11:28,492 middleware [JWTMiddleware] 🔍 Is admin route: False
DEBUG 2026-08-27 20:11:28,493 middleware [MultiTenant] 🌐 Tenant résolu : civitas pour /api/referentiels/v1/organisations/
DEBUG 2026-08-27 20:11:28,493 middleware [MultiTenant] 🌐 Tenant résolu : civitas pour /api/referentiels/v1/etablissements/
DEBUG 2026-08-27 20:11:28,493 middleware [TenantMiddleware] 🔍 API Version: v1
DEBUG 2026-08-27 20:11:28,493 middleware [Auth] 🌐 Accès à la route publique : /api/referentiels/v1/categories/
DEBUG 2026-08-27 20:11:28,494 middleware [MultiTenant] 🌐 Route TENANT_PUBLIC : /api/referentiels/v1/organisations/ | Tenant: civitas
DEBUG 2026-08-27 20:11:28,494 middleware [MultiTenant] 🌐 Route TENANT_PUBLIC : /api/referentiels/v1/etablissements/ | Tenant: civitas
DEBUG 2026-08-27 20:11:28,494 middleware [MultiTenant] Cache hit pour civitas -> civitas (civitas)
DEBUG 2026-08-27 20:11:28,496 middleware [JWTMiddleware] 🔍 Processing request: /api/referentiels/v1/organisations/
DEBUG 2026-08-27 20:11:28,496 middleware [JWTMiddleware] 🔍 Processing request: /api/referentiels/v1/etablissements/
DEBUG 2026-08-27 20:11:28,497 middleware [MultiTenant] 🌐 Tenant résolu : civitas pour /api/news/v1/medias/
DEBUG 2026-08-27 20:11:28,497 middleware [JWTMiddleware] 🔍 Is public route: True
DEBUG 2026-08-27 20:11:28,497 middleware [JWTMiddleware] 🔍 Is public route: True
DEBUG 2026-08-27 20:11:28,497 middleware [MultiTenant] 🌐 Route TENANT_PUBLIC : /api/news/v1/medias/ | Tenant: civitas
DEBUG 2026-08-27 20:11:28,498 middleware [JWTMiddleware] 🔍 Is authenticated route: False
DEBUG 2026-08-27 20:11:28,498 middleware [JWTMiddleware] 🔍 Is authenticated route: False
DEBUG 2026-08-27 20:11:28,498 middleware [JWTMiddleware] 🔍 Processing request: /api/news/v1/medias/
DEBUG 2026-08-27 20:11:28,498 middleware [JWTMiddleware] 🔍 Is admin route: False
DEBUG 2026-08-27 20:11:28,498 middleware [JWTMiddleware] 🔍 Is admin route: False
DEBUG 2026-08-27 20:11:28,499 middleware [JWTMiddleware] 🔍 Is public route: True
DEBUG 2026-08-27 20:11:28,499 middleware [Auth] 🌐 Accès à la route publique : /api/referentiels/v1/organisations/
DEBUG 2026-08-27 20:11:28,499 middleware [Auth] 🌐 Accès à la route publique : /api/referentiels/v1/etablissements/
DEBUG 2026-08-27 20:11:28,499 middleware [JWTMiddleware] 🔍 Is authenticated route: False
DEBUG 2026-08-27 20:11:28,504 middleware [JWTMiddleware] 🔍 Is admin route: False
DEBUG 2026-08-27 20:11:28,504 middleware [Auth] 🌐 Accès à la route publique : /api/news/v1/medias/
DEBUG 2026-08-27 20:11:31,255 middleware [TenantMiddleware] 🔍 Processing request: /api/news/v1/news/24/
DEBUG 2026-08-27 20:11:31,255 middleware [TenantMiddleware] 🔍 Route type: TENANT_PUBLIC
DEBUG 2026-08-27 20:11:31,256 middleware [TenantMiddleware] 🔍 API Version: v1
DEBUG 2026-08-27 20:11:31,256 middleware [MultiTenant] Cache hit pour civitas -> civitas (civitas)
DEBUG 2026-08-27 20:11:31,256 middleware [MultiTenant] 🌐 Tenant résolu : civitas pour /api/news/v1/news/24/
DEBUG 2026-08-27 20:11:31,256 middleware [MultiTenant] 🌐 Route TENANT_PUBLIC : /api/news/v1/news/24/ | Tenant: civitas
DEBUG 2026-08-27 20:11:31,256 middleware [JWTMiddleware] 🔍 Processing request: /api/news/v1/news/24/
DEBUG 2026-08-27 20:11:31,256 middleware [JWTMiddleware] 🔍 Is public route: True
DEBUG 2026-08-27 20:11:31,257 middleware [JWTMiddleware] 🔍 Is authenticated route: False
DEBUG 2026-08-27 20:11:31,257 middleware [JWTMiddleware] 🔍 Is admin route: False
DEBUG 2026-08-27 20:11:31,257 middleware [Auth] 🌐 Accès à la route publique : /api/news/v1/news/24/
DEBUG 2026-08-27 20:11:37,431 middleware [TenantMiddleware] 🔍 Processing request: /api/news/v1/news/24/
DEBUG 2026-08-27 20:11:37,431 middleware [TenantMiddleware] 🔍 Route type: TENANT_PUBLIC
DEBUG 2026-08-27 20:11:37,431 middleware [TenantMiddleware] 🔍 API Version: v1
DEBUG 2026-08-27 20:11:37,432 middleware [MultiTenant] Cache hit pour civitas -> civitas (civitas)
DEBUG 2026-08-27 20:11:37,432 middleware [MultiTenant] 🌐 Tenant résolu : civitas pour /api/news/v1/news/24/
DEBUG 2026-08-27 20:11:37,432 middleware [MultiTenant] 🌐 Route TENANT_PUBLIC : /api/news/v1/news/24/ | Tenant: civitas
DEBUG 2026-08-27 20:11:37,432 middleware [JWTMiddleware] 🔍 Processing request: /api/news/v1/news/24/
DEBUG 2026-08-27 20:11:37,432 middleware [JWTMiddleware] 🔍 Is public route: True
DEBUG 2026-08-27 20:11:37,432 middleware [JWTMiddleware] 🔍 Is authenticated route: False
DEBUG 2026-08-27 20:11:37,433 middleware [JWTMiddleware] 🔍 Is admin route: False
DEBUG 2026-08-27 20:11:37,433 middleware [Auth] 🌐 Accès à la route publique : /api/news/v1/news/24/
DEBUG 2026-08-27 20:11:37,494 Image Importing AvifImagePlugin
DEBUG 2026-08-27 20:11:37,500 Image Importing BlpImagePlugin
DEBUG 2026-08-27 20:11:37,502 Image Importing BmpImagePlugin
DEBUG 2026-08-27 20:11:37,502 Image Importing BufrStubImagePlugin
DEBUG 2026-08-27 20:11:37,502 Image Importing CurImagePlugin
DEBUG 2026-08-27 20:11:37,503 Image Importing DcxImagePlugin
DEBUG 2026-08-27 20:11:37,504 Image Importing DdsImagePlugin
DEBUG 2026-08-27 20:11:37,509 Image Importing EpsImagePlugin
DEBUG 2026-08-27 20:11:37,513 Image Importing FitsImagePlugin
DEBUG 2026-08-27 20:11:37,513 Image Importing FliImagePlugin
DEBUG 2026-08-27 20:11:37,514 Image Importing FpxImagePlugin
DEBUG 2026-08-27 20:11:37,515 Image Image: failed to import FpxImagePlugin: No module named 'olefile'
DEBUG 2026-08-27 20:11:37,515 Image Importing FtexImagePlugin
DEBUG 2026-08-27 20:11:37,515 Image Importing GbrImagePlugin
DEBUG 2026-08-27 20:11:37,516 Image Importing GifImagePlugin
DEBUG 2026-08-27 20:11:37,516 Image Importing GribStubImagePlugin
DEBUG 2026-08-27 20:11:37,516 Image Importing Hdf5StubImagePlugin
DEBUG 2026-08-27 20:11:37,517 Image Importing IcnsImagePlugin
DEBUG 2026-08-27 20:11:37,519 Image Importing IcoImagePlugin
DEBUG 2026-08-27 20:11:37,520 Image Importing ImImagePlugin
DEBUG 2026-08-27 20:11:37,521 Image Importing ImtImagePlugin
DEBUG 2026-08-27 20:11:37,521 Image Importing IptcImagePlugin
DEBUG 2026-08-27 20:11:37,522 Image Importing JpegImagePlugin
DEBUG 2026-08-27 20:11:37,522 Image Importing Jpeg2KImagePlugin
DEBUG 2026-08-27 20:11:37,522 Image Importing McIdasImagePlugin
DEBUG 2026-08-27 20:11:37,522 Image Importing MicImagePlugin
DEBUG 2026-08-27 20:11:37,523 Image Image: failed to import MicImagePlugin: No module named 'olefile'
DEBUG 2026-08-27 20:11:37,523 Image Importing MpegImagePlugin
DEBUG 2026-08-27 20:11:37,524 Image Importing MpoImagePlugin
DEBUG 2026-08-27 20:11:37,527 Image Importing MspImagePlugin
DEBUG 2026-08-27 20:11:37,528 Image Importing PalmImagePlugin
DEBUG 2026-08-27 20:11:37,529 Image Importing PcdImagePlugin
DEBUG 2026-08-27 20:11:37,530 Image Importing PcxImagePlugin
DEBUG 2026-08-27 20:11:37,530 Image Importing PdfImagePlugin
DEBUG 2026-08-27 20:11:37,537 Image Importing PixarImagePlugin
DEBUG 2026-08-27 20:11:37,538 Image Importing PngImagePlugin
DEBUG 2026-08-27 20:11:37,538 Image Importing PpmImagePlugin
DEBUG 2026-08-27 20:11:37,538 Image Importing PsdImagePlugin
DEBUG 2026-08-27 20:11:37,539 Image Importing QoiImagePlugin
DEBUG 2026-08-27 20:11:37,539 Image Importing SgiImagePlugin
DEBUG 2026-08-27 20:11:37,540 Image Importing SpiderImagePlugin
DEBUG 2026-08-27 20:11:37,541 Image Importing SunImagePlugin
DEBUG 2026-08-27 20:11:37,541 Image Importing TgaImagePlugin
DEBUG 2026-08-27 20:11:37,542 Image Importing TiffImagePlugin
DEBUG 2026-08-27 20:11:37,542 Image Importing WebPImagePlugin
DEBUG 2026-08-27 20:11:37,547 Image Importing WmfImagePlugin
DEBUG 2026-08-27 20:11:37,548 Image Importing XbmImagePlugin
DEBUG 2026-08-27 20:11:37,549 Image Importing XpmImagePlugin
DEBUG 2026-08-27 20:11:37,549 Image Importing XVThumbImagePlugin
DEBUG 2026-08-27 20:11:42,457 middleware [TenantMiddleware] 🔍 Processing request: /api/news/v1/news/
DEBUG 2026-08-27 20:11:42,457 middleware [TenantMiddleware] 🔍 Route type: TENANT_PUBLIC
DEBUG 2026-08-27 20:11:42,457 middleware [TenantMiddleware] 🔍 API Version: v1
DEBUG 2026-08-27 20:11:42,458 middleware [MultiTenant] Cache hit pour civitas -> civitas (civitas)
DEBUG 2026-08-27 20:11:42,458 middleware [MultiTenant] 🌐 Tenant résolu : civitas pour /api/news/v1/news/
DEBUG 2026-08-27 20:11:42,458 middleware [MultiTenant] 🌐 Route TENANT_PUBLIC : /api/news/v1/news/ | Tenant: civitas
DEBUG 2026-08-27 20:11:42,458 middleware [JWTMiddleware] 🔍 Processing request: /api/news/v1/news/
DEBUG 2026-08-27 20:11:42,458 middleware [JWTMiddleware] 🔍 Is public route: True
DEBUG 2026-08-27 20:11:42,458 middleware [JWTMiddleware] 🔍 Is authenticated route: False
DEBUG 2026-08-27 20:11:42,458 middleware [JWTMiddleware] 🔍 Is admin route: False
DEBUG 2026-08-27 20:11:42,459 middleware [Auth] 🌐 Accès à la route publique : /api/news/v1/news/
DEBUG 2026-08-27 20:11:42,607 middleware [TenantMiddleware] 🔍 Processing request: /api/news/v1/news/
DEBUG 2026-08-27 20:11:42,608 middleware [TenantMiddleware] 🔍 Route type: TENANT_PUBLIC
DEBUG 2026-08-27 20:11:42,608 middleware [TenantMiddleware] 🔍 API Version: v1
DEBUG 2026-08-27 20:11:42,608 middleware [MultiTenant] Cache hit pour civitas -> civitas (civitas)
DEBUG 2026-08-27 20:11:42,608 middleware [MultiTenant] 🌐 Tenant résolu : civitas pour /api/news/v1/news/
DEBUG 2026-08-27 20:11:42,609 middleware [MultiTenant] 🌐 Route TENANT_PUBLIC : /api/news/v1/news/ | Tenant: civitas
DEBUG 2026-08-27 20:11:42,609 middleware [JWTMiddleware] 🔍 Processing request: /api/news/v1/news/
DEBUG 2026-08-27 20:11:42,609 middleware [JWTMiddleware] 🔍 Is public route: True
DEBUG 2026-08-27 20:11:42,609 middleware [JWTMiddleware] 🔍 Is authenticated route: False
DEBUG 2026-08-27 20:11:42,609 middleware [JWTMiddleware] 🔍 Is admin route: False
DEBUG 2026-08-27 20:11:42,609 middleware [Auth] 🌐 Accès à la route publique : /api/news/v1/news/
DEBUG 2026-08-27 20:11:42,612 middleware [TenantMiddleware] 🔍 Processing request: /api/news/v1/news/
DEBUG 2026-08-27 20:11:42,612 middleware [TenantMiddleware] 🔍 Route type: TENANT_PUBLIC
DEBUG 2026-08-27 20:11:42,612 middleware [TenantMiddleware] 🔍 API Version: v1
DEBUG 2026-08-27 20:11:42,613 middleware [MultiTenant] Cache hit pour civitas -> civitas (civitas)
DEBUG 2026-08-27 20:11:42,613 middleware [MultiTenant] 🌐 Tenant résolu : civitas pour /api/news/v1/news/
DEBUG 2026-08-27 20:11:42,613 middleware [MultiTenant] 🌐 Route TENANT_PUBLIC : /api/news/v1/news/ | Tenant: civitas
DEBUG 2026-08-27 20:11:42,613 middleware [JWTMiddleware] 🔍 Processing request: /api/news/v1/news/
DEBUG 2026-08-27 20:11:42,613 middleware [JWTMiddleware] 🔍 Is public route: True
DEBUG 2026-08-27 20:11:42,613 middleware [JWTMiddleware] 🔍 Is authenticated route: False
DEBUG 2026-08-27 20:11:42,613 middleware [JWTMiddleware] 🔍 Is admin route: False
DEBUG 2026-08-27 20:11:42,614 middleware [Auth] 🌐 Accès à la route publique : /api/news/v1/news/
DEBUG 2026-08-27 20:11:42,881 middleware [TenantMiddleware] 🔍 Processing request: /api/news/v1/news/
DEBUG 2026-08-27 20:11:42,881 middleware [TenantMiddleware] 🔍 Route type: TENANT_PUBLIC
DEBUG 2026-08-27 20:11:42,881 middleware [TenantMiddleware] 🔍 API Version: v1
DEBUG 2026-08-27 20:11:42,881 middleware [MultiTenant] Cache hit pour civitas -> civitas (civitas)
DEBUG 2026-08-27 20:11:42,882 middleware [MultiTenant] 🌐 Tenant résolu : civitas pour /api/news/v1/news/
DEBUG 2026-08-27 20:11:42,882 middleware [MultiTenant] 🌐 Route TENANT_PUBLIC : /api/news/v1/news/ | Tenant: civitas
DEBUG 2026-08-27 20:11:42,882 middleware [JWTMiddleware] 🔍 Processing request: /api/news/v1/news/
DEBUG 2026-08-27 20:11:42,882 middleware [JWTMiddleware] 🔍 Is public route: True
DEBUG 2026-08-27 20:11:42,882 middleware [JWTMiddleware] 🔍 Is authenticated route: False
DEBUG 2026-08-27 20:11:42,882 middleware [JWTMiddleware] 🔍 Is admin route: False
DEBUG 2026-08-27 20:11:42,882 middleware [Auth] 🌐 Accès à la route publique : /api/news/v1/news/
DEBUG 2026-08-27 20:11:44,141 middleware [TenantMiddleware] 🔍 Processing request: /api/news/v1/news/24/
DEBUG 2026-08-27 20:11:44,141 middleware [TenantMiddleware] 🔍 Route type: TENANT_PUBLIC
DEBUG 2026-08-27 20:11:44,142 middleware [TenantMiddleware] 🔍 API Version: v1
DEBUG 2026-08-27 20:11:44,142 middleware [MultiTenant] Cache hit pour civitas -> civitas (civitas)
DEBUG 2026-08-27 20:11:44,142 middleware [MultiTenant] 🌐 Tenant résolu : civitas pour /api/news/v1/news/24/
DEBUG 2026-08-27 20:11:44,142 middleware [MultiTenant] 🌐 Route TENANT_PUBLIC : /api/news/v1/news/24/ | Tenant: civitas
DEBUG 2026-08-27 20:11:44,142 middleware [JWTMiddleware] 🔍 Processing request: /api/news/v1/news/24/
DEBUG 2026-08-27 20:11:44,143 middleware [JWTMiddleware] 🔍 Is public route: True
DEBUG 2026-08-27 20:11:44,143 middleware [JWTMiddleware] 🔍 Is authenticated route: False
DEBUG 2026-08-27 20:11:44,143 middleware [JWTMiddleware] 🔍 Is admin route: False
DEBUG 2026-08-27 20:11:44,143 middleware [Auth] 🌐 Accès à la route publique : /api/news/v1/news/24/
DEBUG 2026-08-27 20:11:44,223 middleware [TenantMiddleware] 🔍 Processing request: /api/news/v1/news/24/
DEBUG 2026-08-27 20:11:44,224 middleware [TenantMiddleware] 🔍 Route type: TENANT_PUBLIC
DEBUG 2026-08-27 20:11:44,224 middleware [TenantMiddleware] 🔍 API Version: v1
DEBUG 2026-08-27 20:11:44,224 middleware [MultiTenant] Cache hit pour civitas -> civitas (civitas)
DEBUG 2026-08-27 20:11:44,224 middleware [MultiTenant] 🌐 Tenant résolu : civitas pour /api/news/v1/news/24/
DEBUG 2026-08-27 20:11:44,225 middleware [MultiTenant] 🌐 Route TENANT_PUBLIC : /api/news/v1/news/24/ | Tenant: civitas
DEBUG 2026-08-27 20:11:44,225 middleware [JWTMiddleware] 🔍 Processing request: /api/news/v1/news/24/
DEBUG 2026-08-27 20:11:44,225 middleware [JWTMiddleware] 🔍 Is public route: True
DEBUG 2026-08-27 20:11:44,225 middleware [JWTMiddleware] 🔍 Is authenticated route: False
DEBUG 2026-08-27 20:11:44,225 middleware [JWTMiddleware] 🔍 Is admin route: False
DEBUG 2026-08-27 20:11:44,225 middleware [Auth] 🌐 Accès à la route publique : /api/news/v1/news/24/
DEBUG 2026-08-27 20:11:44,268 middleware [JWTMiddleware] 🔍 Processing request: /media/news/couvertures/LOGO-civitas-news.jpeg
DEBUG 2026-08-27 20:11:44,269 middleware [JWTMiddleware] 🔍 Is public route: True
DEBUG 2026-08-27 20:11:44,269 middleware [JWTMiddleware] 🔍 Is authenticated route: False
DEBUG 2026-08-27 20:11:44,269 middleware [JWTMiddleware] 🔍 Is admin route: False
DEBUG 2026-08-27 20:11:44,269 middleware [Auth] 🌐 Accès à la route publique : /media/news/couvertures/LOGO-civitas-news.jpeg
DEBUG 2026-08-27 20:11:44,285 middleware [TenantMiddleware] 🔍 Processing request: /api/referentiels/v1/categories/
DEBUG 2026-08-27 20:11:44,286 middleware [TenantMiddleware] 🔍 Processing request: /api/referentiels/v1/etablissements/
DEBUG 2026-08-27 20:11:44,287 middleware [TenantMiddleware] 🔍 Processing request: /api/referentiels/v1/organisations/
DEBUG 2026-08-27 20:11:44,287 middleware [TenantMiddleware] 🔍 Processing request: /api/news/v1/medias/
DEBUG 2026-08-27 20:11:44,287 middleware [TenantMiddleware] 🔍 Route type: TENANT_PUBLIC
DEBUG 2026-08-27 20:11:44,288 middleware [TenantMiddleware] 🔍 Route type: TENANT_PUBLIC
DEBUG 2026-08-27 20:11:44,288 middleware [TenantMiddleware] 🔍 Route type: TENANT_PUBLIC
DEBUG 2026-08-27 20:11:44,289 middleware [TenantMiddleware] 🔍 Route type: TENANT_PUBLIC
DEBUG 2026-08-27 20:11:44,292 middleware [TenantMiddleware] 🔍 API Version: v1
DEBUG 2026-08-27 20:11:44,290 middleware [TenantMiddleware] 🔍 API Version: v1
DEBUG 2026-08-27 20:11:44,292 middleware [TenantMiddleware] 🔍 API Version: v1
DEBUG 2026-08-27 20:11:44,290 middleware [TenantMiddleware] 🔍 API Version: v1
DEBUG 2026-08-27 20:11:44,292 middleware [MultiTenant] Cache hit pour civitas -> civitas (civitas)
DEBUG 2026-08-27 20:11:44,295 middleware [MultiTenant] Cache hit pour civitas -> civitas (civitas)
DEBUG 2026-08-27 20:11:44,296 middleware [MultiTenant] Cache hit pour civitas -> civitas (civitas)
DEBUG 2026-08-27 20:11:44,299 middleware [MultiTenant] 🌐 Tenant résolu : civitas pour /api/referentiels/v1/organisations/
DEBUG 2026-08-27 20:11:44,297 middleware [MultiTenant] Cache hit pour civitas -> civitas (civitas)
DEBUG 2026-08-27 20:11:44,297 middleware [MultiTenant] 🌐 Tenant résolu : civitas pour /api/referentiels/v1/etablissements/
DEBUG 2026-08-27 20:11:44,297 middleware [MultiTenant] 🌐 Tenant résolu : civitas pour /api/news/v1/medias/
DEBUG 2026-08-27 20:11:44,300 middleware [MultiTenant] 🌐 Route TENANT_PUBLIC : /api/referentiels/v1/organisations/ | Tenant: civitas
DEBUG 2026-08-27 20:11:44,300 middleware [JWTMiddleware] 🔍 Processing request: /api/referentiels/v1/organisations/
DEBUG 2026-08-27 20:11:44,302 middleware [JWTMiddleware] 🔍 Is public route: True
DEBUG 2026-08-27 20:11:44,302 middleware [MultiTenant] 🌐 Route TENANT_PUBLIC : /api/referentiels/v1/etablissements/ | Tenant: civitas
DEBUG 2026-08-27 20:11:44,303 middleware [JWTMiddleware] 🔍 Is authenticated route: False
DEBUG 2026-08-27 20:11:44,304 middleware [MultiTenant] 🌐 Route TENANT_PUBLIC : /api/news/v1/medias/ | Tenant: civitas
DEBUG 2026-08-27 20:11:44,304 middleware [JWTMiddleware] 🔍 Processing request: /api/news/v1/medias/
DEBUG 2026-08-27 20:11:44,304 middleware [JWTMiddleware] 🔍 Is public route: True
DEBUG 2026-08-27 20:11:44,304 middleware [MultiTenant] 🌐 Tenant résolu : civitas pour /api/referentiels/v1/categories/
DEBUG 2026-08-27 20:11:44,304 middleware [JWTMiddleware] 🔍 Processing request: /api/referentiels/v1/etablissements/
DEBUG 2026-08-27 20:11:44,305 middleware [JWTMiddleware] 🔍 Is admin route: False
DEBUG 2026-08-27 20:11:44,305 middleware [JWTMiddleware] 🔍 Is authenticated route: False
DEBUG 2026-08-27 20:11:44,309 middleware [MultiTenant] 🌐 Route TENANT_PUBLIC : /api/referentiels/v1/categories/ | Tenant: civitas
DEBUG 2026-08-27 20:11:44,309 middleware [JWTMiddleware] 🔍 Is public route: True
DEBUG 2026-08-27 20:11:44,313 middleware [Auth] 🌐 Accès à la route publique : /api/referentiels/v1/organisations/
DEBUG 2026-08-27 20:11:44,314 middleware [JWTMiddleware] 🔍 Is admin route: False
DEBUG 2026-08-27 20:11:44,314 middleware [JWTMiddleware] 🔍 Processing request: /api/referentiels/v1/categories/
DEBUG 2026-08-27 20:11:44,314 middleware [JWTMiddleware] 🔍 Is authenticated route: False
DEBUG 2026-08-27 20:11:44,319 middleware [Auth] 🌐 Accès à la route publique : /api/news/v1/medias/
DEBUG 2026-08-27 20:11:44,319 middleware [JWTMiddleware] 🔍 Is public route: True
DEBUG 2026-08-27 20:11:44,320 middleware [JWTMiddleware] 🔍 Is admin route: False
DEBUG 2026-08-27 20:11:44,324 middleware [JWTMiddleware] 🔍 Is authenticated route: False
DEBUG 2026-08-27 20:11:44,324 middleware [Auth] 🌐 Accès à la route publique : /api/referentiels/v1/etablissements/
DEBUG 2026-08-27 20:11:44,324 middleware [JWTMiddleware] 🔍 Is admin route: False
DEBUG 2026-08-27 20:11:44,328 middleware [Auth] 🌐 Accès à la route publique : /api/referentiels/v1/categories/
DEBUG 2026-08-27 20:11:44,346 middleware [TenantMiddleware] 🔍 Processing request: /api/referentiels/v1/organisations/
DEBUG 2026-08-27 20:11:44,352 middleware [TenantMiddleware] 🔍 Route type: TENANT_PUBLIC
DEBUG 2026-08-27 20:11:44,352 middleware [TenantMiddleware] 🔍 API Version: v1
DEBUG 2026-08-27 20:11:44,352 middleware [MultiTenant] Cache hit pour civitas -> civitas (civitas)
DEBUG 2026-08-27 20:11:44,355 middleware [MultiTenant] 🌐 Tenant résolu : civitas pour /api/referentiels/v1/organisations/
DEBUG 2026-08-27 20:11:44,356 middleware [MultiTenant] 🌐 Route TENANT_PUBLIC : /api/referentiels/v1/organisations/ | Tenant: civitas
DEBUG 2026-08-27 20:11:44,356 middleware [JWTMiddleware] 🔍 Processing request: /api/referentiels/v1/organisations/
DEBUG 2026-08-27 20:11:44,356 middleware [JWTMiddleware] 🔍 Is public route: True
DEBUG 2026-08-27 20:11:44,359 middleware [JWTMiddleware] 🔍 Is authenticated route: False
DEBUG 2026-08-27 20:11:44,360 middleware [TenantMiddleware] 🔍 Processing request: /api/news/v1/medias/
DEBUG 2026-08-27 20:11:44,362 middleware [JWTMiddleware] 🔍 Is admin route: False
DEBUG 2026-08-27 20:11:44,363 middleware [TenantMiddleware] 🔍 Route type: TENANT_PUBLIC
DEBUG 2026-08-27 20:11:44,363 middleware [Auth] 🌐 Accès à la route publique : /api/referentiels/v1/organisations/
DEBUG 2026-08-27 20:11:44,363 middleware [TenantMiddleware] 🔍 API Version: v1
DEBUG 2026-08-27 20:11:44,365 middleware [TenantMiddleware] 🔍 Processing request: /api/referentiels/v1/etablissements/
DEBUG 2026-08-27 20:11:44,366 middleware [TenantMiddleware] 🔍 Processing request: /api/referentiels/v1/categories/
DEBUG 2026-08-27 20:11:44,367 middleware [MultiTenant] Cache hit pour civitas -> civitas (civitas)
DEBUG 2026-08-27 20:11:44,367 middleware [TenantMiddleware] 🔍 Route type: TENANT_PUBLIC
DEBUG 2026-08-27 20:11:44,367 middleware [TenantMiddleware] 🔍 Route type: TENANT_PUBLIC
DEBUG 2026-08-27 20:11:44,367 middleware [MultiTenant] 🌐 Tenant résolu : civitas pour /api/news/v1/medias/
DEBUG 2026-08-27 20:11:44,367 middleware [TenantMiddleware] 🔍 API Version: v1
DEBUG 2026-08-27 20:11:44,367 middleware [TenantMiddleware] 🔍 API Version: v1
DEBUG 2026-08-27 20:11:44,368 middleware [MultiTenant] 🌐 Route TENANT_PUBLIC : /api/news/v1/medias/ | Tenant: civitas
DEBUG 2026-08-27 20:11:44,368 middleware [MultiTenant] Cache hit pour civitas -> civitas (civitas)
DEBUG 2026-08-27 20:11:44,368 middleware [MultiTenant] Cache hit pour civitas -> civitas (civitas)
DEBUG 2026-08-27 20:11:44,368 middleware [JWTMiddleware] 🔍 Processing request: /api/news/v1/medias/
DEBUG 2026-08-27 20:11:44,368 middleware [MultiTenant] 🌐 Tenant résolu : civitas pour /api/referentiels/v1/etablissements/
DEBUG 2026-08-27 20:11:44,369 middleware [MultiTenant] 🌐 Tenant résolu : civitas pour /api/referentiels/v1/categories/
DEBUG 2026-08-27 20:11:44,369 middleware [JWTMiddleware] 🔍 Is public route: True
DEBUG 2026-08-27 20:11:44,369 middleware [MultiTenant] 🌐 Route TENANT_PUBLIC : /api/referentiels/v1/etablissements/ | Tenant: civitas
DEBUG 2026-08-27 20:11:44,369 middleware [MultiTenant] 🌐 Route TENANT_PUBLIC : /api/referentiels/v1/categories/ | Tenant: civitas
DEBUG 2026-08-27 20:11:44,369 middleware [JWTMiddleware] 🔍 Is authenticated route: False
DEBUG 2026-08-27 20:11:44,369 middleware [JWTMiddleware] 🔍 Processing request: /api/referentiels/v1/etablissements/
DEBUG 2026-08-27 20:11:44,369 middleware [JWTMiddleware] 🔍 Processing request: /api/referentiels/v1/categories/
DEBUG 2026-08-27 20:11:44,370 middleware [JWTMiddleware] 🔍 Is admin route: False
DEBUG 2026-08-27 20:11:44,370 middleware [JWTMiddleware] 🔍 Is public route: True
DEBUG 2026-08-27 20:11:44,370 middleware [JWTMiddleware] 🔍 Is public route: True
DEBUG 2026-08-27 20:11:44,370 middleware [Auth] 🌐 Accès à la route publique : /api/news/v1/medias/
DEBUG 2026-08-27 20:11:44,370 middleware [JWTMiddleware] 🔍 Is authenticated route: False
DEBUG 2026-08-27 20:11:44,371 middleware [JWTMiddleware] 🔍 Is authenticated route: False
DEBUG 2026-08-27 20:11:44,374 middleware [JWTMiddleware] 🔍 Is admin route: False
DEBUG 2026-08-27 20:11:44,374 middleware [JWTMiddleware] 🔍 Is admin route: False
DEBUG 2026-08-27 20:11:44,375 middleware [Auth] 🌐 Accès à la route publique : /api/referentiels/v1/etablissements/
DEBUG 2026-08-27 20:11:44,375 middleware [Auth] 🌐 Accès à la route publique : /api/referentiels/v1/categories/
DEBUG 2026-08-27 20:11:49,590 middleware [TenantMiddleware] 🔍 Processing request: /api/news/v1/news/
DEBUG 2026-08-27 20:11:49,590 middleware [TenantMiddleware] 🔍 Processing request: /api/news/v1/news/
DEBUG 2026-08-27 20:11:49,591 middleware [TenantMiddleware] 🔍 Route type: TENANT_PUBLIC
DEBUG 2026-08-27 20:11:49,591 middleware [TenantMiddleware] 🔍 Route type: TENANT_PUBLIC
DEBUG 2026-08-27 20:11:49,591 middleware [TenantMiddleware] 🔍 API Version: v1
DEBUG 2026-08-27 20:11:49,591 middleware [TenantMiddleware] 🔍 API Version: v1
DEBUG 2026-08-27 20:11:49,591 middleware [MultiTenant] Cache hit pour civitas -> civitas (civitas)
DEBUG 2026-08-27 20:11:49,592 middleware [MultiTenant] Cache hit pour civitas -> civitas (civitas)
DEBUG 2026-08-27 20:11:49,592 middleware [MultiTenant] 🌐 Tenant résolu : civitas pour /api/news/v1/news/
DEBUG 2026-08-27 20:11:49,592 middleware [MultiTenant] 🌐 Tenant résolu : civitas pour /api/news/v1/news/
DEBUG 2026-08-27 20:11:49,592 middleware [MultiTenant] 🌐 Route TENANT_PUBLIC : /api/news/v1/news/ | Tenant: civitas
DEBUG 2026-08-27 20:11:49,592 middleware [MultiTenant] 🌐 Route TENANT_PUBLIC : /api/news/v1/news/ | Tenant: civitas
DEBUG 2026-08-27 20:11:49,593 middleware [JWTMiddleware] 🔍 Processing request: /api/news/v1/news/
DEBUG 2026-08-27 20:11:49,593 middleware [JWTMiddleware] 🔍 Processing request: /api/news/v1/news/
DEBUG 2026-08-27 20:11:49,593 middleware [JWTMiddleware] 🔍 Is public route: True
DEBUG 2026-08-27 20:11:49,593 middleware [JWTMiddleware] 🔍 Is public route: True
DEBUG 2026-08-27 20:11:49,593 middleware [JWTMiddleware] 🔍 Is authenticated route: False
DEBUG 2026-08-27 20:11:49,593 middleware [JWTMiddleware] 🔍 Is authenticated route: False
DEBUG 2026-08-27 20:11:49,593 middleware [JWTMiddleware] 🔍 Is admin route: False
DEBUG 2026-08-27 20:11:49,594 middleware [JWTMiddleware] 🔍 Is admin route: False
DEBUG 2026-08-27 20:11:49,594 middleware [Auth] 🌐 Accès à la route publique : /api/news/v1/news/
DEBUG 2026-08-27 20:11:49,594 middleware [Auth] 🌐 Accès à la route publique : /api/news/v1/news/
DEBUG 2026-08-27 20:11:49,862 middleware [TenantMiddleware] 🔍 Processing request: /api/news/v1/news/
DEBUG 2026-08-27 20:11:49,863 middleware [TenantMiddleware] 🔍 Processing request: /api/news/v1/news/
DEBUG 2026-08-27 20:11:49,863 middleware [TenantMiddleware] 🔍 Route type: TENANT_PUBLIC
DEBUG 2026-08-27 20:11:49,864 middleware [TenantMiddleware] 🔍 Route type: TENANT_PUBLIC
DEBUG 2026-08-27 20:11:49,864 middleware [TenantMiddleware] 🔍 API Version: v1
DEBUG 2026-08-27 20:11:49,864 middleware [TenantMiddleware] 🔍 API Version: v1
DEBUG 2026-08-27 20:11:49,865 middleware [MultiTenant] Cache hit pour civitas -> civitas (civitas)
DEBUG 2026-08-27 20:11:49,865 middleware [MultiTenant] 🌐 Tenant résolu : civitas pour /api/news/v1/news/
DEBUG 2026-08-27 20:11:49,865 middleware [MultiTenant] Cache hit pour civitas -> civitas (civitas)
DEBUG 2026-08-27 20:11:49,865 middleware [MultiTenant] 🌐 Route TENANT_PUBLIC : /api/news/v1/news/ | Tenant: civitas
DEBUG 2026-08-27 20:11:49,866 middleware [MultiTenant] 🌐 Tenant résolu : civitas pour /api/news/v1/news/
DEBUG 2026-08-27 20:11:49,866 middleware [JWTMiddleware] 🔍 Processing request: /api/news/v1/news/
DEBUG 2026-08-27 20:11:49,866 middleware [MultiTenant] 🌐 Route TENANT_PUBLIC : /api/news/v1/news/ | Tenant: civitas
DEBUG 2026-08-27 20:11:49,867 middleware [TenantMiddleware] 🔍 Processing request: /api/news/v1/news/
DEBUG 2026-08-27 20:11:49,867 middleware [JWTMiddleware] 🔍 Is public route: True
DEBUG 2026-08-27 20:11:49,867 middleware [JWTMiddleware] 🔍 Processing request: /api/news/v1/news/
DEBUG 2026-08-27 20:11:49,867 middleware [TenantMiddleware] 🔍 Route type: TENANT_PUBLIC
DEBUG 2026-08-27 20:11:49,868 middleware [JWTMiddleware] 🔍 Is authenticated route: False
DEBUG 2026-08-27 20:11:49,868 middleware [JWTMiddleware] 🔍 Is public route: True
DEBUG 2026-08-27 20:11:49,868 middleware [TenantMiddleware] 🔍 API Version: v1
DEBUG 2026-08-27 20:11:49,868 middleware [JWTMiddleware] 🔍 Is admin route: False
DEBUG 2026-08-27 20:11:49,869 middleware [JWTMiddleware] 🔍 Is authenticated route: False
DEBUG 2026-08-27 20:11:49,869 middleware [MultiTenant] Cache hit pour civitas -> civitas (civitas)
DEBUG 2026-08-27 20:11:49,870 middleware [TenantMiddleware] 🔍 Processing request: /api/news/v1/news/
DEBUG 2026-08-27 20:11:49,870 middleware [Auth] 🌐 Accès à la route publique : /api/news/v1/news/
DEBUG 2026-08-27 20:11:49,870 middleware [JWTMiddleware] 🔍 Is admin route: False
DEBUG 2026-08-27 20:11:49,870 middleware [MultiTenant] 🌐 Tenant résolu : civitas pour /api/news/v1/news/
DEBUG 2026-08-27 20:11:49,870 middleware [TenantMiddleware] 🔍 Route type: TENANT_PUBLIC
DEBUG 2026-08-27 20:11:49,872 middleware [Auth] 🌐 Accès à la route publique : /api/news/v1/news/
DEBUG 2026-08-27 20:11:49,872 middleware [MultiTenant] 🌐 Route TENANT_PUBLIC : /api/news/v1/news/ | Tenant: civitas
DEBUG 2026-08-27 20:11:49,872 middleware [TenantMiddleware] 🔍 API Version: v1
DEBUG 2026-08-27 20:11:49,874 middleware [JWTMiddleware] 🔍 Processing request: /api/news/v1/news/
DEBUG 2026-08-27 20:11:49,875 middleware [MultiTenant] Cache hit pour civitas -> civitas (civitas)
DEBUG 2026-08-27 20:11:49,875 middleware [JWTMiddleware] 🔍 Is public route: True
DEBUG 2026-08-27 20:11:49,875 middleware [MultiTenant] 🌐 Tenant résolu : civitas pour /api/news/v1/news/
DEBUG 2026-08-27 20:11:49,875 middleware [JWTMiddleware] 🔍 Is authenticated route: False
DEBUG 2026-08-27 20:11:49,876 middleware [MultiTenant] 🌐 Route TENANT_PUBLIC : /api/news/v1/news/ | Tenant: civitas
DEBUG 2026-08-27 20:11:49,876 middleware [JWTMiddleware] 🔍 Is admin route: False
DEBUG 2026-08-27 20:11:49,876 middleware [JWTMiddleware] 🔍 Processing request: /api/news/v1/news/
DEBUG 2026-08-27 20:11:49,876 middleware [Auth] 🌐 Accès à la route publique : /api/news/v1/news/
DEBUG 2026-08-27 20:11:49,876 middleware [JWTMiddleware] 🔍 Is public route: True
DEBUG 2026-08-27 20:11:49,878 middleware [JWTMiddleware] 🔍 Is authenticated route: False
DEBUG 2026-08-27 20:11:49,878 middleware [JWTMiddleware] 🔍 Is admin route: False
DEBUG 2026-08-27 20:11:49,879 middleware [Auth] 🌐 Accès à la route publique : /api/news/v1/news/
DEBUG 2026-08-27 20:11:50,717 middleware [TenantMiddleware] 🔍 Processing request: /api/news/v1/news/
DEBUG 2026-08-27 20:11:50,717 middleware [TenantMiddleware] 🔍 Route type: TENANT_PUBLIC
DEBUG 2026-08-27 20:11:50,718 middleware [TenantMiddleware] 🔍 API Version: v1
DEBUG 2026-08-27 20:11:50,718 middleware [MultiTenant] Cache hit pour civitas -> civitas (civitas)
DEBUG 2026-08-27 20:11:50,719 middleware [TenantMiddleware] 🔍 Processing request: /api/news/v1/news/
DEBUG 2026-08-27 20:11:50,719 middleware [MultiTenant] 🌐 Tenant résolu : civitas pour /api/news/v1/news/
DEBUG 2026-08-27 20:11:50,719 middleware [TenantMiddleware] 🔍 Route type: TENANT_PUBLIC
DEBUG 2026-08-27 20:11:50,719 middleware [MultiTenant] 🌐 Route TENANT_PUBLIC : /api/news/v1/news/ | Tenant: civitas
DEBUG 2026-08-27 20:11:50,720 middleware [TenantMiddleware] 🔍 API Version: v1
DEBUG 2026-08-27 20:11:50,720 middleware [JWTMiddleware] 🔍 Processing request: /api/news/v1/news/
DEBUG 2026-08-27 20:11:50,720 middleware [MultiTenant] Cache hit pour civitas -> civitas (civitas)
DEBUG 2026-08-27 20:11:50,720 middleware [JWTMiddleware] 🔍 Is public route: True
DEBUG 2026-08-27 20:11:50,721 middleware [MultiTenant] 🌐 Tenant résolu : civitas pour /api/news/v1/news/
DEBUG 2026-08-27 20:11:50,721 middleware [JWTMiddleware] 🔍 Is authenticated route: False
DEBUG 2026-08-27 20:11:50,721 middleware [MultiTenant] 🌐 Route TENANT_PUBLIC : /api/news/v1/news/ | Tenant: civitas
DEBUG 2026-08-27 20:11:50,721 middleware [JWTMiddleware] 🔍 Is admin route: False
DEBUG 2026-08-27 20:11:50,721 middleware [JWTMiddleware] 🔍 Processing request: /api/news/v1/news/
DEBUG 2026-08-27 20:11:50,722 middleware [Auth] 🌐 Accès à la route publique : /api/news/v1/news/
DEBUG 2026-08-27 20:11:50,722 middleware [JWTMiddleware] 🔍 Is public route: True
DEBUG 2026-08-27 20:11:50,724 middleware [JWTMiddleware] 🔍 Is authenticated route: False
DEBUG 2026-08-27 20:11:50,724 middleware [JWTMiddleware] 🔍 Is admin route: False
DEBUG 2026-08-27 20:11:50,724 middleware [Auth] 🌐 Accès à la route publique : /api/news/v1/news/
DEBUG 2026-08-27 20:12:00,664 middleware [TenantMiddleware] 🔍 Processing request: /api/statistiques/v1/globales/
DEBUG 2026-08-27 20:12:00,665 middleware [TenantMiddleware] 🔍 Processing request: /api/news/v1/news/
DEBUG 2026-08-27 20:12:00,665 middleware [TenantMiddleware] 🔍 Route type: TENANT_PUBLIC
DEBUG 2026-08-27 20:12:00,665 middleware [TenantMiddleware] 🔍 Route type: TENANT_PUBLIC
DEBUG 2026-08-27 20:12:00,666 middleware [TenantMiddleware] 🔍 API Version: v1
DEBUG 2026-08-27 20:12:00,666 middleware [TenantMiddleware] 🔍 API Version: v1
DEBUG 2026-08-27 20:12:00,666 middleware [MultiTenant] Cache hit pour civitas -> civitas (civitas)
DEBUG 2026-08-27 20:12:00,666 middleware [MultiTenant] Cache hit pour civitas -> civitas (civitas)
DEBUG 2026-08-27 20:12:00,667 middleware [MultiTenant] 🌐 Tenant résolu : civitas pour /api/statistiques/v1/globales/
DEBUG 2026-08-27 20:12:00,667 middleware [MultiTenant] 🌐 Tenant résolu : civitas pour /api/news/v1/news/
DEBUG 2026-08-27 20:12:00,667 middleware [TenantMiddleware] 🔍 Processing request: /api/moderation/v1/signalements/
DEBUG 2026-08-27 20:12:00,668 middleware [MultiTenant] 🌐 Route TENANT_PUBLIC : /api/statistiques/v1/globales/ | Tenant: civitas
DEBUG 2026-08-27 20:12:00,668 middleware [TenantMiddleware] 🔍 Processing request: /api/journal/v1/evenements/
DEBUG 2026-08-27 20:12:00,668 middleware [MultiTenant] 🌐 Route TENANT_PUBLIC : /api/news/v1/news/ | Tenant: civitas
DEBUG 2026-08-27 20:12:00,668 middleware [TenantMiddleware] 🔍 Route type: AUTHENTICATED
DEBUG 2026-08-27 20:12:00,669 middleware [JWTMiddleware] 🔍 Processing request: /api/statistiques/v1/globales/
DEBUG 2026-08-27 20:12:00,669 middleware [TenantMiddleware] 🔍 Route type: AUTHENTICATED
DEBUG 2026-08-27 20:12:00,669 middleware [JWTMiddleware] 🔍 Processing request: /api/news/v1/news/
DEBUG 2026-08-27 20:12:00,669 middleware [TenantMiddleware] 🔍 API Version: v1
DEBUG 2026-08-27 20:12:00,669 middleware [JWTMiddleware] 🔍 Is public route: True
DEBUG 2026-08-27 20:12:00,669 middleware [TenantMiddleware] 🔍 API Version: v1
DEBUG 2026-08-27 20:12:00,670 middleware [JWTMiddleware] 🔍 Is public route: True
DEBUG 2026-08-27 20:12:00,670 middleware [MultiTenant] Cache hit pour civitas -> civitas (civitas)
DEBUG 2026-08-27 20:12:00,670 middleware [JWTMiddleware] 🔍 Is authenticated route: False
DEBUG 2026-08-27 20:12:00,671 middleware [MultiTenant] Cache hit pour civitas -> civitas (civitas)
DEBUG 2026-08-27 20:12:00,671 middleware [JWTMiddleware] 🔍 Is authenticated route: False
DEBUG 2026-08-27 20:12:00,671 middleware [MultiTenant] 🌐 Tenant résolu : civitas pour /api/moderation/v1/signalements/
DEBUG 2026-08-27 20:12:00,671 middleware [JWTMiddleware] 🔍 Is admin route: False
DEBUG 2026-08-27 20:12:00,671 middleware [MultiTenant] 🌐 Tenant résolu : civitas pour /api/journal/v1/evenements/
DEBUG 2026-08-27 20:12:00,672 middleware [JWTMiddleware] 🔍 Is admin route: False
DEBUG 2026-08-27 20:12:00,672 middleware [MultiTenant] 🔐 Route AUTHENTICATED : /api/moderation/v1/signalements/ | Tenant: civitas
DEBUG 2026-08-27 20:12:00,672 middleware [Auth] 🌐 Accès à la route publique : /api/statistiques/v1/globales/
DEBUG 2026-08-27 20:12:00,672 middleware [MultiTenant] 🔐 Route AUTHENTICATED : /api/journal/v1/evenements/ | Tenant: civitas
DEBUG 2026-08-27 20:12:00,672 middleware [Auth] 🌐 Accès à la route publique : /api/news/v1/news/
DEBUG 2026-08-27 20:12:00,673 middleware [JWTMiddleware] 🔍 Processing request: /api/moderation/v1/signalements/
DEBUG 2026-08-27 20:12:00,674 middleware [JWTMiddleware] 🔍 Processing request: /api/journal/v1/evenements/
DEBUG 2026-08-27 20:12:00,677 middleware [JWTMiddleware] 🔍 Is public route: False
DEBUG 2026-08-27 20:12:00,679 middleware [JWTMiddleware] 🔍 Is public route: False
DEBUG 2026-08-27 20:12:00,679 middleware [JWTMiddleware] 🔍 Is authenticated route: True
DEBUG 2026-08-27 20:12:00,680 middleware [JWTMiddleware] 🔍 Is authenticated route: True
DEBUG 2026-08-27 20:12:00,680 middleware [JWTMiddleware] 🔍 Is admin route: False
DEBUG 2026-08-27 20:12:00,681 middleware [Auth] Token extrait du header Authorization
DEBUG 2026-08-27 20:12:00,681 middleware [JWTMiddleware] 🔍 Is admin route: False
DEBUG 2026-08-27 20:12:00,682 middleware [Auth] Token extrait du header Authorization
DEBUG 2026-08-27 20:12:00,726 middleware [Auth] 🔐 Utilisateur authentifié : admin (ID: 1)
DEBUG 2026-08-27 20:12:00,726 middleware [Auth] 🔐 Utilisateur authentifié : admin (ID: 1)
DEBUG 2026-08-27 20:12:00,729 middleware [Auth] ✅ Accès autorisé pour utilisateur authentifié : admin
DEBUG 2026-08-27 20:12:00,730 middleware [Auth] ✅ Accès autorisé pour utilisateur authentifié : admin
DEBUG 2026-08-27 20:12:00,764 middleware [TenantMiddleware] 🔍 Processing request: /api/journal/v1/evenements/
DEBUG 2026-08-27 20:12:00,765 middleware [TenantMiddleware] 🔍 Route type: AUTHENTICATED
DEBUG 2026-08-27 20:12:00,769 middleware [TenantMiddleware] 🔍 Processing request: /api/moderation/v1/signalements/
DEBUG 2026-08-27 20:12:00,771 middleware [TenantMiddleware] 🔍 API Version: v1
DEBUG 2026-08-27 20:12:00,772 middleware [TenantMiddleware] 🔍 Route type: AUTHENTICATED
DEBUG 2026-08-27 20:12:00,779 middleware [MultiTenant] Cache hit pour civitas -> civitas (civitas)
DEBUG 2026-08-27 20:12:00,780 middleware [TenantMiddleware] 🔍 API Version: v1
DEBUG 2026-08-27 20:12:00,781 middleware [MultiTenant] 🌐 Tenant résolu : civitas pour /api/journal/v1/evenements/
DEBUG 2026-08-27 20:12:00,781 middleware [MultiTenant] Cache hit pour civitas -> civitas (civitas)
DEBUG 2026-08-27 20:12:00,782 middleware [MultiTenant] 🔐 Route AUTHENTICATED : /api/journal/v1/evenements/ | Tenant: civitas
DEBUG 2026-08-27 20:12:00,788 middleware [MultiTenant] 🌐 Tenant résolu : civitas pour /api/moderation/v1/signalements/
DEBUG 2026-08-27 20:12:00,790 middleware [TenantMiddleware] 🔍 Processing request: /api/statistiques/v1/globales/
DEBUG 2026-08-27 20:12:00,790 middleware [JWTMiddleware] 🔍 Processing request: /api/journal/v1/evenements/
DEBUG 2026-08-27 20:12:00,792 middleware [MultiTenant] 🔐 Route AUTHENTICATED : /api/moderation/v1/signalements/ | Tenant: civitas
DEBUG 2026-08-27 20:12:00,792 middleware [TenantMiddleware] 🔍 Route type: TENANT_PUBLIC
DEBUG 2026-08-27 20:12:00,792 middleware [JWTMiddleware] 🔍 Is public route: False
DEBUG 2026-08-27 20:12:00,793 middleware [JWTMiddleware] 🔍 Processing request: /api/moderation/v1/signalements/
DEBUG 2026-08-27 20:12:00,794 middleware [TenantMiddleware] 🔍 API Version: v1
DEBUG 2026-08-27 20:12:00,794 middleware [JWTMiddleware] 🔍 Is authenticated route: True
DEBUG 2026-08-27 20:12:00,795 middleware [JWTMiddleware] 🔍 Is public route: False
DEBUG 2026-08-27 20:12:00,795 middleware [MultiTenant] Cache hit pour civitas -> civitas (civitas)
DEBUG 2026-08-27 20:12:00,797 middleware [JWTMiddleware] 🔍 Is admin route: False
DEBUG 2026-08-27 20:12:00,798 middleware [JWTMiddleware] 🔍 Is authenticated route: True
DEBUG 2026-08-27 20:12:00,800 middleware [MultiTenant] 🌐 Tenant résolu : civitas pour /api/statistiques/v1/globales/
DEBUG 2026-08-27 20:12:00,801 middleware [Auth] Token extrait du header Authorization
DEBUG 2026-08-27 20:12:00,802 middleware [JWTMiddleware] 🔍 Is admin route: False
DEBUG 2026-08-27 20:12:00,802 middleware [MultiTenant] 🌐 Route TENANT_PUBLIC : /api/statistiques/v1/globales/ | Tenant: civitas
DEBUG 2026-08-27 20:12:00,806 middleware [Auth] Token extrait du header Authorization
DEBUG 2026-08-27 20:12:00,806 middleware [JWTMiddleware] 🔍 Processing request: /api/statistiques/v1/globales/
DEBUG 2026-08-27 20:12:00,810 middleware [JWTMiddleware] 🔍 Is public route: True
DEBUG 2026-08-27 20:12:00,810 middleware [JWTMiddleware] 🔍 Is authenticated route: False
DEBUG 2026-08-27 20:12:00,812 middleware [JWTMiddleware] 🔍 Is admin route: False
DEBUG 2026-08-27 20:12:00,813 middleware [Auth] 🌐 Accès à la route publique : /api/statistiques/v1/globales/
DEBUG 2026-08-27 20:12:00,840 middleware [Auth] 🔐 Utilisateur authentifié : admin (ID: 1)
DEBUG 2026-08-27 20:12:00,842 middleware [Auth] ✅ Accès autorisé pour utilisateur authentifié : admin
DEBUG 2026-08-27 20:12:00,843 middleware [Auth] 🔐 Utilisateur authentifié : admin (ID: 1)
DEBUG 2026-08-27 20:12:00,846 middleware [Auth] ✅ Accès autorisé pour utilisateur authentifié : admin
DEBUG 2026-08-27 20:12:00,987 middleware [TenantMiddleware] 🔍 Processing request: /api/news/v1/news/
DEBUG 2026-08-27 20:12:00,988 middleware [TenantMiddleware] 🔍 Route type: TENANT_PUBLIC
DEBUG 2026-08-27 20:12:00,988 middleware [TenantMiddleware] 🔍 API Version: v1
DEBUG 2026-08-27 20:12:00,988 middleware [MultiTenant] Cache hit pour civitas -> civitas (civitas)
DEBUG 2026-08-27 20:12:00,988 middleware [MultiTenant] 🌐 Tenant résolu : civitas pour /api/news/v1/news/
DEBUG 2026-08-27 20:12:00,988 middleware [MultiTenant] 🌐 Route TENANT_PUBLIC : /api/news/v1/news/ | Tenant: civitas
DEBUG 2026-08-27 20:12:00,989 middleware [JWTMiddleware] 🔍 Processing request: /api/news/v1/news/
DEBUG 2026-08-27 20:12:00,989 middleware [JWTMiddleware] 🔍 Is public route: True
DEBUG 2026-08-27 20:12:00,989 middleware [JWTMiddleware] 🔍 Is authenticated route: False
DEBUG 2026-08-27 20:12:00,989 middleware [JWTMiddleware] 🔍 Is admin route: False
DEBUG 2026-08-27 20:12:00,989 middleware [Auth] 🌐 Accès à la route publique : /api/news/v1/news/
DEBUG 2026-08-27 20:12:01,012 middleware [TenantMiddleware] 🔍 Processing request: /api/news/v1/news/
DEBUG 2026-08-27 20:12:01,013 middleware [TenantMiddleware] 🔍 Route type: TENANT_PUBLIC
DEBUG 2026-08-27 20:12:01,013 middleware [TenantMiddleware] 🔍 API Version: v1
DEBUG 2026-08-27 20:12:01,014 middleware [MultiTenant] Cache hit pour civitas -> civitas (civitas)
DEBUG 2026-08-27 20:12:01,014 middleware [MultiTenant] 🌐 Tenant résolu : civitas pour /api/news/v1/news/
DEBUG 2026-08-27 20:12:01,014 middleware [MultiTenant] 🌐 Route TENANT_PUBLIC : /api/news/v1/news/ | Tenant: civitas
DEBUG 2026-08-27 20:12:01,014 middleware [JWTMiddleware] 🔍 Processing request: /api/news/v1/news/
DEBUG 2026-08-27 20:12:01,015 middleware [JWTMiddleware] 🔍 Is public route: True
DEBUG 2026-08-27 20:12:01,015 middleware [JWTMiddleware] 🔍 Is authenticated route: False
DEBUG 2026-08-27 20:12:01,015 middleware [JWTMiddleware] 🔍 Is admin route: False
DEBUG 2026-08-27 20:12:01,015 middleware [Auth] 🌐 Accès à la route publique : /api/news/v1/news/
DEBUG 2026-08-27 20:12:01,439 middleware [TenantMiddleware] 🔍 Processing request: /api/news/v1/news/
DEBUG 2026-08-27 20:12:01,440 middleware [TenantMiddleware] 🔍 Route type: TENANT_PUBLIC
DEBUG 2026-08-27 20:12:01,441 middleware [TenantMiddleware] 🔍 API Version: v1
DEBUG 2026-08-27 20:12:01,442 middleware [MultiTenant] Cache hit pour civitas -> civitas (civitas)
DEBUG 2026-08-27 20:12:01,442 middleware [MultiTenant] 🌐 Tenant résolu : civitas pour /api/news/v1/news/
DEBUG 2026-08-27 20:12:01,443 middleware [MultiTenant] 🌐 Route TENANT_PUBLIC : /api/news/v1/news/ | Tenant: civitas
DEBUG 2026-08-27 20:12:01,443 middleware [JWTMiddleware] 🔍 Processing request: /api/news/v1/news/
DEBUG 2026-08-27 20:12:01,444 middleware [JWTMiddleware] 🔍 Is public route: True
DEBUG 2026-08-27 20:12:01,444 middleware [JWTMiddleware] 🔍 Is authenticated route: False
DEBUG 2026-08-27 20:12:01,444 middleware [JWTMiddleware] 🔍 Is admin route: False
DEBUG 2026-08-27 20:12:01,445 middleware [Auth] 🌐 Accès à la route publique : /api/news/v1/news/
DEBUG 2026-08-27 20:12:01,454 middleware [TenantMiddleware] 🔍 Processing request: /api/news/v1/news/
DEBUG 2026-08-27 20:12:01,455 middleware [TenantMiddleware] 🔍 Route type: TENANT_PUBLIC
DEBUG 2026-08-27 20:12:01,455 middleware [TenantMiddleware] 🔍 API Version: v1
DEBUG 2026-08-27 20:12:01,456 middleware [MultiTenant] Cache hit pour civitas -> civitas (civitas)
DEBUG 2026-08-27 20:12:01,457 middleware [MultiTenant] 🌐 Tenant résolu : civitas pour /api/news/v1/news/
DEBUG 2026-08-27 20:12:01,457 middleware [MultiTenant] 🌐 Route TENANT_PUBLIC : /api/news/v1/news/ | Tenant: civitas
DEBUG 2026-08-27 20:12:01,458 middleware [JWTMiddleware] 🔍 Processing request: /api/news/v1/news/
DEBUG 2026-08-27 20:12:01,458 middleware [JWTMiddleware] 🔍 Is public route: True
DEBUG 2026-08-27 20:12:01,459 middleware [JWTMiddleware] 🔍 Is authenticated route: False
DEBUG 2026-08-27 20:12:01,459 middleware [JWTMiddleware] 🔍 Is admin route: False
DEBUG 2026-08-27 20:12:01,459 middleware [Auth] 🌐 Accès à la route publique : /api/news/v1/news/
DEBUG 2026-08-27 20:12:02,128 middleware [TenantMiddleware] 🔍 Processing request: /api/news/v1/news/
DEBUG 2026-08-27 20:12:02,128 middleware [TenantMiddleware] 🔍 Route type: TENANT_PUBLIC
DEBUG 2026-08-27 20:12:02,129 middleware [TenantMiddleware] 🔍 API Version: v1
DEBUG 2026-08-27 20:12:02,130 middleware [MultiTenant] Cache hit pour civitas -> civitas (civitas)
DEBUG 2026-08-27 20:12:02,131 middleware [MultiTenant] 🌐 Tenant résolu : civitas pour /api/news/v1/news/
DEBUG 2026-08-27 20:12:02,132 middleware [MultiTenant] 🌐 Route TENANT_PUBLIC : /api/news/v1/news/ | Tenant: civitas
DEBUG 2026-08-27 20:12:02,132 middleware [JWTMiddleware] 🔍 Processing request: /api/news/v1/news/
DEBUG 2026-08-27 20:12:02,133 middleware [JWTMiddleware] 🔍 Is public route: True
DEBUG 2026-08-27 20:12:02,133 middleware [JWTMiddleware] 🔍 Is authenticated route: False
DEBUG 2026-08-27 20:12:02,134 middleware [JWTMiddleware] 🔍 Is admin route: False
DEBUG 2026-08-27 20:12:02,134 middleware [Auth] 🌐 Accès à la route publique : /api/news/v1/news/
DEBUG 2026-08-27 20:12:02,139 middleware [TenantMiddleware] 🔍 Processing request: /api/news/v1/news/
DEBUG 2026-08-27 20:12:02,140 middleware [TenantMiddleware] 🔍 Route type: TENANT_PUBLIC
DEBUG 2026-08-27 20:12:02,141 middleware [TenantMiddleware] 🔍 API Version: v1
DEBUG 2026-08-27 20:12:02,141 middleware [MultiTenant] Cache hit pour civitas -> civitas (civitas)
DEBUG 2026-08-27 20:12:02,142 middleware [MultiTenant] 🌐 Tenant résolu : civitas pour /api/news/v1/news/
DEBUG 2026-08-27 20:12:02,143 middleware [MultiTenant] 🌐 Route TENANT_PUBLIC : /api/news/v1/news/ | Tenant: civitas
DEBUG 2026-08-27 20:12:02,143 middleware [JWTMiddleware] 🔍 Processing request: /api/news/v1/news/
DEBUG 2026-08-27 20:12:02,144 middleware [JWTMiddleware] 🔍 Is public route: True
DEBUG 2026-08-27 20:12:02,144 middleware [JWTMiddleware] 🔍 Is authenticated route: False
DEBUG 2026-08-27 20:12:02,145 middleware [JWTMiddleware] 🔍 Is admin route: False
DEBUG 2026-08-27 20:12:02,145 middleware [Auth] 🌐 Accès à la route publique : /api/news/v1/news/
DEBUG 2026-08-27 20:12:02,728 middleware [TenantMiddleware] 🔍 Processing request: /api/news/v1/news/
DEBUG 2026-08-27 20:12:02,728 middleware [TenantMiddleware] 🔍 Route type: TENANT_PUBLIC
DEBUG 2026-08-27 20:12:02,729 middleware [TenantMiddleware] 🔍 API Version: v1
DEBUG 2026-08-27 20:12:02,729 middleware [MultiTenant] Cache hit pour civitas -> civitas (civitas)
DEBUG 2026-08-27 20:12:02,729 middleware [MultiTenant] 🌐 Tenant résolu : civitas pour /api/news/v1/news/
DEBUG 2026-08-27 20:12:02,729 middleware [MultiTenant] 🌐 Route TENANT_PUBLIC : /api/news/v1/news/ | Tenant: civitas
DEBUG 2026-08-27 20:12:02,729 middleware [JWTMiddleware] 🔍 Processing request: /api/news/v1/news/
DEBUG 2026-08-27 20:12:02,729 middleware [JWTMiddleware] 🔍 Is public route: True
DEBUG 2026-08-27 20:12:02,730 middleware [JWTMiddleware] 🔍 Is authenticated route: False
DEBUG 2026-08-27 20:12:02,730 middleware [JWTMiddleware] 🔍 Is admin route: False
DEBUG 2026-08-27 20:12:02,730 middleware [Auth] 🌐 Accès à la route publique : /api/news/v1/news/
DEBUG 2026-08-27 20:12:02,738 middleware [TenantMiddleware] 🔍 Processing request: /api/news/v1/news/
DEBUG 2026-08-27 20:12:02,738 middleware [TenantMiddleware] 🔍 Route type: TENANT_PUBLIC
DEBUG 2026-08-27 20:12:02,738 middleware [TenantMiddleware] 🔍 API Version: v1
DEBUG 2026-08-27 20:12:02,738 middleware [MultiTenant] Cache hit pour civitas -> civitas (civitas)
DEBUG 2026-08-27 20:12:02,738 middleware [MultiTenant] 🌐 Tenant résolu : civitas pour /api/news/v1/news/
DEBUG 2026-08-27 20:12:02,738 middleware [MultiTenant] 🌐 Route TENANT_PUBLIC : /api/news/v1/news/ | Tenant: civitas
DEBUG 2026-08-27 20:12:02,739 middleware [JWTMiddleware] 🔍 Processing request: /api/news/v1/news/
DEBUG 2026-08-27 20:12:02,739 middleware [JWTMiddleware] 🔍 Is public route: True
DEBUG 2026-08-27 20:12:02,739 middleware [JWTMiddleware] 🔍 Is authenticated route: False
DEBUG 2026-08-27 20:12:02,739 middleware [JWTMiddleware] 🔍 Is admin route: False
DEBUG 2026-08-27 20:12:02,739 middleware [Auth] 🌐 Accès à la route publique : /api/news/v1/news/
DEBUG 2026-08-27 20:12:02,992 middleware [TenantMiddleware] 🔍 Processing request: /api/news/v1/news/
DEBUG 2026-08-27 20:12:02,992 middleware [TenantMiddleware] 🔍 Route type: TENANT_PUBLIC
DEBUG 2026-08-27 20:12:02,992 middleware [TenantMiddleware] 🔍 API Version: v1
DEBUG 2026-08-27 20:12:02,992 middleware [MultiTenant] Cache hit pour civitas -> civitas (civitas)
DEBUG 2026-08-27 20:12:02,993 middleware [MultiTenant] 🌐 Tenant résolu : civitas pour /api/news/v1/news/
DEBUG 2026-08-27 20:12:02,993 middleware [MultiTenant] 🌐 Route TENANT_PUBLIC : /api/news/v1/news/ | Tenant: civitas
DEBUG 2026-08-27 20:12:02,993 middleware [JWTMiddleware] 🔍 Processing request: /api/news/v1/news/
DEBUG 2026-08-27 20:12:02,993 middleware [JWTMiddleware] 🔍 Is public route: True
DEBUG 2026-08-27 20:12:02,993 middleware [JWTMiddleware] 🔍 Is authenticated route: False
DEBUG 2026-08-27 20:12:02,993 middleware [JWTMiddleware] 🔍 Is admin route: False
DEBUG 2026-08-27 20:12:02,993 middleware [Auth] 🌐 Accès à la route publique : /api/news/v1/news/
DEBUG 2026-08-27 20:12:02,996 middleware [TenantMiddleware] 🔍 Processing request: /api/news/v1/news/
DEBUG 2026-08-27 20:12:02,996 middleware [TenantMiddleware] 🔍 Route type: TENANT_PUBLIC
DEBUG 2026-08-27 20:12:02,996 middleware [TenantMiddleware] 🔍 API Version: v1
DEBUG 2026-08-27 20:12:02,997 middleware [MultiTenant] Cache hit pour civitas -> civitas (civitas)
DEBUG 2026-08-27 20:12:02,997 middleware [MultiTenant] 🌐 Tenant résolu : civitas pour /api/news/v1/news/
DEBUG 2026-08-27 20:12:02,997 middleware [MultiTenant] 🌐 Route TENANT_PUBLIC : /api/news/v1/news/ | Tenant: civitas
DEBUG 2026-08-27 20:12:02,997 middleware [JWTMiddleware] 🔍 Processing request: /api/news/v1/news/
DEBUG 2026-08-27 20:12:02,997 middleware [JWTMiddleware] 🔍 Is public route: True
DEBUG 2026-08-27 20:12:02,997 middleware [JWTMiddleware] 🔍 Is authenticated route: False
DEBUG 2026-08-27 20:12:02,998 middleware [JWTMiddleware] 🔍 Is admin route: False
DEBUG 2026-08-27 20:12:02,998 middleware [Auth] 🌐 Accès à la route publique : /api/news/v1/news/
DEBUG 2026-08-27 20:12:03,563 middleware [TenantMiddleware] 🔍 Processing request: /api/news/v1/news/
DEBUG 2026-08-27 20:12:03,564 middleware [TenantMiddleware] 🔍 Route type: TENANT_PUBLIC
DEBUG 2026-08-27 20:12:03,564 middleware [TenantMiddleware] 🔍 API Version: v1
DEBUG 2026-08-27 20:12:03,564 middleware [MultiTenant] Cache hit pour civitas -> civitas (civitas)
DEBUG 2026-08-27 20:12:03,564 middleware [MultiTenant] 🌐 Tenant résolu : civitas pour /api/news/v1/news/
DEBUG 2026-08-27 20:12:03,564 middleware [MultiTenant] 🌐 Route TENANT_PUBLIC : /api/news/v1/news/ | Tenant: civitas
DEBUG 2026-08-27 20:12:03,564 middleware [JWTMiddleware] 🔍 Processing request: /api/news/v1/news/
DEBUG 2026-08-27 20:12:03,565 middleware [JWTMiddleware] 🔍 Is public route: True
DEBUG 2026-08-27 20:12:03,565 middleware [JWTMiddleware] 🔍 Is authenticated route: False
DEBUG 2026-08-27 20:12:03,565 middleware [JWTMiddleware] 🔍 Is admin route: False
DEBUG 2026-08-27 20:12:03,565 middleware [Auth] 🌐 Accès à la route publique : /api/news/v1/news/
DEBUG 2026-08-27 20:12:05,096 middleware [TenantMiddleware] 🔍 Processing request: /api/news/v1/news/20/
DEBUG 2026-08-27 20:12:05,096 middleware [TenantMiddleware] 🔍 Route type: TENANT_PUBLIC
DEBUG 2026-08-27 20:12:05,096 middleware [TenantMiddleware] 🔍 API Version: v1
DEBUG 2026-08-27 20:12:05,096 middleware [MultiTenant] Cache hit pour civitas -> civitas (civitas)
DEBUG 2026-08-27 20:12:05,097 middleware [MultiTenant] 🌐 Tenant résolu : civitas pour /api/news/v1/news/20/
DEBUG 2026-08-27 20:12:05,097 middleware [MultiTenant] 🌐 Route TENANT_PUBLIC : /api/news/v1/news/20/ | Tenant: civitas
DEBUG 2026-08-27 20:12:05,097 middleware [JWTMiddleware] 🔍 Processing request: /api/news/v1/news/20/
DEBUG 2026-08-27 20:12:05,097 middleware [JWTMiddleware] 🔍 Is public route: True
DEBUG 2026-08-27 20:12:05,098 middleware [JWTMiddleware] 🔍 Is authenticated route: False
DEBUG 2026-08-27 20:12:05,098 middleware [JWTMiddleware] 🔍 Is admin route: False
DEBUG 2026-08-27 20:12:05,098 middleware [Auth] 🌐 Accès à la route publique : /api/news/v1/news/20/
DEBUG 2026-08-27 20:12:05,259 middleware [TenantMiddleware] 🔍 Processing request: /api/news/v1/news/20/
DEBUG 2026-08-27 20:12:05,259 middleware [TenantMiddleware] 🔍 Route type: TENANT_PUBLIC
DEBUG 2026-08-27 20:12:05,260 middleware [TenantMiddleware] 🔍 API Version: v1
DEBUG 2026-08-27 20:12:05,261 middleware [MultiTenant] Cache hit pour civitas -> civitas (civitas)
DEBUG 2026-08-27 20:12:05,261 middleware [MultiTenant] 🌐 Tenant résolu : civitas pour /api/news/v1/news/20/
DEBUG 2026-08-27 20:12:05,262 middleware [MultiTenant] 🌐 Route TENANT_PUBLIC : /api/news/v1/news/20/ | Tenant: civitas
DEBUG 2026-08-27 20:12:05,262 middleware [JWTMiddleware] 🔍 Processing request: /api/news/v1/news/20/
DEBUG 2026-08-27 20:12:05,263 middleware [JWTMiddleware] 🔍 Is public route: True
DEBUG 2026-08-27 20:12:05,263 middleware [JWTMiddleware] 🔍 Is authenticated route: False
DEBUG 2026-08-27 20:12:05,264 middleware [JWTMiddleware] 🔍 Is admin route: False
DEBUG 2026-08-27 20:12:05,264 middleware [Auth] 🌐 Accès à la route publique : /api/news/v1/news/20/
DEBUG 2026-08-27 20:12:05,503 middleware [TenantMiddleware] 🔍 Processing request: /api/referentiels/v1/categories/
DEBUG 2026-08-27 20:12:05,505 middleware [TenantMiddleware] 🔍 Processing request: /api/referentiels/v1/organisations/
DEBUG 2026-08-27 20:12:05,507 middleware [TenantMiddleware] 🔍 Processing request: /api/referentiels/v1/etablissements/
DEBUG 2026-08-27 20:12:05,512 middleware [TenantMiddleware] 🔍 Route type: TENANT_PUBLIC
DEBUG 2026-08-27 20:12:05,516 middleware [TenantMiddleware] 🔍 Route type: TENANT_PUBLIC
DEBUG 2026-08-27 20:12:05,517 middleware [TenantMiddleware] 🔍 Route type: TENANT_PUBLIC
DEBUG 2026-08-27 20:12:05,517 middleware [TenantMiddleware] 🔍 API Version: v1
DEBUG 2026-08-27 20:12:05,519 middleware [TenantMiddleware] 🔍 API Version: v1
DEBUG 2026-08-27 20:12:05,519 middleware [TenantMiddleware] 🔍 API Version: v1
DEBUG 2026-08-27 20:12:05,522 middleware [MultiTenant] Cache hit pour civitas -> civitas (civitas)
DEBUG 2026-08-27 20:12:05,521 middleware [MultiTenant] Cache hit pour civitas -> civitas (civitas)
DEBUG 2026-08-27 20:12:05,520 middleware [MultiTenant] Cache hit pour civitas -> civitas (civitas)
DEBUG 2026-08-27 20:12:05,524 middleware [TenantMiddleware] 🔍 Processing request: /api/news/v1/medias/
DEBUG 2026-08-27 20:12:05,524 middleware [MultiTenant] 🌐 Tenant résolu : civitas pour /api/referentiels/v1/etablissements/
DEBUG 2026-08-27 20:12:05,525 middleware [MultiTenant] 🌐 Tenant résolu : civitas pour /api/referentiels/v1/organisations/
DEBUG 2026-08-27 20:12:05,525 middleware [MultiTenant] 🌐 Tenant résolu : civitas pour /api/referentiels/v1/categories/
DEBUG 2026-08-27 20:12:05,526 middleware [TenantMiddleware] 🔍 Route type: TENANT_PUBLIC
DEBUG 2026-08-27 20:12:05,526 middleware [MultiTenant] 🌐 Route TENANT_PUBLIC : /api/referentiels/v1/etablissements/ | Tenant: civitas
DEBUG 2026-08-27 20:12:05,526 middleware [MultiTenant] 🌐 Route TENANT_PUBLIC : /api/referentiels/v1/organisations/ | Tenant: civitas
DEBUG 2026-08-27 20:12:05,527 middleware [MultiTenant] 🌐 Route TENANT_PUBLIC : /api/referentiels/v1/categories/ | Tenant: civitas
DEBUG 2026-08-27 20:12:05,527 middleware [TenantMiddleware] 🔍 API Version: v1
DEBUG 2026-08-27 20:12:05,527 middleware [JWTMiddleware] 🔍 Processing request: /api/referentiels/v1/etablissements/
DEBUG 2026-08-27 20:12:05,528 middleware [JWTMiddleware] 🔍 Processing request: /api/referentiels/v1/organisations/
DEBUG 2026-08-27 20:12:05,528 middleware [JWTMiddleware] 🔍 Processing request: /api/referentiels/v1/categories/
DEBUG 2026-08-27 20:12:05,529 middleware [MultiTenant] Cache hit pour civitas -> civitas (civitas)
DEBUG 2026-08-27 20:12:05,529 middleware [JWTMiddleware] 🔍 Is public route: True
DEBUG 2026-08-27 20:12:05,530 middleware [JWTMiddleware] 🔍 Is public route: True
DEBUG 2026-08-27 20:12:05,530 middleware [JWTMiddleware] 🔍 Is public route: True
DEBUG 2026-08-27 20:12:05,531 middleware [MultiTenant] 🌐 Tenant résolu : civitas pour /api/news/v1/medias/
DEBUG 2026-08-27 20:12:05,531 middleware [JWTMiddleware] 🔍 Is authenticated route: False
DEBUG 2026-08-27 20:12:05,532 middleware [JWTMiddleware] 🔍 Is authenticated route: False
DEBUG 2026-08-27 20:12:05,532 middleware [JWTMiddleware] 🔍 Is authenticated route: False
DEBUG 2026-08-27 20:12:05,533 middleware [MultiTenant] 🌐 Route TENANT_PUBLIC : /api/news/v1/medias/ | Tenant: civitas
DEBUG 2026-08-27 20:12:05,533 middleware [JWTMiddleware] 🔍 Is admin route: False
DEBUG 2026-08-27 20:12:05,534 middleware [JWTMiddleware] 🔍 Is admin route: False
DEBUG 2026-08-27 20:12:05,534 middleware [JWTMiddleware] 🔍 Is admin route: False
DEBUG 2026-08-27 20:12:05,535 middleware [JWTMiddleware] 🔍 Processing request: /api/news/v1/medias/
DEBUG 2026-08-27 20:12:05,536 middleware [Auth] 🌐 Accès à la route publique : /api/referentiels/v1/etablissements/
DEBUG 2026-08-27 20:12:05,536 middleware [Auth] 🌐 Accès à la route publique : /api/referentiels/v1/organisations/
DEBUG 2026-08-27 20:12:05,537 middleware [Auth] 🌐 Accès à la route publique : /api/referentiels/v1/categories/
DEBUG 2026-08-27 20:12:05,537 middleware [JWTMiddleware] 🔍 Is public route: True
DEBUG 2026-08-27 20:12:05,549 middleware [JWTMiddleware] 🔍 Is authenticated route: False
DEBUG 2026-08-27 20:12:05,549 middleware [JWTMiddleware] 🔍 Is admin route: False
DEBUG 2026-08-27 20:12:05,550 middleware [Auth] 🌐 Accès à la route publique : /api/news/v1/medias/
DEBUG 2026-08-27 20:12:05,599 middleware [TenantMiddleware] 🔍 Processing request: /api/referentiels/v1/etablissements/
DEBUG 2026-08-27 20:12:05,605 middleware [TenantMiddleware] 🔍 Processing request: /api/referentiels/v1/organisations/
DEBUG 2026-08-27 20:12:05,605 middleware [TenantMiddleware] 🔍 Route type: TENANT_PUBLIC
DEBUG 2026-08-27 20:12:05,606 middleware [TenantMiddleware] 🔍 Route type: TENANT_PUBLIC
DEBUG 2026-08-27 20:12:05,607 middleware [TenantMiddleware] 🔍 API Version: v1
DEBUG 2026-08-27 20:12:05,607 middleware [TenantMiddleware] 🔍 API Version: v1
DEBUG 2026-08-27 20:12:05,608 middleware [TenantMiddleware] 🔍 Processing request: /api/referentiels/v1/categories/
DEBUG 2026-08-27 20:12:05,608 middleware [MultiTenant] Cache hit pour civitas -> civitas (civitas)
DEBUG 2026-08-27 20:12:05,609 middleware [MultiTenant] Cache hit pour civitas -> civitas (civitas)
DEBUG 2026-08-27 20:12:05,609 middleware [TenantMiddleware] 🔍 Route type: TENANT_PUBLIC
DEBUG 2026-08-27 20:12:05,610 middleware [MultiTenant] 🌐 Tenant résolu : civitas pour /api/referentiels/v1/etablissements/
DEBUG 2026-08-27 20:12:05,610 middleware [MultiTenant] 🌐 Tenant résolu : civitas pour /api/referentiels/v1/organisations/
DEBUG 2026-08-27 20:12:05,610 middleware [TenantMiddleware] 🔍 API Version: v1
DEBUG 2026-08-27 20:12:05,611 middleware [MultiTenant] 🌐 Route TENANT_PUBLIC : /api/referentiels/v1/etablissements/ | Tenant: civitas
DEBUG 2026-08-27 20:12:05,611 middleware [MultiTenant] 🌐 Route TENANT_PUBLIC : /api/referentiels/v1/organisations/ | Tenant: civitas
DEBUG 2026-08-27 20:12:05,611 middleware [MultiTenant] Cache hit pour civitas -> civitas (civitas)
DEBUG 2026-08-27 20:12:05,611 middleware [JWTMiddleware] 🔍 Processing request: /api/referentiels/v1/etablissements/
DEBUG 2026-08-27 20:12:05,612 middleware [JWTMiddleware] 🔍 Processing request: /api/referentiels/v1/organisations/
DEBUG 2026-08-27 20:12:05,612 middleware [MultiTenant] 🌐 Tenant résolu : civitas pour /api/referentiels/v1/categories/
DEBUG 2026-08-27 20:12:05,612 middleware [JWTMiddleware] 🔍 Is public route: True
DEBUG 2026-08-27 20:12:05,612 middleware [JWTMiddleware] 🔍 Is public route: True
DEBUG 2026-08-27 20:12:05,612 middleware [MultiTenant] 🌐 Route TENANT_PUBLIC : /api/referentiels/v1/categories/ | Tenant: civitas
DEBUG 2026-08-27 20:12:05,613 middleware [JWTMiddleware] 🔍 Is authenticated route: False
DEBUG 2026-08-27 20:12:05,613 middleware [JWTMiddleware] 🔍 Is authenticated route: False
DEBUG 2026-08-27 20:12:05,613 middleware [JWTMiddleware] 🔍 Processing request: /api/referentiels/v1/categories/
DEBUG 2026-08-27 20:12:05,613 middleware [JWTMiddleware] 🔍 Is admin route: False
DEBUG 2026-08-27 20:12:05,614 middleware [JWTMiddleware] 🔍 Is admin route: False
DEBUG 2026-08-27 20:12:05,614 middleware [JWTMiddleware] 🔍 Is public route: True
DEBUG 2026-08-27 20:12:05,614 middleware [Auth] 🌐 Accès à la route publique : /api/referentiels/v1/etablissements/
DEBUG 2026-08-27 20:12:05,615 middleware [Auth] 🌐 Accès à la route publique : /api/referentiels/v1/organisations/
DEBUG 2026-08-27 20:12:05,615 middleware [JWTMiddleware] 🔍 Is authenticated route: False
DEBUG 2026-08-27 20:12:05,619 middleware [JWTMiddleware] 🔍 Is admin route: False
DEBUG 2026-08-27 20:12:05,619 middleware [Auth] 🌐 Accès à la route publique : /api/referentiels/v1/categories/
DEBUG 2026-08-27 20:12:05,655 middleware [TenantMiddleware] 🔍 Processing request: /api/news/v1/medias/
DEBUG 2026-08-27 20:12:05,656 middleware [TenantMiddleware] 🔍 Route type: TENANT_PUBLIC
DEBUG 2026-08-27 20:12:05,656 middleware [TenantMiddleware] 🔍 API Version: v1
DEBUG 2026-08-27 20:12:05,657 middleware [MultiTenant] Cache hit pour civitas -> civitas (civitas)
DEBUG 2026-08-27 20:12:05,658 middleware [MultiTenant] 🌐 Tenant résolu : civitas pour /api/news/v1/medias/
DEBUG 2026-08-27 20:12:05,658 middleware [MultiTenant] 🌐 Route TENANT_PUBLIC : /api/news/v1/medias/ | Tenant: civitas
DEBUG 2026-08-27 20:12:05,659 middleware [JWTMiddleware] 🔍 Processing request: /api/news/v1/medias/
DEBUG 2026-08-27 20:12:05,659 middleware [JWTMiddleware] 🔍 Is public route: True
DEBUG 2026-08-27 20:12:05,659 middleware [JWTMiddleware] 🔍 Is authenticated route: False
DEBUG 2026-08-27 20:12:05,662 middleware [JWTMiddleware] 🔍 Is admin route: False
DEBUG 2026-08-27 20:12:05,662 middleware [Auth] 🌐 Accès à la route publique : /api/news/v1/medias/
DEBUG 2026-08-27 20:12:23,117 middleware [TenantMiddleware] 🔍 Processing request: /api/news/v1/news/20/
DEBUG 2026-08-27 20:12:23,117 middleware [TenantMiddleware] 🔍 Route type: TENANT_PUBLIC
DEBUG 2026-08-27 20:12:23,117 middleware [TenantMiddleware] 🔍 API Version: v1
DEBUG 2026-08-27 20:12:23,117 middleware [MultiTenant] Cache hit pour civitas -> civitas (civitas)
DEBUG 2026-08-27 20:12:23,118 middleware [MultiTenant] 🌐 Tenant résolu : civitas pour /api/news/v1/news/20/
DEBUG 2026-08-27 20:12:23,118 middleware [MultiTenant] 🌐 Route TENANT_PUBLIC : /api/news/v1/news/20/ | Tenant: civitas
DEBUG 2026-08-27 20:12:23,118 middleware [JWTMiddleware] 🔍 Processing request: /api/news/v1/news/20/
DEBUG 2026-08-27 20:12:23,118 middleware [JWTMiddleware] 🔍 Is public route: True
DEBUG 2026-08-27 20:12:23,118 middleware [JWTMiddleware] 🔍 Is authenticated route: False
DEBUG 2026-08-27 20:12:23,118 middleware [JWTMiddleware] 🔍 Is admin route: False
DEBUG 2026-08-27 20:12:23,119 middleware [Auth] 🌐 Accès à la route publique : /api/news/v1/news/20/
DEBUG 2026-08-27 20:12:26,033 middleware [TenantMiddleware] 🔍 Processing request: /api/news/v1/news/
DEBUG 2026-08-27 20:12:26,033 middleware [TenantMiddleware] 🔍 Route type: TENANT_PUBLIC
DEBUG 2026-08-27 20:12:26,033 middleware [TenantMiddleware] 🔍 API Version: v1
DEBUG 2026-08-27 20:12:26,033 middleware [MultiTenant] Cache hit pour civitas -> civitas (civitas)
DEBUG 2026-08-27 20:12:26,034 middleware [MultiTenant] 🌐 Tenant résolu : civitas pour /api/news/v1/news/
DEBUG 2026-08-27 20:12:26,034 middleware [MultiTenant] 🌐 Route TENANT_PUBLIC : /api/news/v1/news/ | Tenant: civitas
DEBUG 2026-08-27 20:12:26,034 middleware [JWTMiddleware] 🔍 Processing request: /api/news/v1/news/
DEBUG 2026-08-27 20:12:26,034 middleware [JWTMiddleware] 🔍 Is public route: True
DEBUG 2026-08-27 20:12:26,034 middleware [JWTMiddleware] 🔍 Is authenticated route: False
DEBUG 2026-08-27 20:12:26,035 middleware [JWTMiddleware] 🔍 Is admin route: False
DEBUG 2026-08-27 20:12:26,035 middleware [Auth] 🌐 Accès à la route publique : /api/news/v1/news/
DEBUG 2026-08-27 20:12:26,190 middleware [TenantMiddleware] 🔍 Processing request: /api/news/v1/news/
DEBUG 2026-08-27 20:12:26,190 middleware [TenantMiddleware] 🔍 Route type: TENANT_PUBLIC
DEBUG 2026-08-27 20:12:26,191 middleware [TenantMiddleware] 🔍 API Version: v1
DEBUG 2026-08-27 20:12:26,191 middleware [MultiTenant] Cache hit pour civitas -> civitas (civitas)
DEBUG 2026-08-27 20:12:26,191 middleware [MultiTenant] 🌐 Tenant résolu : civitas pour /api/news/v1/news/
DEBUG 2026-08-27 20:12:26,191 middleware [MultiTenant] 🌐 Route TENANT_PUBLIC : /api/news/v1/news/ | Tenant: civitas
DEBUG 2026-08-27 20:12:26,192 middleware [JWTMiddleware] 🔍 Processing request: /api/news/v1/news/
DEBUG 2026-08-27 20:12:26,192 middleware [JWTMiddleware] 🔍 Is public route: True
DEBUG 2026-08-27 20:12:26,192 middleware [JWTMiddleware] 🔍 Is authenticated route: False
DEBUG 2026-08-27 20:12:26,192 middleware [JWTMiddleware] 🔍 Is admin route: False
DEBUG 2026-08-27 20:12:26,192 middleware [Auth] 🌐 Accès à la route publique : /api/news/v1/news/
DEBUG 2026-08-27 20:12:26,194 middleware [TenantMiddleware] 🔍 Processing request: /api/news/v1/news/
DEBUG 2026-08-27 20:12:26,195 middleware [TenantMiddleware] 🔍 Route type: TENANT_PUBLIC
DEBUG 2026-08-27 20:12:26,195 middleware [TenantMiddleware] 🔍 API Version: v1
DEBUG 2026-08-27 20:12:26,195 middleware [MultiTenant] Cache hit pour civitas -> civitas (civitas)
DEBUG 2026-08-27 20:12:26,195 middleware [MultiTenant] 🌐 Tenant résolu : civitas pour /api/news/v1/news/
DEBUG 2026-08-27 20:12:26,195 middleware [MultiTenant] 🌐 Route TENANT_PUBLIC : /api/news/v1/news/ | Tenant: civitas
DEBUG 2026-08-27 20:12:26,195 middleware [JWTMiddleware] 🔍 Processing request: /api/news/v1/news/
DEBUG 2026-08-27 20:12:26,195 middleware [JWTMiddleware] 🔍 Is public route: True
DEBUG 2026-08-27 20:12:26,196 middleware [JWTMiddleware] 🔍 Is authenticated route: False
DEBUG 2026-08-27 20:12:26,196 middleware [JWTMiddleware] 🔍 Is admin route: False
DEBUG 2026-08-27 20:12:26,196 middleware [Auth] 🌐 Accès à la route publique : /api/news/v1/news/
DEBUG 2026-08-27 20:12:26,484 middleware [TenantMiddleware] 🔍 Processing request: /api/news/v1/news/
DEBUG 2026-08-27 20:12:26,485 middleware [TenantMiddleware] 🔍 Route type: TENANT_PUBLIC
DEBUG 2026-08-27 20:12:26,485 middleware [TenantMiddleware] 🔍 API Version: v1
DEBUG 2026-08-27 20:12:26,485 middleware [MultiTenant] Cache hit pour civitas -> civitas (civitas)
DEBUG 2026-08-27 20:12:26,485 middleware [MultiTenant] 🌐 Tenant résolu : civitas pour /api/news/v1/news/
DEBUG 2026-08-27 20:12:26,487 middleware [MultiTenant] 🌐 Route TENANT_PUBLIC : /api/news/v1/news/ | Tenant: civitas
DEBUG 2026-08-27 20:12:26,487 middleware [JWTMiddleware] 🔍 Processing request: /api/news/v1/news/
DEBUG 2026-08-27 20:12:26,487 middleware [JWTMiddleware] 🔍 Is public route: True
DEBUG 2026-08-27 20:12:26,487 middleware [JWTMiddleware] 🔍 Is authenticated route: False
DEBUG 2026-08-27 20:12:26,488 middleware [JWTMiddleware] 🔍 Is admin route: False
DEBUG 2026-08-27 20:12:26,488 middleware [Auth] 🌐 Accès à la route publique : /api/news/v1/news/
DEBUG 2026-08-27 20:12:28,296 middleware [TenantMiddleware] 🔍 Processing request: /api/news/v1/news/20/
DEBUG 2026-08-27 20:12:28,297 middleware [TenantMiddleware] 🔍 Route type: TENANT_PUBLIC
DEBUG 2026-08-27 20:12:28,297 middleware [TenantMiddleware] 🔍 API Version: v1
DEBUG 2026-08-27 20:12:28,297 middleware [MultiTenant] Cache hit pour civitas -> civitas (civitas)
DEBUG 2026-08-27 20:12:28,297 middleware [MultiTenant] 🌐 Tenant résolu : civitas pour /api/news/v1/news/20/
DEBUG 2026-08-27 20:12:28,297 middleware [MultiTenant] 🌐 Route TENANT_PUBLIC : /api/news/v1/news/20/ | Tenant: civitas
DEBUG 2026-08-27 20:12:28,298 middleware [JWTMiddleware] 🔍 Processing request: /api/news/v1/news/20/
DEBUG 2026-08-27 20:12:28,298 middleware [JWTMiddleware] 🔍 Is public route: True
DEBUG 2026-08-27 20:12:28,298 middleware [JWTMiddleware] 🔍 Is authenticated route: False
DEBUG 2026-08-27 20:12:28,298 middleware [JWTMiddleware] 🔍 Is admin route: False
DEBUG 2026-08-27 20:12:28,298 middleware [Auth] 🌐 Accès à la route publique : /api/news/v1/news/20/
DEBUG 2026-08-27 20:12:28,363 middleware [TenantMiddleware] 🔍 Processing request: /api/news/v1/news/20/
DEBUG 2026-08-27 20:12:28,363 middleware [TenantMiddleware] 🔍 Route type: TENANT_PUBLIC
DEBUG 2026-08-27 20:12:28,363 middleware [TenantMiddleware] 🔍 API Version: v1
DEBUG 2026-08-27 20:12:28,364 middleware [MultiTenant] Cache hit pour civitas -> civitas (civitas)
DEBUG 2026-08-27 20:12:28,364 middleware [MultiTenant] 🌐 Tenant résolu : civitas pour /api/news/v1/news/20/
DEBUG 2026-08-27 20:12:28,364 middleware [MultiTenant] 🌐 Route TENANT_PUBLIC : /api/news/v1/news/20/ | Tenant: civitas
DEBUG 2026-08-27 20:12:28,364 middleware [JWTMiddleware] 🔍 Processing request: /api/news/v1/news/20/
DEBUG 2026-08-27 20:12:28,364 middleware [JWTMiddleware] 🔍 Is public route: True
DEBUG 2026-08-27 20:12:28,364 middleware [JWTMiddleware] 🔍 Is authenticated route: False
DEBUG 2026-08-27 20:12:28,364 middleware [JWTMiddleware] 🔍 Is admin route: False
DEBUG 2026-08-27 20:12:28,364 middleware [Auth] 🌐 Accès à la route publique : /api/news/v1/news/20/
DEBUG 2026-08-27 20:12:28,411 middleware [JWTMiddleware] 🔍 Processing request: /media/news/couvertures/IMG-20260618-WA0009.jpg
DEBUG 2026-08-27 20:12:28,412 middleware [JWTMiddleware] 🔍 Is public route: True
DEBUG 2026-08-27 20:12:28,412 middleware [JWTMiddleware] 🔍 Is authenticated route: False
DEBUG 2026-08-27 20:12:28,413 middleware [JWTMiddleware] 🔍 Is admin route: False
DEBUG 2026-08-27 20:12:28,413 middleware [Auth] 🌐 Accès à la route publique : /media/news/couvertures/IMG-20260618-WA0009.jpg
DEBUG 2026-08-27 20:12:28,434 middleware [TenantMiddleware] 🔍 Processing request: /api/referentiels/v1/categories/
DEBUG 2026-08-27 20:12:28,435 middleware [TenantMiddleware] 🔍 Processing request: /api/referentiels/v1/organisations/
DEBUG 2026-08-27 20:12:28,435 middleware [TenantMiddleware] 🔍 Processing request: /api/referentiels/v1/etablissements/
DEBUG 2026-08-27 20:12:28,436 middleware [TenantMiddleware] 🔍 Processing request: /api/news/v1/medias/
DEBUG 2026-08-27 20:12:28,436 middleware [TenantMiddleware] 🔍 Route type: TENANT_PUBLIC
DEBUG 2026-08-27 20:12:28,436 middleware [TenantMiddleware] 🔍 Route type: TENANT_PUBLIC
DEBUG 2026-08-27 20:12:28,437 middleware [TenantMiddleware] 🔍 Route type: TENANT_PUBLIC
DEBUG 2026-08-27 20:12:28,437 middleware [TenantMiddleware] 🔍 Route type: TENANT_PUBLIC
DEBUG 2026-08-27 20:12:28,437 middleware [TenantMiddleware] 🔍 API Version: v1
DEBUG 2026-08-27 20:12:28,437 middleware [TenantMiddleware] 🔍 API Version: v1
DEBUG 2026-08-27 20:12:28,437 middleware [TenantMiddleware] 🔍 API Version: v1
DEBUG 2026-08-27 20:12:28,438 middleware [TenantMiddleware] 🔍 API Version: v1
DEBUG 2026-08-27 20:12:28,438 middleware [MultiTenant] Cache hit pour civitas -> civitas (civitas)
DEBUG 2026-08-27 20:12:28,438 middleware [MultiTenant] Cache hit pour civitas -> civitas (civitas)
DEBUG 2026-08-27 20:12:28,439 middleware [MultiTenant] Cache hit pour civitas -> civitas (civitas)
DEBUG 2026-08-27 20:12:28,439 middleware [MultiTenant] Cache hit pour civitas -> civitas (civitas)
DEBUG 2026-08-27 20:12:28,439 middleware [MultiTenant] 🌐 Tenant résolu : civitas pour /api/referentiels/v1/categories/
DEBUG 2026-08-27 20:12:28,439 middleware [MultiTenant] 🌐 Tenant résolu : civitas pour /api/referentiels/v1/organisations/
DEBUG 2026-08-27 20:12:28,440 middleware [MultiTenant] 🌐 Tenant résolu : civitas pour /api/referentiels/v1/etablissements/
DEBUG 2026-08-27 20:12:28,440 middleware [MultiTenant] 🌐 Tenant résolu : civitas pour /api/news/v1/medias/
DEBUG 2026-08-27 20:12:28,440 middleware [MultiTenant] 🌐 Route TENANT_PUBLIC : /api/referentiels/v1/categories/ | Tenant: civitas
DEBUG 2026-08-27 20:12:28,440 middleware [MultiTenant] 🌐 Route TENANT_PUBLIC : /api/referentiels/v1/organisations/ | Tenant: civitas
DEBUG 2026-08-27 20:12:28,440 middleware [MultiTenant] 🌐 Route TENANT_PUBLIC : /api/referentiels/v1/etablissements/ | Tenant: civitas
DEBUG 2026-08-27 20:12:28,440 middleware [MultiTenant] 🌐 Route TENANT_PUBLIC : /api/news/v1/medias/ | Tenant: civitas
DEBUG 2026-08-27 20:12:28,441 middleware [JWTMiddleware] 🔍 Processing request: /api/referentiels/v1/categories/
DEBUG 2026-08-27 20:12:28,441 middleware [JWTMiddleware] 🔍 Processing request: /api/referentiels/v1/organisations/
DEBUG 2026-08-27 20:12:28,441 middleware [JWTMiddleware] 🔍 Processing request: /api/referentiels/v1/etablissements/
DEBUG 2026-08-27 20:12:28,441 middleware [JWTMiddleware] 🔍 Processing request: /api/news/v1/medias/
DEBUG 2026-08-27 20:12:28,441 middleware [JWTMiddleware] 🔍 Is public route: True
DEBUG 2026-08-27 20:12:28,442 middleware [JWTMiddleware] 🔍 Is public route: True
DEBUG 2026-08-27 20:12:28,442 middleware [JWTMiddleware] 🔍 Is public route: True
DEBUG 2026-08-27 20:12:28,442 middleware [JWTMiddleware] 🔍 Is public route: True
DEBUG 2026-08-27 20:12:28,442 middleware [JWTMiddleware] 🔍 Is authenticated route: False
DEBUG 2026-08-27 20:12:28,443 middleware [JWTMiddleware] 🔍 Is authenticated route: False
DEBUG 2026-08-27 20:12:28,443 middleware [JWTMiddleware] 🔍 Is authenticated route: False
DEBUG 2026-08-27 20:12:28,443 middleware [JWTMiddleware] 🔍 Is authenticated route: False
DEBUG 2026-08-27 20:12:28,443 middleware [JWTMiddleware] 🔍 Is admin route: False
DEBUG 2026-08-27 20:12:28,444 middleware [JWTMiddleware] 🔍 Is admin route: False
DEBUG 2026-08-27 20:12:28,444 middleware [JWTMiddleware] 🔍 Is admin route: False
DEBUG 2026-08-27 20:12:28,444 middleware [JWTMiddleware] 🔍 Is admin route: False
DEBUG 2026-08-27 20:12:28,444 middleware [Auth] 🌐 Accès à la route publique : /api/referentiels/v1/categories/
DEBUG 2026-08-27 20:12:28,444 middleware [Auth] 🌐 Accès à la route publique : /api/referentiels/v1/organisations/
DEBUG 2026-08-27 20:12:28,444 middleware [Auth] 🌐 Accès à la route publique : /api/referentiels/v1/etablissements/
DEBUG 2026-08-27 20:12:28,445 middleware [Auth] 🌐 Accès à la route publique : /api/news/v1/medias/
DEBUG 2026-08-27 20:12:28,489 middleware [TenantMiddleware] 🔍 Processing request: /api/referentiels/v1/organisations/
DEBUG 2026-08-27 20:12:28,495 middleware [TenantMiddleware] 🔍 Route type: TENANT_PUBLIC
DEBUG 2026-08-27 20:12:28,495 middleware [TenantMiddleware] 🔍 API Version: v1
DEBUG 2026-08-27 20:12:28,496 middleware [MultiTenant] Cache hit pour civitas -> civitas (civitas)
DEBUG 2026-08-27 20:12:28,496 middleware [MultiTenant] 🌐 Tenant résolu : civitas pour /api/referentiels/v1/organisations/
DEBUG 2026-08-27 20:12:28,496 middleware [MultiTenant] 🌐 Route TENANT_PUBLIC : /api/referentiels/v1/organisations/ | Tenant: civitas
DEBUG 2026-08-27 20:12:28,497 middleware [JWTMiddleware] 🔍 Processing request: /api/referentiels/v1/organisations/
DEBUG 2026-08-27 20:12:28,497 middleware [JWTMiddleware] 🔍 Is public route: True
DEBUG 2026-08-27 20:12:28,497 middleware [JWTMiddleware] 🔍 Is authenticated route: False
DEBUG 2026-08-27 20:12:28,497 middleware [JWTMiddleware] 🔍 Is admin route: False
DEBUG 2026-08-27 20:12:28,498 middleware [Auth] 🌐 Accès à la route publique : /api/referentiels/v1/organisations/
DEBUG 2026-08-27 20:12:28,500 middleware [TenantMiddleware] 🔍 Processing request: /api/referentiels/v1/etablissements/
DEBUG 2026-08-27 20:12:28,501 middleware [TenantMiddleware] 🔍 Route type: TENANT_PUBLIC
DEBUG 2026-08-27 20:12:28,501 middleware [TenantMiddleware] 🔍 API Version: v1
DEBUG 2026-08-27 20:12:28,501 middleware [MultiTenant] Cache hit pour civitas -> civitas (civitas)
DEBUG 2026-08-27 20:12:28,503 middleware [TenantMiddleware] 🔍 Processing request: /api/news/v1/medias/
DEBUG 2026-08-27 20:12:28,507 middleware [MultiTenant] 🌐 Tenant résolu : civitas pour /api/referentiels/v1/etablissements/
DEBUG 2026-08-27 20:12:28,507 middleware [TenantMiddleware] 🔍 Route type: TENANT_PUBLIC
DEBUG 2026-08-27 20:12:28,508 middleware [MultiTenant] 🌐 Route TENANT_PUBLIC : /api/referentiels/v1/etablissements/ | Tenant: civitas
DEBUG 2026-08-27 20:12:28,508 middleware [JWTMiddleware] 🔍 Processing request: /api/referentiels/v1/etablissements/
DEBUG 2026-08-27 20:12:28,508 middleware [JWTMiddleware] 🔍 Is public route: True
DEBUG 2026-08-27 20:12:28,508 middleware [JWTMiddleware] 🔍 Is authenticated route: False
DEBUG 2026-08-27 20:12:28,508 middleware [JWTMiddleware] 🔍 Is admin route: False
DEBUG 2026-08-27 20:12:28,508 middleware [Auth] 🌐 Accès à la route publique : /api/referentiels/v1/etablissements/
DEBUG 2026-08-27 20:12:28,511 middleware [TenantMiddleware] 🔍 API Version: v1
DEBUG 2026-08-27 20:12:28,511 middleware [MultiTenant] Cache hit pour civitas -> civitas (civitas)
DEBUG 2026-08-27 20:12:28,511 middleware [MultiTenant] 🌐 Tenant résolu : civitas pour /api/news/v1/medias/
DEBUG 2026-08-27 20:12:28,512 middleware [MultiTenant] 🌐 Route TENANT_PUBLIC : /api/news/v1/medias/ | Tenant: civitas
DEBUG 2026-08-27 20:12:28,512 middleware [JWTMiddleware] 🔍 Processing request: /api/news/v1/medias/
DEBUG 2026-08-27 20:12:28,512 middleware [JWTMiddleware] 🔍 Is public route: True
DEBUG 2026-08-27 20:12:28,512 middleware [JWTMiddleware] 🔍 Is authenticated route: False
DEBUG 2026-08-27 20:12:28,513 middleware [JWTMiddleware] 🔍 Is admin route: False
DEBUG 2026-08-27 20:12:28,513 middleware [Auth] 🌐 Accès à la route publique : /api/news/v1/medias/
DEBUG 2026-08-27 20:12:28,529 middleware [TenantMiddleware] 🔍 Processing request: /api/referentiels/v1/categories/
DEBUG 2026-08-27 20:12:28,533 middleware [TenantMiddleware] 🔍 Route type: TENANT_PUBLIC
DEBUG 2026-08-27 20:12:28,534 middleware [TenantMiddleware] 🔍 API Version: v1
DEBUG 2026-08-27 20:12:28,534 middleware [MultiTenant] Cache hit pour civitas -> civitas (civitas)
DEBUG 2026-08-27 20:12:28,535 middleware [MultiTenant] 🌐 Tenant résolu : civitas pour /api/referentiels/v1/categories/
DEBUG 2026-08-27 20:12:28,535 middleware [MultiTenant] 🌐 Route TENANT_PUBLIC : /api/referentiels/v1/categories/ | Tenant: civitas
DEBUG 2026-08-27 20:12:28,536 middleware [JWTMiddleware] 🔍 Processing request: /api/referentiels/v1/categories/
DEBUG 2026-08-27 20:12:28,536 middleware [JWTMiddleware] 🔍 Is public route: True
DEBUG 2026-08-27 20:12:28,536 middleware [JWTMiddleware] 🔍 Is authenticated route: False
DEBUG 2026-08-27 20:12:28,537 middleware [JWTMiddleware] 🔍 Is admin route: False
DEBUG 2026-08-27 20:12:28,537 middleware [Auth] 🌐 Accès à la route publique : /api/referentiels/v1/categories/
DEBUG 2026-08-27 20:12:31,356 middleware [TenantMiddleware] 🔍 Processing request: /api/news/v1/news/
DEBUG 2026-08-27 20:12:31,356 middleware [TenantMiddleware] 🔍 Processing request: /api/news/v1/news/
DEBUG 2026-08-27 20:12:31,357 middleware [TenantMiddleware] 🔍 Route type: TENANT_PUBLIC
DEBUG 2026-08-27 20:12:31,357 middleware [TenantMiddleware] 🔍 Route type: TENANT_PUBLIC
DEBUG 2026-08-27 20:12:31,357 middleware [TenantMiddleware] 🔍 API Version: v1
DEBUG 2026-08-27 20:12:31,357 middleware [TenantMiddleware] 🔍 API Version: v1
DEBUG 2026-08-27 20:12:31,358 middleware [MultiTenant] Cache hit pour civitas -> civitas (civitas)
DEBUG 2026-08-27 20:12:31,358 middleware [MultiTenant] Cache hit pour civitas -> civitas (civitas)
DEBUG 2026-08-27 20:12:31,358 middleware [MultiTenant] 🌐 Tenant résolu : civitas pour /api/news/v1/news/
DEBUG 2026-08-27 20:12:31,358 middleware [MultiTenant] 🌐 Tenant résolu : civitas pour /api/news/v1/news/
DEBUG 2026-08-27 20:12:31,358 middleware [MultiTenant] 🌐 Route TENANT_PUBLIC : /api/news/v1/news/ | Tenant: civitas
DEBUG 2026-08-27 20:12:31,359 middleware [MultiTenant] 🌐 Route TENANT_PUBLIC : /api/news/v1/news/ | Tenant: civitas
DEBUG 2026-08-27 20:12:31,359 middleware [JWTMiddleware] 🔍 Processing request: /api/news/v1/news/
DEBUG 2026-08-27 20:12:31,359 middleware [JWTMiddleware] 🔍 Processing request: /api/news/v1/news/
DEBUG 2026-08-27 20:12:31,359 middleware [JWTMiddleware] 🔍 Is public route: True
DEBUG 2026-08-27 20:12:31,359 middleware [JWTMiddleware] 🔍 Is public route: True
DEBUG 2026-08-27 20:12:31,359 middleware [JWTMiddleware] 🔍 Is authenticated route: False
DEBUG 2026-08-27 20:12:31,360 middleware [JWTMiddleware] 🔍 Is authenticated route: False
DEBUG 2026-08-27 20:12:31,360 middleware [JWTMiddleware] 🔍 Is admin route: False
DEBUG 2026-08-27 20:12:31,360 middleware [JWTMiddleware] 🔍 Is admin route: False
DEBUG 2026-08-27 20:12:31,360 middleware [Auth] 🌐 Accès à la route publique : /api/news/v1/news/
DEBUG 2026-08-27 20:12:31,360 middleware [Auth] 🌐 Accès à la route publique : /api/news/v1/news/
DEBUG 2026-08-27 20:12:31,639 middleware [TenantMiddleware] 🔍 Processing request: /api/news/v1/news/
DEBUG 2026-08-27 20:12:31,639 middleware [TenantMiddleware] 🔍 Route type: TENANT_PUBLIC
DEBUG 2026-08-27 20:12:31,639 middleware [TenantMiddleware] 🔍 API Version: v1
DEBUG 2026-08-27 20:12:31,643 middleware [MultiTenant] Cache hit pour civitas -> civitas (civitas)
DEBUG 2026-08-27 20:12:31,643 middleware [MultiTenant] 🌐 Tenant résolu : civitas pour /api/news/v1/news/
DEBUG 2026-08-27 20:12:31,644 middleware [MultiTenant] 🌐 Route TENANT_PUBLIC : /api/news/v1/news/ | Tenant: civitas
DEBUG 2026-08-27 20:12:31,644 middleware [JWTMiddleware] 🔍 Processing request: /api/news/v1/news/
DEBUG 2026-08-27 20:12:31,644 middleware [JWTMiddleware] 🔍 Is public route: True
DEBUG 2026-08-27 20:12:31,644 middleware [JWTMiddleware] 🔍 Is authenticated route: False
DEBUG 2026-08-27 20:12:31,645 middleware [JWTMiddleware] 🔍 Is admin route: False
DEBUG 2026-08-27 20:12:31,645 middleware [Auth] 🌐 Accès à la route publique : /api/news/v1/news/
DEBUG 2026-08-27 20:12:31,646 middleware [TenantMiddleware] 🔍 Processing request: /api/news/v1/news/
DEBUG 2026-08-27 20:12:31,649 middleware [TenantMiddleware] 🔍 Processing request: /api/news/v1/news/
DEBUG 2026-08-27 20:12:31,649 middleware [TenantMiddleware] 🔍 Route type: TENANT_PUBLIC
DEBUG 2026-08-27 20:12:31,649 middleware [TenantMiddleware] 🔍 Route type: TENANT_PUBLIC
DEBUG 2026-08-27 20:12:31,650 middleware [TenantMiddleware] 🔍 API Version: v1
DEBUG 2026-08-27 20:12:31,650 middleware [TenantMiddleware] 🔍 Processing request: /api/news/v1/news/
DEBUG 2026-08-27 20:12:31,650 middleware [TenantMiddleware] 🔍 API Version: v1
DEBUG 2026-08-27 20:12:31,651 middleware [MultiTenant] Cache hit pour civitas -> civitas (civitas)
DEBUG 2026-08-27 20:12:31,651 middleware [TenantMiddleware] 🔍 Route type: TENANT_PUBLIC
DEBUG 2026-08-27 20:12:31,651 middleware [MultiTenant] Cache hit pour civitas -> civitas (civitas)
DEBUG 2026-08-27 20:12:31,651 middleware [MultiTenant] 🌐 Tenant résolu : civitas pour /api/news/v1/news/
DEBUG 2026-08-27 20:12:31,651 middleware [TenantMiddleware] 🔍 API Version: v1
DEBUG 2026-08-27 20:12:31,652 middleware [MultiTenant] 🌐 Tenant résolu : civitas pour /api/news/v1/news/
DEBUG 2026-08-27 20:12:31,652 middleware [MultiTenant] 🌐 Route TENANT_PUBLIC : /api/news/v1/news/ | Tenant: civitas
DEBUG 2026-08-27 20:12:31,652 middleware [MultiTenant] Cache hit pour civitas -> civitas (civitas)
DEBUG 2026-08-27 20:12:31,652 middleware [MultiTenant] 🌐 Route TENANT_PUBLIC : /api/news/v1/news/ | Tenant: civitas
DEBUG 2026-08-27 20:12:31,652 middleware [JWTMiddleware] 🔍 Processing request: /api/news/v1/news/
DEBUG 2026-08-27 20:12:31,653 middleware [MultiTenant] 🌐 Tenant résolu : civitas pour /api/news/v1/news/
DEBUG 2026-08-27 20:12:31,653 middleware [JWTMiddleware] 🔍 Processing request: /api/news/v1/news/
DEBUG 2026-08-27 20:12:31,653 middleware [JWTMiddleware] 🔍 Is public route: True
DEBUG 2026-08-27 20:12:31,653 middleware [MultiTenant] 🌐 Route TENANT_PUBLIC : /api/news/v1/news/ | Tenant: civitas
DEBUG 2026-08-27 20:12:31,653 middleware [JWTMiddleware] 🔍 Is public route: True
DEBUG 2026-08-27 20:12:31,653 middleware [JWTMiddleware] 🔍 Is authenticated route: False
DEBUG 2026-08-27 20:12:31,654 middleware [JWTMiddleware] 🔍 Processing request: /api/news/v1/news/
DEBUG 2026-08-27 20:12:31,654 middleware [JWTMiddleware] 🔍 Is authenticated route: False
DEBUG 2026-08-27 20:12:31,654 middleware [JWTMiddleware] 🔍 Is admin route: False
DEBUG 2026-08-27 20:12:31,654 middleware [JWTMiddleware] 🔍 Is public route: True
DEBUG 2026-08-27 20:12:31,654 middleware [JWTMiddleware] 🔍 Is admin route: False
DEBUG 2026-08-27 20:12:31,654 middleware [Auth] 🌐 Accès à la route publique : /api/news/v1/news/
DEBUG 2026-08-27 20:12:31,655 middleware [JWTMiddleware] 🔍 Is authenticated route: False
DEBUG 2026-08-27 20:12:31,655 middleware [Auth] 🌐 Accès à la route publique : /api/news/v1/news/
DEBUG 2026-08-27 20:12:31,656 middleware [JWTMiddleware] 🔍 Is admin route: False
DEBUG 2026-08-27 20:12:31,658 middleware [Auth] 🌐 Accès à la route publique : /api/news/v1/news/
DEBUG 2026-08-27 20:12:32,611 middleware [JWTMiddleware] 🔍 Processing request: /media/news/couvertures/LOGO-civitas-news.jpeg
DEBUG 2026-08-27 20:12:32,611 middleware [JWTMiddleware] 🔍 Is public route: True
DEBUG 2026-08-27 20:12:32,612 middleware [JWTMiddleware] 🔍 Is authenticated route: False
DEBUG 2026-08-27 20:12:32,612 middleware [JWTMiddleware] 🔍 Is admin route: False
DEBUG 2026-08-27 20:12:32,612 middleware [Auth] 🌐 Accès à la route publique : /media/news/couvertures/LOGO-civitas-news.jpeg
DEBUG 2026-08-27 20:12:32,774 middleware [TenantMiddleware] 🔍 Processing request: /api/news/v1/news/
DEBUG 2026-08-27 20:12:32,775 middleware [TenantMiddleware] 🔍 Processing request: /api/news/v1/news/
DEBUG 2026-08-27 20:12:32,775 middleware [TenantMiddleware] 🔍 Route type: TENANT_PUBLIC
DEBUG 2026-08-27 20:12:32,775 middleware [TenantMiddleware] 🔍 Route type: TENANT_PUBLIC
DEBUG 2026-08-27 20:12:32,775 middleware [TenantMiddleware] 🔍 API Version: v1
DEBUG 2026-08-27 20:12:32,775 middleware [TenantMiddleware] 🔍 API Version: v1
DEBUG 2026-08-27 20:12:32,776 middleware [MultiTenant] Cache hit pour civitas -> civitas (civitas)
DEBUG 2026-08-27 20:12:32,776 middleware [MultiTenant] Cache hit pour civitas -> civitas (civitas)
DEBUG 2026-08-27 20:12:32,777 middleware [MultiTenant] 🌐 Tenant résolu : civitas pour /api/news/v1/news/
DEBUG 2026-08-27 20:12:32,778 middleware [MultiTenant] 🌐 Tenant résolu : civitas pour /api/news/v1/news/
DEBUG 2026-08-27 20:12:32,778 middleware [MultiTenant] 🌐 Route TENANT_PUBLIC : /api/news/v1/news/ | Tenant: civitas
DEBUG 2026-08-27 20:12:32,778 middleware [MultiTenant] 🌐 Route TENANT_PUBLIC : /api/news/v1/news/ | Tenant: civitas
DEBUG 2026-08-27 20:12:32,778 middleware [JWTMiddleware] 🔍 Processing request: /api/news/v1/news/
DEBUG 2026-08-27 20:12:32,779 middleware [JWTMiddleware] 🔍 Processing request: /api/news/v1/news/
DEBUG 2026-08-27 20:12:32,779 middleware [JWTMiddleware] 🔍 Is public route: True
DEBUG 2026-08-27 20:12:32,779 middleware [JWTMiddleware] 🔍 Is public route: True
DEBUG 2026-08-27 20:12:32,779 middleware [JWTMiddleware] 🔍 Is authenticated route: False
DEBUG 2026-08-27 20:12:32,780 middleware [JWTMiddleware] 🔍 Is authenticated route: False
DEBUG 2026-08-27 20:12:32,780 middleware [JWTMiddleware] 🔍 Is admin route: False
DEBUG 2026-08-27 20:12:32,780 middleware [JWTMiddleware] 🔍 Is admin route: False
DEBUG 2026-08-27 20:12:32,780 middleware [Auth] 🌐 Accès à la route publique : /api/news/v1/news/
DEBUG 2026-08-27 20:12:32,780 middleware [Auth] 🌐 Accès à la route publique : /api/news/v1/news/
DEBUG 2026-08-27 20:17:26,784 middleware [TenantMiddleware] 🔍 Processing request: /admin
DEBUG 2026-08-27 20:17:26,785 middleware [TenantMiddleware] 🔍 Route type: ADMIN
DEBUG 2026-08-27 20:17:26,786 middleware [MultiTenant] 🏛️ Domaine racine -> schéma public : /admin
DEBUG 2026-08-27 20:17:26,786 middleware [JWTMiddleware] 🔍 Processing request: /admin
DEBUG 2026-08-27 20:17:26,786 middleware [JWTMiddleware] 🔍 Is public route: False
DEBUG 2026-08-27 20:17:26,787 middleware [JWTMiddleware] 🔍 Is authenticated route: False
DEBUG 2026-08-27 20:17:26,787 middleware [JWTMiddleware] 🔍 Is admin route: False
DEBUG 2026-08-27 20:17:26,788 middleware [Auth] Aucun token trouvé dans la requête
DEBUG 2026-08-27 20:17:26,820 middleware [TenantMiddleware] 🔍 Processing request: /admin/
DEBUG 2026-08-27 20:17:26,820 middleware [TenantMiddleware] 🔍 Route type: ADMIN
DEBUG 2026-08-27 20:17:26,821 middleware [MultiTenant] 🏛️ Domaine racine -> schéma public : /admin/
DEBUG 2026-08-27 20:17:26,822 middleware [JWTMiddleware] 🔍 Processing request: /admin/
DEBUG 2026-08-27 20:17:26,822 middleware [JWTMiddleware] 🔍 Is public route: False
DEBUG 2026-08-27 20:17:26,823 middleware [JWTMiddleware] 🔍 Is authenticated route: False
DEBUG 2026-08-27 20:17:26,823 middleware [JWTMiddleware] 🔍 Is admin route: False
DEBUG 2026-08-27 20:17:26,824 middleware [Auth] Aucun token trouvé dans la requête
DEBUG 2026-08-27 20:17:27,006 middleware [TenantMiddleware] 🔍 Processing request: /admin/login/
DEBUG 2026-08-27 20:17:27,007 middleware [TenantMiddleware] 🔍 Route type: ADMIN
DEBUG 2026-08-27 20:17:27,007 middleware [MultiTenant] 🏛️ Domaine racine -> schéma public : /admin/login/
DEBUG 2026-08-27 20:17:27,007 middleware [JWTMiddleware] 🔍 Processing request: /admin/login/
DEBUG 2026-08-27 20:17:27,007 middleware [JWTMiddleware] 🔍 Is public route: False
DEBUG 2026-08-27 20:17:27,007 middleware [JWTMiddleware] 🔍 Is authenticated route: False
DEBUG 2026-08-27 20:17:27,007 middleware [JWTMiddleware] 🔍 Is admin route: False
DEBUG 2026-08-27 20:17:27,008 middleware [Auth] Aucun token trouvé dans la requête
DEBUG 2026-08-27 20:17:27,282 middleware [TenantMiddleware] 🔍 Processing request: /favicon.ico
DEBUG 2026-08-27 20:17:27,283 middleware [TenantMiddleware] 🔍 Route type: None
DEBUG 2026-08-27 20:17:27,283 middleware [MultiTenant] 🏛️ Domaine racine -> schéma public : /favicon.ico
WARNING 2026-08-27 20:17:27,283 middleware [MultiTenant] ⚠️ Type de route non géré : None pour /favicon.ico
WARNING 2026-08-27 20:17:27,284 log Not Found: /favicon.ico
WARNING 2026-08-27 20:17:27,285 basehttp "GET /favicon.ico HTTP/1.1" 404 25
DEBUG 2026-08-27 20:17:32,592 middleware [TenantMiddleware] 🔍 Processing request: /admin/login/
DEBUG 2026-08-27 20:17:32,593 middleware [TenantMiddleware] 🔍 Route type: ADMIN
DEBUG 2026-08-27 20:17:32,652 middleware [MultiTenant] Tenant trouvé par sous-domaine : civitas -> civitas
DEBUG 2026-08-27 20:17:32,653 middleware [MultiTenant] 🌐 Tenant résolu : civitas pour /admin/login/
DEBUG 2026-08-27 20:17:32,653 middleware [MultiTenant] 👑 Accès admin avec tenant : civitas
DEBUG 2026-08-27 20:17:32,654 middleware [JWTMiddleware] 🔍 Processing request: /admin/login/
DEBUG 2026-08-27 20:17:32,654 middleware [JWTMiddleware] 🔍 Is public route: False
DEBUG 2026-08-27 20:17:32,655 middleware [JWTMiddleware] 🔍 Is authenticated route: False
DEBUG 2026-08-27 20:17:32,655 middleware [JWTMiddleware] 🔍 Is admin route: False
DEBUG 2026-08-27 20:17:32,656 middleware [Auth] Aucun token trouvé dans la requête
DEBUG 2026-08-27 20:17:32,679 middleware [TenantMiddleware] 🔍 Processing request: /admin/
DEBUG 2026-08-27 20:17:32,680 middleware [TenantMiddleware] 🔍 Route type: ADMIN
DEBUG 2026-08-27 20:17:32,681 middleware [MultiTenant] Cache hit pour civitas.localhost -> civitas (civitas)
DEBUG 2026-08-27 20:17:32,681 middleware [MultiTenant] 🌐 Tenant résolu : civitas pour /admin/
DEBUG 2026-08-27 20:17:32,682 middleware [MultiTenant] 👑 Accès admin avec tenant : civitas
DEBUG 2026-08-27 20:17:32,682 middleware [JWTMiddleware] 🔍 Processing request: /admin/
DEBUG 2026-08-27 20:17:32,683 middleware [JWTMiddleware] 🔍 Is public route: False
DEBUG 2026-08-27 20:17:32,683 middleware [JWTMiddleware] 🔍 Is authenticated route: False
DEBUG 2026-08-27 20:17:32,684 middleware [JWTMiddleware] 🔍 Is admin route: False
DEBUG 2026-08-27 20:17:32,685 middleware [Auth] Aucun token trouvé dans la requête
DEBUG 2026-08-27 20:17:33,168 middleware [TenantMiddleware] 🔍 Processing request: /favicon.ico
DEBUG 2026-08-27 20:17:33,169 middleware [TenantMiddleware] 🔍 Route type: None
DEBUG 2026-08-27 20:17:33,169 middleware [MultiTenant] Cache hit pour civitas.localhost -> civitas (civitas)
DEBUG 2026-08-27 20:17:33,169 middleware [MultiTenant] 🌐 Tenant résolu : civitas pour /favicon.ico
WARNING 2026-08-27 20:17:33,170 middleware [MultiTenant] ⚠️ Type de route non géré : None pour /favicon.ico
WARNING 2026-08-27 20:17:33,170 log Not Found: /favicon.ico
WARNING 2026-08-27 20:17:33,171 basehttp "GET /favicon.ico HTTP/1.1" 404 25
DEBUG 2026-08-27 20:17:47,679 middleware [TenantMiddleware] 🔍 Processing request: /admin/news/news/
DEBUG 2026-08-27 20:17:47,680 middleware [TenantMiddleware] 🔍 Route type: ADMIN
DEBUG 2026-08-27 20:17:47,681 middleware [MultiTenant] Cache hit pour civitas.localhost -> civitas (civitas)
DEBUG 2026-08-27 20:17:47,681 middleware [MultiTenant] 🌐 Tenant résolu : civitas pour /admin/news/news/
DEBUG 2026-08-27 20:17:47,681 middleware [MultiTenant] 👑 Accès admin avec tenant : civitas
DEBUG 2026-08-27 20:17:47,682 middleware [JWTMiddleware] 🔍 Processing request: /admin/news/news/
DEBUG 2026-08-27 20:17:47,682 middleware [JWTMiddleware] 🔍 Is public route: False
DEBUG 2026-08-27 20:17:47,683 middleware [JWTMiddleware] 🔍 Is authenticated route: False
DEBUG 2026-08-27 20:17:47,683 middleware [JWTMiddleware] 🔍 Is admin route: False
DEBUG 2026-08-27 20:17:47,684 middleware [Auth] Aucun token trouvé dans la requête
DEBUG 2026-08-27 20:17:47,912 middleware [TenantMiddleware] 🔍 Processing request: /admin/jsi18n/
DEBUG 2026-08-27 20:17:47,913 middleware [TenantMiddleware] 🔍 Route type: ADMIN
DEBUG 2026-08-27 20:17:47,914 middleware [MultiTenant] Cache hit pour civitas.localhost -> civitas (civitas)
DEBUG 2026-08-27 20:17:47,915 middleware [MultiTenant] 🌐 Tenant résolu : civitas pour /admin/jsi18n/
DEBUG 2026-08-27 20:17:47,916 middleware [MultiTenant] 👑 Accès admin avec tenant : civitas
DEBUG 2026-08-27 20:17:47,916 middleware [JWTMiddleware] 🔍 Processing request: /admin/jsi18n/
DEBUG 2026-08-27 20:17:47,917 middleware [JWTMiddleware] 🔍 Is public route: False
DEBUG 2026-08-27 20:17:47,919 middleware [JWTMiddleware] 🔍 Is authenticated route: False
DEBUG 2026-08-27 20:17:47,919 middleware [JWTMiddleware] 🔍 Is admin route: False
DEBUG 2026-08-27 20:17:47,920 middleware [Auth] Aucun token trouvé dans la requête
DEBUG 2026-08-27 20:17:51,973 middleware [TenantMiddleware] 🔍 Processing request: /admin/news/news/20/change/
DEBUG 2026-08-27 20:17:51,973 middleware [TenantMiddleware] 🔍 Route type: ADMIN
DEBUG 2026-08-27 20:17:51,974 middleware [MultiTenant] Cache hit pour civitas.localhost -> civitas (civitas)
DEBUG 2026-08-27 20:17:51,975 middleware [MultiTenant] 🌐 Tenant résolu : civitas pour /admin/news/news/20/change/
DEBUG 2026-08-27 20:17:51,975 middleware [MultiTenant] 👑 Accès admin avec tenant : civitas
DEBUG 2026-08-27 20:17:51,975 middleware [JWTMiddleware] 🔍 Processing request: /admin/news/news/20/change/
DEBUG 2026-08-27 20:17:51,976 middleware [JWTMiddleware] 🔍 Is public route: False
DEBUG 2026-08-27 20:17:51,976 middleware [JWTMiddleware] 🔍 Is authenticated route: False
DEBUG 2026-08-27 20:17:51,977 middleware [JWTMiddleware] 🔍 Is admin route: False
DEBUG 2026-08-27 20:17:51,977 middleware [Auth] Aucun token trouvé dans la requête
DEBUG 2026-08-27 20:17:52,244 middleware [TenantMiddleware] 🔍 Processing request: /admin/jsi18n/
DEBUG 2026-08-27 20:17:52,244 middleware [TenantMiddleware] 🔍 Route type: ADMIN
DEBUG 2026-08-27 20:17:52,244 middleware [MultiTenant] Cache hit pour civitas.localhost -> civitas (civitas)
DEBUG 2026-08-27 20:17:52,245 middleware [MultiTenant] 🌐 Tenant résolu : civitas pour /admin/jsi18n/
DEBUG 2026-08-27 20:17:52,247 middleware [MultiTenant] 👑 Accès admin avec tenant : civitas
DEBUG 2026-08-27 20:17:52,248 middleware [JWTMiddleware] 🔍 Processing request: /admin/jsi18n/
DEBUG 2026-08-27 20:17:52,248 middleware [JWTMiddleware] 🔍 Is public route: False
DEBUG 2026-08-27 20:17:52,249 middleware [JWTMiddleware] 🔍 Is authenticated route: False
DEBUG 2026-08-27 20:17:52,250 middleware [JWTMiddleware] 🔍 Is admin route: False
DEBUG 2026-08-27 20:17:52,251 middleware [Auth] Aucun token trouvé dans la requête
DEBUG 2026-08-27 20:18:30,425 middleware [TenantMiddleware] 🔍 Processing request: /admin/news/news/
DEBUG 2026-08-27 20:18:30,426 middleware [TenantMiddleware] 🔍 Route type: ADMIN
DEBUG 2026-08-27 20:18:30,426 middleware [MultiTenant] Cache hit pour civitas.localhost -> civitas (civitas)
DEBUG 2026-08-27 20:18:30,427 middleware [MultiTenant] 🌐 Tenant résolu : civitas pour /admin/news/news/
DEBUG 2026-08-27 20:18:30,427 middleware [MultiTenant] 👑 Accès admin avec tenant : civitas
DEBUG 2026-08-27 20:18:30,428 middleware [JWTMiddleware] 🔍 Processing request: /admin/news/news/
DEBUG 2026-08-27 20:18:30,428 middleware [JWTMiddleware] 🔍 Is public route: False
DEBUG 2026-08-27 20:18:30,428 middleware [JWTMiddleware] 🔍 Is authenticated route: False
DEBUG 2026-08-27 20:18:30,429 middleware [JWTMiddleware] 🔍 Is admin route: False
DEBUG 2026-08-27 20:18:30,429 middleware [Auth] Aucun token trouvé dans la requête
DEBUG 2026-08-27 20:18:34,076 middleware [TenantMiddleware] 🔍 Processing request: /admin/news/news/24/change/
DEBUG 2026-08-27 20:18:34,076 middleware [TenantMiddleware] 🔍 Route type: ADMIN
DEBUG 2026-08-27 20:18:34,077 middleware [MultiTenant] Cache hit pour civitas.localhost -> civitas (civitas)
DEBUG 2026-08-27 20:18:34,078 middleware [MultiTenant] 🌐 Tenant résolu : civitas pour /admin/news/news/24/change/
DEBUG 2026-08-27 20:18:34,078 middleware [MultiTenant] 👑 Accès admin avec tenant : civitas
DEBUG 2026-08-27 20:18:34,079 middleware [JWTMiddleware] 🔍 Processing request: /admin/news/news/24/change/
DEBUG 2026-08-27 20:18:34,079 middleware [JWTMiddleware] 🔍 Is public route: False
DEBUG 2026-08-27 20:18:34,079 middleware [JWTMiddleware] 🔍 Is authenticated route: False
DEBUG 2026-08-27 20:18:34,080 middleware [JWTMiddleware] 🔍 Is admin route: False
DEBUG 2026-08-27 20:18:34,080 middleware [Auth] Aucun token trouvé dans la requête
DEBUG 2026-08-27 20:18:34,314 middleware [TenantMiddleware] 🔍 Processing request: /admin/jsi18n/
DEBUG 2026-08-27 20:18:34,314 middleware [TenantMiddleware] 🔍 Route type: ADMIN
DEBUG 2026-08-27 20:18:34,314 middleware [MultiTenant] Cache hit pour civitas.localhost -> civitas (civitas)
DEBUG 2026-08-27 20:18:34,314 middleware [MultiTenant] 🌐 Tenant résolu : civitas pour /admin/jsi18n/
DEBUG 2026-08-27 20:18:34,315 middleware [MultiTenant] 👑 Accès admin avec tenant : civitas
DEBUG 2026-08-27 20:18:34,315 middleware [JWTMiddleware] 🔍 Processing request: /admin/jsi18n/
DEBUG 2026-08-27 20:18:34,315 middleware [JWTMiddleware] 🔍 Is public route: False
DEBUG 2026-08-27 20:18:34,315 middleware [JWTMiddleware] 🔍 Is authenticated route: False
DEBUG 2026-08-27 20:18:34,315 middleware [JWTMiddleware] 🔍 Is admin route: False
DEBUG 2026-08-27 20:18:34,315 middleware [Auth] Aucun token trouvé dans la requête
DEBUG 2026-08-27 20:24:27,316 middleware [TenantMiddleware] 🔍 Processing request: /api/news/v1/news/
DEBUG 2026-08-27 20:24:27,316 middleware [TenantMiddleware] 🔍 Processing request: /api/news/v1/news/
DEBUG 2026-08-27 20:24:27,317 middleware [TenantMiddleware] 🔍 Route type: TENANT_PUBLIC
DEBUG 2026-08-27 20:24:27,317 middleware [TenantMiddleware] 🔍 Route type: TENANT_PUBLIC
DEBUG 2026-08-27 20:24:27,317 middleware [TenantMiddleware] 🔍 API Version: v1
DEBUG 2026-08-27 20:24:27,317 middleware [TenantMiddleware] 🔍 API Version: v1
DEBUG 2026-08-27 20:24:27,321 middleware [TenantMiddleware] 🔍 Processing request: /api/notifications/v1/notifications/
DEBUG 2026-08-27 20:24:27,322 middleware [TenantMiddleware] 🔍 Route type: AUTHENTICATED
DEBUG 2026-08-27 20:24:27,322 middleware [TenantMiddleware] 🔍 API Version: v1
DEBUG 2026-08-27 20:24:27,337 middleware [MultiTenant] Tenant trouvé par domaine complet : civitas -> civitas
DEBUG 2026-08-27 20:24:27,337 middleware [MultiTenant] 🌐 Tenant résolu : civitas pour /api/news/v1/news/
DEBUG 2026-08-27 20:24:27,337 middleware [MultiTenant] 🌐 Route TENANT_PUBLIC : /api/news/v1/news/ | Tenant: civitas
DEBUG 2026-08-27 20:24:27,338 middleware [JWTMiddleware] 🔍 Processing request: /api/news/v1/news/
DEBUG 2026-08-27 20:24:27,338 middleware [JWTMiddleware] 🔍 Is public route: True
DEBUG 2026-08-27 20:24:27,338 middleware [JWTMiddleware] 🔍 Is authenticated route: False
DEBUG 2026-08-27 20:24:27,338 middleware [JWTMiddleware] 🔍 Is admin route: False
DEBUG 2026-08-27 20:24:27,338 middleware [Auth] 🌐 Accès à la route publique : /api/news/v1/news/
DEBUG 2026-08-27 20:24:27,340 middleware [MultiTenant] Tenant trouvé par domaine complet : civitas -> civitas
DEBUG 2026-08-27 20:24:27,346 middleware [MultiTenant] 🌐 Tenant résolu : civitas pour /api/news/v1/news/
DEBUG 2026-08-27 20:24:27,352 middleware [MultiTenant] 🌐 Route TENANT_PUBLIC : /api/news/v1/news/ | Tenant: civitas
DEBUG 2026-08-27 20:24:27,352 middleware [JWTMiddleware] 🔍 Processing request: /api/news/v1/news/
DEBUG 2026-08-27 20:24:27,352 middleware [JWTMiddleware] 🔍 Is public route: True
DEBUG 2026-08-27 20:24:27,352 middleware [JWTMiddleware] 🔍 Is authenticated route: False
DEBUG 2026-08-27 20:24:27,352 middleware [JWTMiddleware] 🔍 Is admin route: False
DEBUG 2026-08-27 20:24:27,353 middleware [Auth] 🌐 Accès à la route publique : /api/news/v1/news/
DEBUG 2026-08-27 20:24:27,366 middleware [MultiTenant] Tenant trouvé par domaine complet : civitas -> civitas
DEBUG 2026-08-27 20:24:27,374 middleware [MultiTenant] 🌐 Tenant résolu : civitas pour /api/notifications/v1/notifications/
DEBUG 2026-08-27 20:24:27,374 middleware [MultiTenant] 🔐 Route AUTHENTICATED : /api/notifications/v1/notifications/ | Tenant: civitas
DEBUG 2026-08-27 20:24:27,374 middleware [JWTMiddleware] 🔍 Processing request: /api/notifications/v1/notifications/
DEBUG 2026-08-27 20:24:27,374 middleware [JWTMiddleware] 🔍 Is public route: False
DEBUG 2026-08-27 20:24:27,375 middleware [JWTMiddleware] 🔍 Is authenticated route: True
DEBUG 2026-08-27 20:24:27,378 middleware [JWTMiddleware] 🔍 Is admin route: False
DEBUG 2026-08-27 20:24:27,378 middleware [Auth] Aucun token trouvé dans la requête
WARNING 2026-08-27 20:24:27,382 middleware [Auth] ⚠️ Authentification requise pour : /api/notifications/v1/notifications/
WARNING 2026-08-27 20:24:27,388 log Unauthorized: /api/notifications/v1/notifications/
WARNING 2026-08-27 20:24:27,388 basehttp "GET /api/notifications/v1/notifications/?page=1 HTTP/1.1" 401 110
DEBUG 2026-08-27 20:24:27,428 middleware [TenantMiddleware] 🔍 Processing request: /api/token/v1/refresh/
DEBUG 2026-08-27 20:24:27,434 middleware [TenantMiddleware] 🔍 Route type: TENANT_PUBLIC
DEBUG 2026-08-27 20:24:27,434 middleware [TenantMiddleware] 🔍 API Version: v1
DEBUG 2026-08-27 20:24:27,435 middleware [MultiTenant] Cache hit pour civitas -> civitas (civitas)
DEBUG 2026-08-27 20:24:27,442 middleware [MultiTenant] 🌐 Tenant résolu : civitas pour /api/token/v1/refresh/
DEBUG 2026-08-27 20:24:27,443 middleware [MultiTenant] 🌐 Route TENANT_PUBLIC : /api/token/v1/refresh/ | Tenant: civitas
DEBUG 2026-08-27 20:24:27,444 middleware [JWTMiddleware] 🔍 Processing request: /api/token/v1/refresh/
DEBUG 2026-08-27 20:24:27,444 middleware [JWTMiddleware] 🔍 Is public route: True
DEBUG 2026-08-27 20:24:27,444 middleware [JWTMiddleware] 🔍 Is authenticated route: False
DEBUG 2026-08-27 20:24:27,444 middleware [JWTMiddleware] 🔍 Is admin route: False
DEBUG 2026-08-27 20:24:27,445 middleware [Auth] 🌐 Accès à la route publique : /api/token/v1/refresh/
DEBUG 2026-08-27 20:24:27,680 middleware [TenantMiddleware] 🔍 Processing request: /api/notifications/v1/notifications/
DEBUG 2026-08-27 20:24:27,681 middleware [TenantMiddleware] 🔍 Route type: AUTHENTICATED
DEBUG 2026-08-27 20:24:27,682 middleware [TenantMiddleware] 🔍 API Version: v1
DEBUG 2026-08-27 20:24:27,684 middleware [MultiTenant] Cache hit pour civitas -> civitas (civitas)
DEBUG 2026-08-27 20:24:27,684 middleware [MultiTenant] 🌐 Tenant résolu : civitas pour /api/notifications/v1/notifications/
DEBUG 2026-08-27 20:24:27,687 middleware [MultiTenant] 🔐 Route AUTHENTICATED : /api/notifications/v1/notifications/ | Tenant: civitas
DEBUG 2026-08-27 20:24:27,687 middleware [JWTMiddleware] 🔍 Processing request: /api/notifications/v1/notifications/
DEBUG 2026-08-27 20:24:27,687 middleware [JWTMiddleware] 🔍 Is public route: False
DEBUG 2026-08-27 20:24:27,690 middleware [JWTMiddleware] 🔍 Is authenticated route: True
DEBUG 2026-08-27 20:24:27,693 middleware [JWTMiddleware] 🔍 Is admin route: False
DEBUG 2026-08-27 20:24:27,694 middleware [Auth] Token extrait du header Authorization
DEBUG 2026-08-27 20:24:27,695 middleware [TenantMiddleware] 🔍 Processing request: /api/news/v1/news/
DEBUG 2026-08-27 20:24:27,697 middleware [TenantMiddleware] 🔍 Route type: TENANT_PUBLIC
DEBUG 2026-08-27 20:24:27,698 middleware [TenantMiddleware] 🔍 Processing request: /api/news/v1/news/
DEBUG 2026-08-27 20:24:27,698 middleware [TenantMiddleware] 🔍 API Version: v1
DEBUG 2026-08-27 20:24:27,700 middleware [TenantMiddleware] 🔍 Processing request: /api/news/v1/news/
DEBUG 2026-08-27 20:24:27,701 middleware [TenantMiddleware] 🔍 Route type: TENANT_PUBLIC
DEBUG 2026-08-27 20:24:27,701 middleware [MultiTenant] Cache hit pour civitas -> civitas (civitas)
DEBUG 2026-08-27 20:24:27,702 middleware [TenantMiddleware] 🔍 Route type: TENANT_PUBLIC
DEBUG 2026-08-27 20:24:27,702 middleware [TenantMiddleware] 🔍 API Version: v1
DEBUG 2026-08-27 20:24:27,702 middleware [MultiTenant] 🌐 Tenant résolu : civitas pour /api/news/v1/news/
DEBUG 2026-08-27 20:24:27,703 middleware [TenantMiddleware] 🔍 API Version: v1
DEBUG 2026-08-27 20:24:27,704 middleware [MultiTenant] Cache hit pour civitas -> civitas (civitas)
DEBUG 2026-08-27 20:24:27,704 middleware [MultiTenant] 🌐 Route TENANT_PUBLIC : /api/news/v1/news/ | Tenant: civitas
DEBUG 2026-08-27 20:24:27,704 middleware [MultiTenant] Cache hit pour civitas -> civitas (civitas)
DEBUG 2026-08-27 20:24:27,707 middleware [MultiTenant] 🌐 Tenant résolu : civitas pour /api/news/v1/news/
DEBUG 2026-08-27 20:24:27,708 middleware [JWTMiddleware] 🔍 Processing request: /api/news/v1/news/
DEBUG 2026-08-27 20:24:27,709 middleware [MultiTenant] 🌐 Tenant résolu : civitas pour /api/news/v1/news/
DEBUG 2026-08-27 20:24:27,709 middleware [MultiTenant] 🌐 Route TENANT_PUBLIC : /api/news/v1/news/ | Tenant: civitas
DEBUG 2026-08-27 20:24:27,709 middleware [JWTMiddleware] 🔍 Is public route: True
DEBUG 2026-08-27 20:24:27,710 middleware [MultiTenant] 🌐 Route TENANT_PUBLIC : /api/news/v1/news/ | Tenant: civitas
DEBUG 2026-08-27 20:24:27,710 middleware [JWTMiddleware] 🔍 Processing request: /api/news/v1/news/
DEBUG 2026-08-27 20:24:27,710 middleware [JWTMiddleware] 🔍 Is authenticated route: False
DEBUG 2026-08-27 20:24:27,711 middleware [JWTMiddleware] 🔍 Processing request: /api/news/v1/news/
DEBUG 2026-08-27 20:24:27,712 middleware [JWTMiddleware] 🔍 Is public route: True
DEBUG 2026-08-27 20:24:27,712 middleware [JWTMiddleware] 🔍 Is admin route: False
DEBUG 2026-08-27 20:24:27,712 middleware [JWTMiddleware] 🔍 Is public route: True
DEBUG 2026-08-27 20:24:27,713 middleware [JWTMiddleware] 🔍 Is authenticated route: False
DEBUG 2026-08-27 20:24:27,713 middleware [Auth] 🌐 Accès à la route publique : /api/news/v1/news/
DEBUG 2026-08-27 20:24:27,715 middleware [JWTMiddleware] 🔍 Is authenticated route: False
DEBUG 2026-08-27 20:24:27,716 middleware [JWTMiddleware] 🔍 Is admin route: False
DEBUG 2026-08-27 20:24:27,722 middleware [JWTMiddleware] 🔍 Is admin route: False
DEBUG 2026-08-27 20:24:27,724 middleware [Auth] 🌐 Accès à la route publique : /api/news/v1/news/
DEBUG 2026-08-27 20:24:27,724 middleware [Auth] 🌐 Accès à la route publique : /api/news/v1/news/
DEBUG 2026-08-27 20:24:27,737 middleware [Auth] 🔐 Utilisateur authentifié : admin (ID: 1)
DEBUG 2026-08-27 20:24:27,738 middleware [Auth] ✅ Accès autorisé pour utilisateur authentifié : admin
DEBUG 2026-08-27 20:24:27,866 middleware [TenantMiddleware] 🔍 Processing request: /api/news/v1/news/
DEBUG 2026-08-27 20:24:27,866 middleware [TenantMiddleware] 🔍 Route type: TENANT_PUBLIC
DEBUG 2026-08-27 20:24:27,869 middleware [TenantMiddleware] 🔍 API Version: v1
DEBUG 2026-08-27 20:24:27,869 middleware [MultiTenant] Cache hit pour civitas -> civitas (civitas)
DEBUG 2026-08-27 20:24:27,871 middleware [MultiTenant] 🌐 Tenant résolu : civitas pour /api/news/v1/news/
DEBUG 2026-08-27 20:24:27,874 middleware [MultiTenant] 🌐 Route TENANT_PUBLIC : /api/news/v1/news/ | Tenant: civitas
DEBUG 2026-08-27 20:24:27,877 middleware [JWTMiddleware] 🔍 Processing request: /api/news/v1/news/
DEBUG 2026-08-27 20:24:27,880 middleware [JWTMiddleware] 🔍 Is public route: True
DEBUG 2026-08-27 20:24:27,883 middleware [JWTMiddleware] 🔍 Is authenticated route: False
DEBUG 2026-08-27 20:24:27,888 middleware [JWTMiddleware] 🔍 Is admin route: False
DEBUG 2026-08-27 20:24:27,892 middleware [Auth] 🌐 Accès à la route publique : /api/news/v1/news/
DEBUG 2026-08-27 20:24:28,122 middleware [JWTMiddleware] 🔍 Processing request: /media/news/couvertures/LOGO-civitas-news.jpeg
DEBUG 2026-08-27 20:24:28,122 middleware [JWTMiddleware] 🔍 Is public route: True
DEBUG 2026-08-27 20:24:28,124 middleware [JWTMiddleware] 🔍 Is authenticated route: False
DEBUG 2026-08-27 20:24:28,125 middleware [JWTMiddleware] 🔍 Is admin route: False
DEBUG 2026-08-27 20:24:28,125 middleware [Auth] 🌐 Accès à la route publique : /media/news/couvertures/LOGO-civitas-news.jpeg
DEBUG 2026-08-27 20:24:28,250 middleware [JWTMiddleware] 🔍 Processing request: /media/news/couvertures/IMG-20260618-WA0009.jpg
DEBUG 2026-08-27 20:24:28,250 middleware [JWTMiddleware] 🔍 Is public route: True
DEBUG 2026-08-27 20:24:28,250 middleware [JWTMiddleware] 🔍 Is authenticated route: False
DEBUG 2026-08-27 20:24:28,250 middleware [JWTMiddleware] 🔍 Is admin route: False
DEBUG 2026-08-27 20:24:28,251 middleware [Auth] 🌐 Accès à la route publique : /media/news/couvertures/IMG-20260618-WA0009.jpg
DEBUG 2026-08-27 20:24:28,563 middleware [TenantMiddleware] 🔍 Processing request: /api/news/v1/news/
DEBUG 2026-08-27 20:24:28,564 middleware [TenantMiddleware] 🔍 Processing request: /api/news/v1/news/
DEBUG 2026-08-27 20:24:28,564 middleware [TenantMiddleware] 🔍 Route type: TENANT_PUBLIC
DEBUG 2026-08-27 20:24:28,564 middleware [TenantMiddleware] 🔍 Route type: TENANT_PUBLIC
DEBUG 2026-08-27 20:24:28,564 middleware [TenantMiddleware] 🔍 API Version: v1
DEBUG 2026-08-27 20:24:28,564 middleware [TenantMiddleware] 🔍 API Version: v1
DEBUG 2026-08-27 20:24:28,565 middleware [MultiTenant] Cache hit pour civitas -> civitas (civitas)
DEBUG 2026-08-27 20:24:28,565 middleware [MultiTenant] Cache hit pour civitas -> civitas (civitas)
DEBUG 2026-08-27 20:24:28,565 middleware [MultiTenant] 🌐 Tenant résolu : civitas pour /api/news/v1/news/
DEBUG 2026-08-27 20:24:28,566 middleware [MultiTenant] 🌐 Tenant résolu : civitas pour /api/news/v1/news/
DEBUG 2026-08-27 20:24:28,566 middleware [MultiTenant] 🌐 Route TENANT_PUBLIC : /api/news/v1/news/ | Tenant: civitas
DEBUG 2026-08-27 20:24:28,566 middleware [MultiTenant] 🌐 Route TENANT_PUBLIC : /api/news/v1/news/ | Tenant: civitas
DEBUG 2026-08-27 20:24:28,566 middleware [JWTMiddleware] 🔍 Processing request: /api/news/v1/news/
DEBUG 2026-08-27 20:24:28,566 middleware [JWTMiddleware] 🔍 Processing request: /api/news/v1/news/
DEBUG 2026-08-27 20:24:28,567 middleware [JWTMiddleware] 🔍 Is public route: True
DEBUG 2026-08-27 20:24:28,567 middleware [JWTMiddleware] 🔍 Is public route: True
DEBUG 2026-08-27 20:24:28,567 middleware [JWTMiddleware] 🔍 Is authenticated route: False
DEBUG 2026-08-27 20:24:28,567 middleware [JWTMiddleware] 🔍 Is authenticated route: False
DEBUG 2026-08-27 20:24:28,568 middleware [JWTMiddleware] 🔍 Is admin route: False
DEBUG 2026-08-27 20:24:28,568 middleware [JWTMiddleware] 🔍 Is admin route: False
DEBUG 2026-08-27 20:24:28,568 middleware [Auth] 🌐 Accès à la route publique : /api/news/v1/news/
DEBUG 2026-08-27 20:24:28,568 middleware [Auth] 🌐 Accès à la route publique : /api/news/v1/news/
DEBUG 2026-08-27 20:24:34,576 middleware [TenantMiddleware] 🔍 Processing request: /api/news/v1/news/24/reactions/
DEBUG 2026-08-27 20:24:34,577 middleware [TenantMiddleware] 🔍 Route type: TENANT_PUBLIC
DEBUG 2026-08-27 20:24:34,577 middleware [TenantMiddleware] 🔍 API Version: v1
DEBUG 2026-08-27 20:24:34,578 middleware [MultiTenant] Cache hit pour civitas -> civitas (civitas)
DEBUG 2026-08-27 20:24:34,579 middleware [MultiTenant] 🌐 Tenant résolu : civitas pour /api/news/v1/news/24/reactions/
DEBUG 2026-08-27 20:24:34,579 middleware [MultiTenant] 🌐 Route TENANT_PUBLIC : /api/news/v1/news/24/reactions/ | Tenant: civitas
DEBUG 2026-08-27 20:24:34,579 middleware [JWTMiddleware] 🔍 Processing request: /api/news/v1/news/24/reactions/
DEBUG 2026-08-27 20:24:34,580 middleware [JWTMiddleware] 🔍 Is public route: True
DEBUG 2026-08-27 20:24:34,580 middleware [JWTMiddleware] 🔍 Is authenticated route: False
DEBUG 2026-08-27 20:24:34,580 middleware [JWTMiddleware] 🔍 Is admin route: False
DEBUG 2026-08-27 20:24:34,581 middleware [Auth] 🌐 Accès à la route publique : /api/news/v1/news/24/reactions/
DEBUG 2026-08-27 20:24:34,852 middleware [TenantMiddleware] 🔍 Processing request: /api/news/v1/news/24/reactions/
DEBUG 2026-08-27 20:24:34,853 middleware [TenantMiddleware] 🔍 Route type: TENANT_PUBLIC
DEBUG 2026-08-27 20:24:34,853 middleware [TenantMiddleware] 🔍 API Version: v1
DEBUG 2026-08-27 20:24:34,853 middleware [MultiTenant] Cache hit pour civitas -> civitas (civitas)
DEBUG 2026-08-27 20:24:34,853 middleware [MultiTenant] 🌐 Tenant résolu : civitas pour /api/news/v1/news/24/reactions/
DEBUG 2026-08-27 20:24:34,854 middleware [MultiTenant] 🌐 Route TENANT_PUBLIC : /api/news/v1/news/24/reactions/ | Tenant: civitas
DEBUG 2026-08-27 20:24:34,854 middleware [JWTMiddleware] 🔍 Processing request: /api/news/v1/news/24/reactions/
DEBUG 2026-08-27 20:24:34,854 middleware [JWTMiddleware] 🔍 Is public route: True
DEBUG 2026-08-27 20:24:34,854 middleware [JWTMiddleware] 🔍 Is authenticated route: False
DEBUG 2026-08-27 20:24:34,855 middleware [JWTMiddleware] 🔍 Is admin route: False
DEBUG 2026-08-27 20:24:34,855 middleware [Auth] 🌐 Accès à la route publique : /api/news/v1/news/24/reactions/
DEBUG 2026-08-27 20:24:34,997 middleware [TenantMiddleware] 🔍 Processing request: /api/news/v1/news/24/reactions/
DEBUG 2026-08-27 20:24:34,997 middleware [TenantMiddleware] 🔍 Route type: TENANT_PUBLIC
DEBUG 2026-08-27 20:24:34,997 middleware [TenantMiddleware] 🔍 API Version: v1
DEBUG 2026-08-27 20:24:34,998 middleware [MultiTenant] Cache hit pour civitas -> civitas (civitas)
DEBUG 2026-08-27 20:24:34,998 middleware [MultiTenant] 🌐 Tenant résolu : civitas pour /api/news/v1/news/24/reactions/
DEBUG 2026-08-27 20:24:34,998 middleware [MultiTenant] 🌐 Route TENANT_PUBLIC : /api/news/v1/news/24/reactions/ | Tenant: civitas
DEBUG 2026-08-27 20:24:34,998 middleware [JWTMiddleware] 🔍 Processing request: /api/news/v1/news/24/reactions/
DEBUG 2026-08-27 20:24:34,999 middleware [JWTMiddleware] 🔍 Is public route: True
DEBUG 2026-08-27 20:24:34,999 middleware [JWTMiddleware] 🔍 Is authenticated route: False
DEBUG 2026-08-27 20:24:34,999 middleware [JWTMiddleware] 🔍 Is admin route: False
DEBUG 2026-08-27 20:24:34,999 middleware [Auth] 🌐 Accès à la route publique : /api/news/v1/news/24/reactions/
DEBUG 2026-08-27 20:24:35,199 middleware [TenantMiddleware] 🔍 Processing request: /api/news/v1/news/24/reactions/
DEBUG 2026-08-27 20:24:35,200 middleware [TenantMiddleware] 🔍 Route type: TENANT_PUBLIC
DEBUG 2026-08-27 20:24:35,200 middleware [TenantMiddleware] 🔍 API Version: v1
DEBUG 2026-08-27 20:24:35,201 middleware [MultiTenant] Cache hit pour civitas -> civitas (civitas)
DEBUG 2026-08-27 20:24:35,202 middleware [MultiTenant] 🌐 Tenant résolu : civitas pour /api/news/v1/news/24/reactions/
DEBUG 2026-08-27 20:24:35,202 middleware [MultiTenant] 🌐 Route TENANT_PUBLIC : /api/news/v1/news/24/reactions/ | Tenant: civitas
DEBUG 2026-08-27 20:24:35,203 middleware [JWTMiddleware] 🔍 Processing request: /api/news/v1/news/24/reactions/
DEBUG 2026-08-27 20:24:35,203 middleware [JWTMiddleware] 🔍 Is public route: True
DEBUG 2026-08-27 20:24:35,204 middleware [JWTMiddleware] 🔍 Is authenticated route: False
DEBUG 2026-08-27 20:24:35,204 middleware [JWTMiddleware] 🔍 Is admin route: False
DEBUG 2026-08-27 20:24:35,204 middleware [Auth] 🌐 Accès à la route publique : /api/news/v1/news/24/reactions/
DEBUG 2026-08-27 20:24:35,689 middleware [TenantMiddleware] 🔍 Processing request: /api/news/v1/news/24/reactions/
DEBUG 2026-08-27 20:24:35,690 middleware [TenantMiddleware] 🔍 Route type: TENANT_PUBLIC
DEBUG 2026-08-27 20:24:35,690 middleware [TenantMiddleware] 🔍 API Version: v1
DEBUG 2026-08-27 20:24:35,691 middleware [MultiTenant] Cache hit pour civitas -> civitas (civitas)
DEBUG 2026-08-27 20:24:35,692 middleware [MultiTenant] 🌐 Tenant résolu : civitas pour /api/news/v1/news/24/reactions/
DEBUG 2026-08-27 20:24:35,692 middleware [MultiTenant] 🌐 Route TENANT_PUBLIC : /api/news/v1/news/24/reactions/ | Tenant: civitas
DEBUG 2026-08-27 20:24:35,692 middleware [JWTMiddleware] 🔍 Processing request: /api/news/v1/news/24/reactions/
DEBUG 2026-08-27 20:24:35,693 middleware [JWTMiddleware] 🔍 Is public route: True
DEBUG 2026-08-27 20:24:35,693 middleware [JWTMiddleware] 🔍 Is authenticated route: False
DEBUG 2026-08-27 20:24:35,694 middleware [JWTMiddleware] 🔍 Is admin route: False
DEBUG 2026-08-27 20:24:35,694 middleware [Auth] 🌐 Accès à la route publique : /api/news/v1/news/24/reactions/
DEBUG 2026-08-27 20:24:36,153 middleware [TenantMiddleware] 🔍 Processing request: /api/news/v1/news/24/reactions/
DEBUG 2026-08-27 20:24:36,153 middleware [TenantMiddleware] 🔍 Route type: TENANT_PUBLIC
DEBUG 2026-08-27 20:24:36,153 middleware [TenantMiddleware] 🔍 API Version: v1
DEBUG 2026-08-27 20:24:36,153 middleware [MultiTenant] Cache hit pour civitas -> civitas (civitas)
DEBUG 2026-08-27 20:24:36,153 middleware [MultiTenant] 🌐 Tenant résolu : civitas pour /api/news/v1/news/24/reactions/
DEBUG 2026-08-27 20:24:36,154 middleware [MultiTenant] 🌐 Route TENANT_PUBLIC : /api/news/v1/news/24/reactions/ | Tenant: civitas
DEBUG 2026-08-27 20:24:36,154 middleware [JWTMiddleware] 🔍 Processing request: /api/news/v1/news/24/reactions/
DEBUG 2026-08-27 20:24:36,154 middleware [JWTMiddleware] 🔍 Is public route: True
DEBUG 2026-08-27 20:24:36,154 middleware [JWTMiddleware] 🔍 Is authenticated route: False
DEBUG 2026-08-27 20:24:36,155 middleware [JWTMiddleware] 🔍 Is admin route: False
DEBUG 2026-08-27 20:24:36,155 middleware [Auth] 🌐 Accès à la route publique : /api/news/v1/news/24/reactions/
DEBUG 2026-08-27 20:24:36,460 middleware [TenantMiddleware] 🔍 Processing request: /api/news/v1/news/24/reactions/
DEBUG 2026-08-27 20:24:36,460 middleware [TenantMiddleware] 🔍 Route type: TENANT_PUBLIC
DEBUG 2026-08-27 20:24:36,460 middleware [TenantMiddleware] 🔍 API Version: v1
DEBUG 2026-08-27 20:24:36,460 middleware [MultiTenant] Cache hit pour civitas -> civitas (civitas)
DEBUG 2026-08-27 20:24:36,460 middleware [MultiTenant] 🌐 Tenant résolu : civitas pour /api/news/v1/news/24/reactions/
DEBUG 2026-08-27 20:24:36,461 middleware [MultiTenant] 🌐 Route TENANT_PUBLIC : /api/news/v1/news/24/reactions/ | Tenant: civitas
DEBUG 2026-08-27 20:24:36,461 middleware [JWTMiddleware] 🔍 Processing request: /api/news/v1/news/24/reactions/
DEBUG 2026-08-27 20:24:36,461 middleware [JWTMiddleware] 🔍 Is public route: True
DEBUG 2026-08-27 20:24:36,461 middleware [JWTMiddleware] 🔍 Is authenticated route: False
DEBUG 2026-08-27 20:24:36,461 middleware [JWTMiddleware] 🔍 Is admin route: False
DEBUG 2026-08-27 20:24:36,461 middleware [Auth] 🌐 Accès à la route publique : /api/news/v1/news/24/reactions/
DEBUG 2026-08-27 20:24:36,621 middleware [TenantMiddleware] 🔍 Processing request: /api/news/v1/news/24/reactions/
DEBUG 2026-08-27 20:24:36,622 middleware [TenantMiddleware] 🔍 Route type: TENANT_PUBLIC
DEBUG 2026-08-27 20:24:36,622 middleware [TenantMiddleware] 🔍 API Version: v1
DEBUG 2026-08-27 20:24:36,622 middleware [MultiTenant] Cache hit pour civitas -> civitas (civitas)
DEBUG 2026-08-27 20:24:36,623 middleware [MultiTenant] 🌐 Tenant résolu : civitas pour /api/news/v1/news/24/reactions/
DEBUG 2026-08-27 20:24:36,623 middleware [MultiTenant] 🌐 Route TENANT_PUBLIC : /api/news/v1/news/24/reactions/ | Tenant: civitas
DEBUG 2026-08-27 20:24:36,623 middleware [JWTMiddleware] 🔍 Processing request: /api/news/v1/news/24/reactions/
DEBUG 2026-08-27 20:24:36,623 middleware [JWTMiddleware] 🔍 Is public route: True
DEBUG 2026-08-27 20:24:36,624 middleware [JWTMiddleware] 🔍 Is authenticated route: False
DEBUG 2026-08-27 20:24:36,624 middleware [JWTMiddleware] 🔍 Is admin route: False
DEBUG 2026-08-27 20:24:36,624 middleware [Auth] 🌐 Accès à la route publique : /api/news/v1/news/24/reactions/
DEBUG 2026-08-27 20:24:36,798 middleware [TenantMiddleware] 🔍 Processing request: /api/news/v1/news/24/reactions/
DEBUG 2026-08-27 20:24:36,798 middleware [TenantMiddleware] 🔍 Route type: TENANT_PUBLIC
DEBUG 2026-08-27 20:24:36,799 middleware [TenantMiddleware] 🔍 API Version: v1
DEBUG 2026-08-27 20:24:36,799 middleware [MultiTenant] Cache hit pour civitas -> civitas (civitas)
DEBUG 2026-08-27 20:24:36,799 middleware [MultiTenant] 🌐 Tenant résolu : civitas pour /api/news/v1/news/24/reactions/
DEBUG 2026-08-27 20:24:36,799 middleware [MultiTenant] 🌐 Route TENANT_PUBLIC : /api/news/v1/news/24/reactions/ | Tenant: civitas
DEBUG 2026-08-27 20:24:36,799 middleware [JWTMiddleware] 🔍 Processing request: /api/news/v1/news/24/reactions/
DEBUG 2026-08-27 20:24:36,799 middleware [JWTMiddleware] 🔍 Is public route: True
DEBUG 2026-08-27 20:24:36,800 middleware [JWTMiddleware] 🔍 Is authenticated route: False
DEBUG 2026-08-27 20:24:36,800 middleware [JWTMiddleware] 🔍 Is admin route: False
DEBUG 2026-08-27 20:24:36,800 middleware [Auth] 🌐 Accès à la route publique : /api/news/v1/news/24/reactions/
DEBUG 2026-08-27 20:24:36,953 middleware [TenantMiddleware] 🔍 Processing request: /api/news/v1/news/24/reactions/
DEBUG 2026-08-27 20:24:36,953 middleware [TenantMiddleware] 🔍 Route type: TENANT_PUBLIC
DEBUG 2026-08-27 20:24:36,953 middleware [TenantMiddleware] 🔍 API Version: v1
DEBUG 2026-08-27 20:24:36,953 middleware [MultiTenant] Cache hit pour civitas -> civitas (civitas)
DEBUG 2026-08-27 20:24:36,953 middleware [MultiTenant] 🌐 Tenant résolu : civitas pour /api/news/v1/news/24/reactions/
DEBUG 2026-08-27 20:24:36,954 middleware [MultiTenant] 🌐 Route TENANT_PUBLIC : /api/news/v1/news/24/reactions/ | Tenant: civitas
DEBUG 2026-08-27 20:24:36,954 middleware [JWTMiddleware] 🔍 Processing request: /api/news/v1/news/24/reactions/
DEBUG 2026-08-27 20:24:36,954 middleware [JWTMiddleware] 🔍 Is public route: True
DEBUG 2026-08-27 20:24:36,954 middleware [JWTMiddleware] 🔍 Is authenticated route: False
DEBUG 2026-08-27 20:24:36,954 middleware [JWTMiddleware] 🔍 Is admin route: False
DEBUG 2026-08-27 20:24:36,955 middleware [Auth] 🌐 Accès à la route publique : /api/news/v1/news/24/reactions/
DEBUG 2026-08-27 20:24:37,110 middleware [TenantMiddleware] 🔍 Processing request: /api/news/v1/news/24/reactions/
DEBUG 2026-08-27 20:24:37,110 middleware [TenantMiddleware] 🔍 Route type: TENANT_PUBLIC
DEBUG 2026-08-27 20:24:37,110 middleware [TenantMiddleware] 🔍 API Version: v1
DEBUG 2026-08-27 20:24:37,110 middleware [MultiTenant] Cache hit pour civitas -> civitas (civitas)
DEBUG 2026-08-27 20:24:37,110 middleware [MultiTenant] 🌐 Tenant résolu : civitas pour /api/news/v1/news/24/reactions/
DEBUG 2026-08-27 20:24:37,111 middleware [MultiTenant] 🌐 Route TENANT_PUBLIC : /api/news/v1/news/24/reactions/ | Tenant: civitas
DEBUG 2026-08-27 20:24:37,111 middleware [JWTMiddleware] 🔍 Processing request: /api/news/v1/news/24/reactions/
DEBUG 2026-08-27 20:24:37,111 middleware [JWTMiddleware] 🔍 Is public route: True
DEBUG 2026-08-27 20:24:37,111 middleware [JWTMiddleware] 🔍 Is authenticated route: False
DEBUG 2026-08-27 20:24:37,111 middleware [JWTMiddleware] 🔍 Is admin route: False
DEBUG 2026-08-27 20:24:37,111 middleware [Auth] 🌐 Accès à la route publique : /api/news/v1/news/24/reactions/
DEBUG 2026-08-27 20:24:37,446 middleware [TenantMiddleware] 🔍 Processing request: /api/news/v1/news/24/reactions/
DEBUG 2026-08-27 20:24:37,446 middleware [TenantMiddleware] 🔍 Route type: TENANT_PUBLIC
DEBUG 2026-08-27 20:24:37,446 middleware [TenantMiddleware] 🔍 API Version: v1
DEBUG 2026-08-27 20:24:37,446 middleware [MultiTenant] Cache hit pour civitas -> civitas (civitas)
DEBUG 2026-08-27 20:24:37,446 middleware [MultiTenant] 🌐 Tenant résolu : civitas pour /api/news/v1/news/24/reactions/
DEBUG 2026-08-27 20:24:37,446 middleware [MultiTenant] 🌐 Route TENANT_PUBLIC : /api/news/v1/news/24/reactions/ | Tenant: civitas
DEBUG 2026-08-27 20:24:37,447 middleware [JWTMiddleware] 🔍 Processing request: /api/news/v1/news/24/reactions/
DEBUG 2026-08-27 20:24:37,447 middleware [JWTMiddleware] 🔍 Is public route: True
DEBUG 2026-08-27 20:24:37,447 middleware [JWTMiddleware] 🔍 Is authenticated route: False
DEBUG 2026-08-27 20:24:37,447 middleware [JWTMiddleware] 🔍 Is admin route: False
DEBUG 2026-08-27 20:24:37,447 middleware [Auth] 🌐 Accès à la route publique : /api/news/v1/news/24/reactions/
DEBUG 2026-08-27 20:24:37,607 middleware [TenantMiddleware] 🔍 Processing request: /api/news/v1/news/24/reactions/
DEBUG 2026-08-27 20:24:37,607 middleware [TenantMiddleware] 🔍 Route type: TENANT_PUBLIC
DEBUG 2026-08-27 20:24:37,607 middleware [TenantMiddleware] 🔍 API Version: v1
DEBUG 2026-08-27 20:24:37,607 middleware [MultiTenant] Cache hit pour civitas -> civitas (civitas)
DEBUG 2026-08-27 20:24:37,608 middleware [MultiTenant] 🌐 Tenant résolu : civitas pour /api/news/v1/news/24/reactions/
DEBUG 2026-08-27 20:24:37,608 middleware [MultiTenant] 🌐 Route TENANT_PUBLIC : /api/news/v1/news/24/reactions/ | Tenant: civitas
DEBUG 2026-08-27 20:24:37,608 middleware [JWTMiddleware] 🔍 Processing request: /api/news/v1/news/24/reactions/
DEBUG 2026-08-27 20:24:37,608 middleware [JWTMiddleware] 🔍 Is public route: True
DEBUG 2026-08-27 20:24:37,608 middleware [JWTMiddleware] 🔍 Is authenticated route: False
DEBUG 2026-08-27 20:24:37,609 middleware [JWTMiddleware] 🔍 Is admin route: False
DEBUG 2026-08-27 20:24:37,609 middleware [Auth] 🌐 Accès à la route publique : /api/news/v1/news/24/reactions/
DEBUG 2026-08-27 20:24:37,789 middleware [TenantMiddleware] 🔍 Processing request: /api/news/v1/news/24/reactions/
DEBUG 2026-08-27 20:24:37,789 middleware [TenantMiddleware] 🔍 Route type: TENANT_PUBLIC
DEBUG 2026-08-27 20:24:37,789 middleware [TenantMiddleware] 🔍 API Version: v1
DEBUG 2026-08-27 20:24:37,790 middleware [MultiTenant] Cache hit pour civitas -> civitas (civitas)
DEBUG 2026-08-27 20:24:37,790 middleware [MultiTenant] 🌐 Tenant résolu : civitas pour /api/news/v1/news/24/reactions/
DEBUG 2026-08-27 20:24:37,790 middleware [MultiTenant] 🌐 Route TENANT_PUBLIC : /api/news/v1/news/24/reactions/ | Tenant: civitas
DEBUG 2026-08-27 20:24:37,790 middleware [JWTMiddleware] 🔍 Processing request: /api/news/v1/news/24/reactions/
DEBUG 2026-08-27 20:24:37,790 middleware [JWTMiddleware] 🔍 Is public route: True
DEBUG 2026-08-27 20:24:37,790 middleware [JWTMiddleware] 🔍 Is authenticated route: False
DEBUG 2026-08-27 20:24:37,791 middleware [JWTMiddleware] 🔍 Is admin route: False
DEBUG 2026-08-27 20:24:37,791 middleware [Auth] 🌐 Accès à la route publique : /api/news/v1/news/24/reactions/
DEBUG 2026-08-27 20:24:38,095 middleware [TenantMiddleware] 🔍 Processing request: /api/news/v1/news/24/reactions/
DEBUG 2026-08-27 20:24:38,095 middleware [TenantMiddleware] 🔍 Route type: TENANT_PUBLIC
DEBUG 2026-08-27 20:24:38,095 middleware [TenantMiddleware] 🔍 API Version: v1
DEBUG 2026-08-27 20:24:38,095 middleware [MultiTenant] Cache hit pour civitas -> civitas (civitas)
DEBUG 2026-08-27 20:24:38,095 middleware [MultiTenant] 🌐 Tenant résolu : civitas pour /api/news/v1/news/24/reactions/
DEBUG 2026-08-27 20:24:38,095 middleware [MultiTenant] 🌐 Route TENANT_PUBLIC : /api/news/v1/news/24/reactions/ | Tenant: civitas
DEBUG 2026-08-27 20:24:38,096 middleware [JWTMiddleware] 🔍 Processing request: /api/news/v1/news/24/reactions/
DEBUG 2026-08-27 20:24:38,096 middleware [JWTMiddleware] 🔍 Is public route: True
DEBUG 2026-08-27 20:24:38,096 middleware [JWTMiddleware] 🔍 Is authenticated route: False
DEBUG 2026-08-27 20:24:38,096 middleware [JWTMiddleware] 🔍 Is admin route: False
DEBUG 2026-08-27 20:24:38,096 middleware [Auth] 🌐 Accès à la route publique : /api/news/v1/news/24/reactions/
DEBUG 2026-08-27 20:24:38,259 middleware [TenantMiddleware] 🔍 Processing request: /api/news/v1/news/24/reactions/
DEBUG 2026-08-27 20:24:38,260 middleware [TenantMiddleware] 🔍 Route type: TENANT_PUBLIC
DEBUG 2026-08-27 20:24:38,260 middleware [TenantMiddleware] 🔍 API Version: v1
DEBUG 2026-08-27 20:24:38,260 middleware [MultiTenant] Cache hit pour civitas -> civitas (civitas)
DEBUG 2026-08-27 20:24:38,260 middleware [MultiTenant] 🌐 Tenant résolu : civitas pour /api/news/v1/news/24/reactions/
DEBUG 2026-08-27 20:24:38,260 middleware [MultiTenant] 🌐 Route TENANT_PUBLIC : /api/news/v1/news/24/reactions/ | Tenant: civitas
DEBUG 2026-08-27 20:24:38,260 middleware [JWTMiddleware] 🔍 Processing request: /api/news/v1/news/24/reactions/
DEBUG 2026-08-27 20:24:38,260 middleware [JWTMiddleware] 🔍 Is public route: True
DEBUG 2026-08-27 20:24:38,261 middleware [JWTMiddleware] 🔍 Is authenticated route: False
DEBUG 2026-08-27 20:24:38,261 middleware [JWTMiddleware] 🔍 Is admin route: False
DEBUG 2026-08-27 20:24:38,261 middleware [Auth] 🌐 Accès à la route publique : /api/news/v1/news/24/reactions/
DEBUG 2026-08-27 20:24:38,427 middleware [TenantMiddleware] 🔍 Processing request: /api/news/v1/news/24/reactions/
DEBUG 2026-08-27 20:24:38,428 middleware [TenantMiddleware] 🔍 Route type: TENANT_PUBLIC
DEBUG 2026-08-27 20:24:38,428 middleware [TenantMiddleware] 🔍 API Version: v1
DEBUG 2026-08-27 20:24:38,428 middleware [MultiTenant] Cache hit pour civitas -> civitas (civitas)
DEBUG 2026-08-27 20:24:38,428 middleware [MultiTenant] 🌐 Tenant résolu : civitas pour /api/news/v1/news/24/reactions/
DEBUG 2026-08-27 20:24:38,429 middleware [MultiTenant] 🌐 Route TENANT_PUBLIC : /api/news/v1/news/24/reactions/ | Tenant: civitas
DEBUG 2026-08-27 20:24:38,429 middleware [JWTMiddleware] 🔍 Processing request: /api/news/v1/news/24/reactions/
DEBUG 2026-08-27 20:24:38,429 middleware [JWTMiddleware] 🔍 Is public route: True
DEBUG 2026-08-27 20:24:38,429 middleware [JWTMiddleware] 🔍 Is authenticated route: False
DEBUG 2026-08-27 20:24:38,429 middleware [JWTMiddleware] 🔍 Is admin route: False
DEBUG 2026-08-27 20:24:38,430 middleware [Auth] 🌐 Accès à la route publique : /api/news/v1/news/24/reactions/
DEBUG 2026-08-27 20:24:38,751 middleware [TenantMiddleware] 🔍 Processing request: /api/news/v1/news/24/reactions/
DEBUG 2026-08-27 20:24:38,752 middleware [TenantMiddleware] 🔍 Route type: TENANT_PUBLIC
DEBUG 2026-08-27 20:24:38,752 middleware [TenantMiddleware] 🔍 API Version: v1
DEBUG 2026-08-27 20:24:38,752 middleware [MultiTenant] Cache hit pour civitas -> civitas (civitas)
DEBUG 2026-08-27 20:24:38,752 middleware [MultiTenant] 🌐 Tenant résolu : civitas pour /api/news/v1/news/24/reactions/
DEBUG 2026-08-27 20:24:38,753 middleware [MultiTenant] 🌐 Route TENANT_PUBLIC : /api/news/v1/news/24/reactions/ | Tenant: civitas
DEBUG 2026-08-27 20:24:38,753 middleware [JWTMiddleware] 🔍 Processing request: /api/news/v1/news/24/reactions/
DEBUG 2026-08-27 20:24:38,753 middleware [JWTMiddleware] 🔍 Is public route: True
DEBUG 2026-08-27 20:24:38,753 middleware [JWTMiddleware] 🔍 Is authenticated route: False
DEBUG 2026-08-27 20:24:38,753 middleware [JWTMiddleware] 🔍 Is admin route: False
DEBUG 2026-08-27 20:24:38,753 middleware [Auth] 🌐 Accès à la route publique : /api/news/v1/news/24/reactions/
DEBUG 2026-08-27 20:24:39,041 middleware [TenantMiddleware] 🔍 Processing request: /api/news/v1/news/24/reactions/
DEBUG 2026-08-27 20:24:39,041 middleware [TenantMiddleware] 🔍 Route type: TENANT_PUBLIC
DEBUG 2026-08-27 20:24:39,041 middleware [TenantMiddleware] 🔍 API Version: v1
DEBUG 2026-08-27 20:24:39,041 middleware [MultiTenant] Cache hit pour civitas -> civitas (civitas)
DEBUG 2026-08-27 20:24:39,042 middleware [MultiTenant] 🌐 Tenant résolu : civitas pour /api/news/v1/news/24/reactions/
DEBUG 2026-08-27 20:24:39,042 middleware [MultiTenant] 🌐 Route TENANT_PUBLIC : /api/news/v1/news/24/reactions/ | Tenant: civitas
DEBUG 2026-08-27 20:24:39,042 middleware [JWTMiddleware] 🔍 Processing request: /api/news/v1/news/24/reactions/
DEBUG 2026-08-27 20:24:39,042 middleware [JWTMiddleware] 🔍 Is public route: True
DEBUG 2026-08-27 20:24:39,042 middleware [JWTMiddleware] 🔍 Is authenticated route: False
DEBUG 2026-08-27 20:24:39,043 middleware [JWTMiddleware] 🔍 Is admin route: False
DEBUG 2026-08-27 20:24:39,043 middleware [Auth] 🌐 Accès à la route publique : /api/news/v1/news/24/reactions/
DEBUG 2026-08-27 20:24:39,331 middleware [TenantMiddleware] 🔍 Processing request: /api/news/v1/news/24/reactions/
DEBUG 2026-08-27 20:24:39,331 middleware [TenantMiddleware] 🔍 Route type: TENANT_PUBLIC
DEBUG 2026-08-27 20:24:39,332 middleware [TenantMiddleware] 🔍 API Version: v1
DEBUG 2026-08-27 20:24:39,332 middleware [MultiTenant] Cache hit pour civitas -> civitas (civitas)
DEBUG 2026-08-27 20:24:39,332 middleware [MultiTenant] 🌐 Tenant résolu : civitas pour /api/news/v1/news/24/reactions/
DEBUG 2026-08-27 20:24:39,332 middleware [MultiTenant] 🌐 Route TENANT_PUBLIC : /api/news/v1/news/24/reactions/ | Tenant: civitas
DEBUG 2026-08-27 20:24:39,332 middleware [JWTMiddleware] 🔍 Processing request: /api/news/v1/news/24/reactions/
DEBUG 2026-08-27 20:24:39,332 middleware [JWTMiddleware] 🔍 Is public route: True
DEBUG 2026-08-27 20:24:39,332 middleware [JWTMiddleware] 🔍 Is authenticated route: False
DEBUG 2026-08-27 20:24:39,333 middleware [JWTMiddleware] 🔍 Is admin route: False
DEBUG 2026-08-27 20:24:39,333 middleware [Auth] 🌐 Accès à la route publique : /api/news/v1/news/24/reactions/
DEBUG 2026-08-27 20:24:42,148 middleware [TenantMiddleware] 🔍 Processing request: /api/news/v1/news/
DEBUG 2026-08-27 20:24:42,148 middleware [TenantMiddleware] 🔍 Processing request: /api/news/v1/news/
DEBUG 2026-08-27 20:24:42,148 middleware [TenantMiddleware] 🔍 Route type: TENANT_PUBLIC
DEBUG 2026-08-27 20:24:42,148 middleware [TenantMiddleware] 🔍 Route type: TENANT_PUBLIC
DEBUG 2026-08-27 20:24:42,149 middleware [TenantMiddleware] 🔍 API Version: v1
DEBUG 2026-08-27 20:24:42,149 middleware [TenantMiddleware] 🔍 API Version: v1
DEBUG 2026-08-27 20:24:42,149 middleware [MultiTenant] Cache hit pour civitas -> civitas (civitas)
DEBUG 2026-08-27 20:24:42,150 middleware [MultiTenant] Cache hit pour civitas -> civitas (civitas)
DEBUG 2026-08-27 20:24:42,150 middleware [MultiTenant] 🌐 Tenant résolu : civitas pour /api/news/v1/news/
DEBUG 2026-08-27 20:24:42,150 middleware [MultiTenant] 🌐 Tenant résolu : civitas pour /api/news/v1/news/
DEBUG 2026-08-27 20:24:42,150 middleware [MultiTenant] 🌐 Route TENANT_PUBLIC : /api/news/v1/news/ | Tenant: civitas
DEBUG 2026-08-27 20:24:42,150 middleware [MultiTenant] 🌐 Route TENANT_PUBLIC : /api/news/v1/news/ | Tenant: civitas
DEBUG 2026-08-27 20:24:42,151 middleware [JWTMiddleware] 🔍 Processing request: /api/news/v1/news/
DEBUG 2026-08-27 20:24:42,151 middleware [JWTMiddleware] 🔍 Processing request: /api/news/v1/news/
DEBUG 2026-08-27 20:24:42,151 middleware [JWTMiddleware] 🔍 Is public route: True
DEBUG 2026-08-27 20:24:42,151 middleware [JWTMiddleware] 🔍 Is public route: True
DEBUG 2026-08-27 20:24:42,152 middleware [TenantMiddleware] 🔍 Processing request: /api/notifications/v1/notifications/
DEBUG 2026-08-27 20:24:42,152 middleware [TenantMiddleware] 🔍 Processing request: /api/users/v1/users/me/
DEBUG 2026-08-27 20:24:42,153 middleware [JWTMiddleware] 🔍 Is authenticated route: False
DEBUG 2026-08-27 20:24:42,153 middleware [JWTMiddleware] 🔍 Is authenticated route: False
DEBUG 2026-08-27 20:24:42,153 middleware [TenantMiddleware] 🔍 Route type: AUTHENTICATED
DEBUG 2026-08-27 20:24:42,153 middleware [TenantMiddleware] 🔍 Route type: AUTHENTICATED
DEBUG 2026-08-27 20:24:42,153 middleware [JWTMiddleware] 🔍 Is admin route: False
DEBUG 2026-08-27 20:24:42,153 middleware [JWTMiddleware] 🔍 Is admin route: False
DEBUG 2026-08-27 20:24:42,154 middleware [TenantMiddleware] 🔍 API Version: v1
DEBUG 2026-08-27 20:24:42,154 middleware [TenantMiddleware] 🔍 API Version: v1
DEBUG 2026-08-27 20:24:42,154 middleware [Auth] 🌐 Accès à la route publique : /api/news/v1/news/
DEBUG 2026-08-27 20:24:42,154 middleware [Auth] 🌐 Accès à la route publique : /api/news/v1/news/
DEBUG 2026-08-27 20:24:42,154 middleware [MultiTenant] Cache hit pour civitas -> civitas (civitas)
DEBUG 2026-08-27 20:24:42,155 middleware [MultiTenant] Cache hit pour civitas -> civitas (civitas)
DEBUG 2026-08-27 20:24:42,158 middleware [MultiTenant] 🌐 Tenant résolu : civitas pour /api/notifications/v1/notifications/
DEBUG 2026-08-27 20:24:42,158 middleware [MultiTenant] 🌐 Tenant résolu : civitas pour /api/users/v1/users/me/
DEBUG 2026-08-27 20:24:42,158 middleware [MultiTenant] 🔐 Route AUTHENTICATED : /api/notifications/v1/notifications/ | Tenant: civitas
DEBUG 2026-08-27 20:24:42,158 middleware [MultiTenant] 🔐 Route AUTHENTICATED : /api/users/v1/users/me/ | Tenant: civitas
DEBUG 2026-08-27 20:24:42,159 middleware [JWTMiddleware] 🔍 Processing request: /api/notifications/v1/notifications/
DEBUG 2026-08-27 20:24:42,159 middleware [JWTMiddleware] 🔍 Processing request: /api/users/v1/users/me/
DEBUG 2026-08-27 20:24:42,159 middleware [JWTMiddleware] 🔍 Is public route: False
DEBUG 2026-08-27 20:24:42,159 middleware [JWTMiddleware] 🔍 Is public route: False
DEBUG 2026-08-27 20:24:42,159 middleware [JWTMiddleware] 🔍 Is authenticated route: True
DEBUG 2026-08-27 20:24:42,159 middleware [JWTMiddleware] 🔍 Is authenticated route: True
DEBUG 2026-08-27 20:24:42,160 middleware [JWTMiddleware] 🔍 Is admin route: False
DEBUG 2026-08-27 20:24:42,160 middleware [JWTMiddleware] 🔍 Is admin route: False
DEBUG 2026-08-27 20:24:42,160 middleware [Auth] Token extrait du header Authorization
DEBUG 2026-08-27 20:24:42,160 middleware [Auth] Token extrait du header Authorization
DEBUG 2026-08-27 20:24:42,210 middleware [Auth] 🔐 Utilisateur authentifié : admin (ID: 1)
DEBUG 2026-08-27 20:24:42,210 middleware [Auth] 🔐 Utilisateur authentifié : admin (ID: 1)
DEBUG 2026-08-27 20:24:42,214 middleware [Auth] ✅ Accès autorisé pour utilisateur authentifié : admin
DEBUG 2026-08-27 20:24:42,215 middleware [Auth] ✅ Accès autorisé pour utilisateur authentifié : admin
DEBUG 2026-08-27 20:24:42,461 middleware [TenantMiddleware] 🔍 Processing request: /api/news/v1/news/
DEBUG 2026-08-27 20:24:42,462 middleware [TenantMiddleware] 🔍 Route type: TENANT_PUBLIC
DEBUG 2026-08-27 20:24:42,462 middleware [TenantMiddleware] 🔍 Processing request: /api/news/v1/news/
DEBUG 2026-08-27 20:24:42,462 middleware [TenantMiddleware] 🔍 API Version: v1
DEBUG 2026-08-27 20:24:42,462 middleware [TenantMiddleware] 🔍 Route type: TENANT_PUBLIC
DEBUG 2026-08-27 20:24:42,463 middleware [MultiTenant] Cache hit pour civitas -> civitas (civitas)
DEBUG 2026-08-27 20:24:42,463 middleware [TenantMiddleware] 🔍 API Version: v1
DEBUG 2026-08-27 20:24:42,463 middleware [MultiTenant] 🌐 Tenant résolu : civitas pour /api/news/v1/news/
DEBUG 2026-08-27 20:24:42,463 middleware [MultiTenant] Cache hit pour civitas -> civitas (civitas)
DEBUG 2026-08-27 20:24:42,464 middleware [MultiTenant] 🌐 Route TENANT_PUBLIC : /api/news/v1/news/ | Tenant: civitas
DEBUG 2026-08-27 20:24:42,464 middleware [MultiTenant] 🌐 Tenant résolu : civitas pour /api/news/v1/news/
DEBUG 2026-08-27 20:24:42,464 middleware [JWTMiddleware] 🔍 Processing request: /api/news/v1/news/
DEBUG 2026-08-27 20:24:42,464 middleware [MultiTenant] 🌐 Route TENANT_PUBLIC : /api/news/v1/news/ | Tenant: civitas
DEBUG 2026-08-27 20:24:42,464 middleware [JWTMiddleware] 🔍 Is public route: True
DEBUG 2026-08-27 20:24:42,465 middleware [JWTMiddleware] 🔍 Processing request: /api/news/v1/news/
DEBUG 2026-08-27 20:24:42,465 middleware [JWTMiddleware] 🔍 Is authenticated route: False
DEBUG 2026-08-27 20:24:42,465 middleware [JWTMiddleware] 🔍 Is public route: True
DEBUG 2026-08-27 20:24:42,465 middleware [JWTMiddleware] 🔍 Is admin route: False
DEBUG 2026-08-27 20:24:42,465 middleware [JWTMiddleware] 🔍 Is authenticated route: False
DEBUG 2026-08-27 20:24:42,465 middleware [Auth] 🌐 Accès à la route publique : /api/news/v1/news/
DEBUG 2026-08-27 20:24:42,466 middleware [JWTMiddleware] 🔍 Is admin route: False
DEBUG 2026-08-27 20:24:42,467 middleware [Auth] 🌐 Accès à la route publique : /api/news/v1/news/
DEBUG 2026-08-27 20:24:42,684 middleware [TenantMiddleware] 🔍 Processing request: /api/news/v1/news/
DEBUG 2026-08-27 20:24:42,684 middleware [TenantMiddleware] 🔍 Route type: TENANT_PUBLIC
DEBUG 2026-08-27 20:24:42,685 middleware [TenantMiddleware] 🔍 API Version: v1
DEBUG 2026-08-27 20:24:42,688 middleware [MultiTenant] Cache hit pour civitas -> civitas (civitas)
DEBUG 2026-08-27 20:24:42,689 middleware [MultiTenant] 🌐 Tenant résolu : civitas pour /api/news/v1/news/
DEBUG 2026-08-27 20:24:42,693 middleware [MultiTenant] 🌐 Route TENANT_PUBLIC : /api/news/v1/news/ | Tenant: civitas
DEBUG 2026-08-27 20:24:42,693 middleware [JWTMiddleware] 🔍 Processing request: /api/news/v1/news/
DEBUG 2026-08-27 20:24:42,696 middleware [JWTMiddleware] 🔍 Is public route: True
DEBUG 2026-08-27 20:24:42,696 middleware [JWTMiddleware] 🔍 Is authenticated route: False
DEBUG 2026-08-27 20:24:42,696 middleware [JWTMiddleware] 🔍 Is admin route: False
DEBUG 2026-08-27 20:24:42,699 middleware [Auth] 🌐 Accès à la route publique : /api/news/v1/news/
DEBUG 2026-08-27 20:24:42,704 middleware [TenantMiddleware] 🔍 Processing request: /api/news/v1/news/
DEBUG 2026-08-27 20:24:42,705 middleware [TenantMiddleware] 🔍 Route type: TENANT_PUBLIC
DEBUG 2026-08-27 20:24:42,705 middleware [TenantMiddleware] 🔍 API Version: v1
DEBUG 2026-08-27 20:24:42,706 middleware [MultiTenant] Cache hit pour civitas -> civitas (civitas)
DEBUG 2026-08-27 20:24:42,708 middleware [MultiTenant] 🌐 Tenant résolu : civitas pour /api/news/v1/news/
DEBUG 2026-08-27 20:24:42,709 middleware [MultiTenant] 🌐 Route TENANT_PUBLIC : /api/news/v1/news/ | Tenant: civitas
DEBUG 2026-08-27 20:24:42,711 middleware [JWTMiddleware] 🔍 Processing request: /api/news/v1/news/
DEBUG 2026-08-27 20:24:42,712 middleware [JWTMiddleware] 🔍 Is public route: True
DEBUG 2026-08-27 20:24:42,712 middleware [JWTMiddleware] 🔍 Is authenticated route: False
DEBUG 2026-08-27 20:24:42,714 middleware [JWTMiddleware] 🔍 Is admin route: False
DEBUG 2026-08-27 20:24:42,715 middleware [Auth] 🌐 Accès à la route publique : /api/news/v1/news/
DEBUG 2026-08-27 20:24:42,942 middleware [TenantMiddleware] 🔍 Processing request: /api/news/v1/news/
DEBUG 2026-08-27 20:24:42,943 middleware [TenantMiddleware] 🔍 Route type: TENANT_PUBLIC
DEBUG 2026-08-27 20:24:42,944 middleware [TenantMiddleware] 🔍 API Version: v1
DEBUG 2026-08-27 20:24:42,944 middleware [MultiTenant] Cache hit pour civitas -> civitas (civitas)
DEBUG 2026-08-27 20:24:42,944 middleware [MultiTenant] 🌐 Tenant résolu : civitas pour /api/news/v1/news/
DEBUG 2026-08-27 20:24:42,944 middleware [MultiTenant] 🌐 Route TENANT_PUBLIC : /api/news/v1/news/ | Tenant: civitas
DEBUG 2026-08-27 20:24:42,945 middleware [TenantMiddleware] 🔍 Processing request: /api/news/v1/news/
DEBUG 2026-08-27 20:24:42,945 middleware [JWTMiddleware] 🔍 Processing request: /api/news/v1/news/
DEBUG 2026-08-27 20:24:42,946 middleware [TenantMiddleware] 🔍 Route type: TENANT_PUBLIC
DEBUG 2026-08-27 20:24:42,946 middleware [JWTMiddleware] 🔍 Is public route: True
DEBUG 2026-08-27 20:24:42,946 middleware [TenantMiddleware] 🔍 API Version: v1
DEBUG 2026-08-27 20:24:42,946 middleware [JWTMiddleware] 🔍 Is authenticated route: False
DEBUG 2026-08-27 20:24:42,947 middleware [MultiTenant] Cache hit pour civitas -> civitas (civitas)
DEBUG 2026-08-27 20:24:42,947 middleware [JWTMiddleware] 🔍 Is admin route: False
DEBUG 2026-08-27 20:24:42,947 middleware [MultiTenant] 🌐 Tenant résolu : civitas pour /api/news/v1/news/
DEBUG 2026-08-27 20:24:42,947 middleware [Auth] 🌐 Accès à la route publique : /api/news/v1/news/
DEBUG 2026-08-27 20:24:42,948 middleware [MultiTenant] 🌐 Route TENANT_PUBLIC : /api/news/v1/news/ | Tenant: civitas
DEBUG 2026-08-27 20:24:42,950 middleware [JWTMiddleware] 🔍 Processing request: /api/news/v1/news/
DEBUG 2026-08-27 20:24:42,950 middleware [JWTMiddleware] 🔍 Is public route: True
DEBUG 2026-08-27 20:24:42,950 middleware [JWTMiddleware] 🔍 Is authenticated route: False
DEBUG 2026-08-27 20:24:42,951 middleware [JWTMiddleware] 🔍 Is admin route: False
DEBUG 2026-08-27 20:24:42,951 middleware [Auth] 🌐 Accès à la route publique : /api/news/v1/news/
DEBUG 2026-08-27 20:24:46,601 middleware [TenantMiddleware] 🔍 Processing request: /api/news/v1/news/24/reactions/
DEBUG 2026-08-27 20:24:46,602 middleware [TenantMiddleware] 🔍 Route type: TENANT_PUBLIC
DEBUG 2026-08-27 20:24:46,602 middleware [TenantMiddleware] 🔍 API Version: v1
DEBUG 2026-08-27 20:24:46,603 middleware [MultiTenant] Cache hit pour civitas -> civitas (civitas)
DEBUG 2026-08-27 20:24:46,603 middleware [MultiTenant] 🌐 Tenant résolu : civitas pour /api/news/v1/news/24/reactions/
DEBUG 2026-08-27 20:24:46,604 middleware [MultiTenant] 🌐 Route TENANT_PUBLIC : /api/news/v1/news/24/reactions/ | Tenant: civitas
DEBUG 2026-08-27 20:24:46,604 middleware [JWTMiddleware] 🔍 Processing request: /api/news/v1/news/24/reactions/
DEBUG 2026-08-27 20:24:46,604 middleware [JWTMiddleware] 🔍 Is public route: True
DEBUG 2026-08-27 20:24:46,605 middleware [JWTMiddleware] 🔍 Is authenticated route: False
DEBUG 2026-08-27 20:24:46,605 middleware [JWTMiddleware] 🔍 Is admin route: False
DEBUG 2026-08-27 20:24:46,606 middleware [Auth] 🌐 Accès à la route publique : /api/news/v1/news/24/reactions/
DEBUG 2026-08-27 20:24:46,912 middleware [TenantMiddleware] 🔍 Processing request: /api/news/v1/news/24/reactions/
DEBUG 2026-08-27 20:24:46,912 middleware [TenantMiddleware] 🔍 Route type: TENANT_PUBLIC
DEBUG 2026-08-27 20:24:46,912 middleware [TenantMiddleware] 🔍 API Version: v1
DEBUG 2026-08-27 20:24:46,912 middleware [MultiTenant] Cache hit pour civitas -> civitas (civitas)
DEBUG 2026-08-27 20:24:46,913 middleware [MultiTenant] 🌐 Tenant résolu : civitas pour /api/news/v1/news/24/reactions/
DEBUG 2026-08-27 20:24:46,913 middleware [MultiTenant] 🌐 Route TENANT_PUBLIC : /api/news/v1/news/24/reactions/ | Tenant: civitas
DEBUG 2026-08-27 20:24:46,913 middleware [JWTMiddleware] 🔍 Processing request: /api/news/v1/news/24/reactions/
DEBUG 2026-08-27 20:24:46,913 middleware [JWTMiddleware] 🔍 Is public route: True
DEBUG 2026-08-27 20:24:46,913 middleware [JWTMiddleware] 🔍 Is authenticated route: False
DEBUG 2026-08-27 20:24:46,913 middleware [JWTMiddleware] 🔍 Is admin route: False
DEBUG 2026-08-27 20:24:46,914 middleware [Auth] 🌐 Accès à la route publique : /api/news/v1/news/24/reactions/
DEBUG 2026-08-27 20:24:47,077 middleware [TenantMiddleware] 🔍 Processing request: /api/news/v1/news/24/reactions/
DEBUG 2026-08-27 20:24:47,077 middleware [TenantMiddleware] 🔍 Route type: TENANT_PUBLIC
DEBUG 2026-08-27 20:24:47,078 middleware [TenantMiddleware] 🔍 API Version: v1
DEBUG 2026-08-27 20:24:47,078 middleware [MultiTenant] Cache hit pour civitas -> civitas (civitas)
DEBUG 2026-08-27 20:24:47,078 middleware [MultiTenant] 🌐 Tenant résolu : civitas pour /api/news/v1/news/24/reactions/
DEBUG 2026-08-27 20:24:47,079 middleware [MultiTenant] 🌐 Route TENANT_PUBLIC : /api/news/v1/news/24/reactions/ | Tenant: civitas
DEBUG 2026-08-27 20:24:47,079 middleware [JWTMiddleware] 🔍 Processing request: /api/news/v1/news/24/reactions/
DEBUG 2026-08-27 20:24:47,079 middleware [JWTMiddleware] 🔍 Is public route: True
DEBUG 2026-08-27 20:24:47,079 middleware [JWTMiddleware] 🔍 Is authenticated route: False
DEBUG 2026-08-27 20:24:47,079 middleware [JWTMiddleware] 🔍 Is admin route: False
DEBUG 2026-08-27 20:24:47,080 middleware [Auth] 🌐 Accès à la route publique : /api/news/v1/news/24/reactions/
DEBUG 2026-08-27 20:24:47,378 middleware [TenantMiddleware] 🔍 Processing request: /api/news/v1/news/24/reactions/
DEBUG 2026-08-27 20:24:47,378 middleware [TenantMiddleware] 🔍 Route type: TENANT_PUBLIC
DEBUG 2026-08-27 20:24:47,378 middleware [TenantMiddleware] 🔍 API Version: v1
DEBUG 2026-08-27 20:24:47,379 middleware [MultiTenant] Cache hit pour civitas -> civitas (civitas)
DEBUG 2026-08-27 20:24:47,379 middleware [MultiTenant] 🌐 Tenant résolu : civitas pour /api/news/v1/news/24/reactions/
DEBUG 2026-08-27 20:24:47,379 middleware [MultiTenant] 🌐 Route TENANT_PUBLIC : /api/news/v1/news/24/reactions/ | Tenant: civitas
DEBUG 2026-08-27 20:24:47,379 middleware [JWTMiddleware] 🔍 Processing request: /api/news/v1/news/24/reactions/
DEBUG 2026-08-27 20:24:47,380 middleware [JWTMiddleware] 🔍 Is public route: True
DEBUG 2026-08-27 20:24:47,380 middleware [JWTMiddleware] 🔍 Is authenticated route: False
DEBUG 2026-08-27 20:24:47,380 middleware [JWTMiddleware] 🔍 Is admin route: False
DEBUG 2026-08-27 20:24:47,380 middleware [Auth] 🌐 Accès à la route publique : /api/news/v1/news/24/reactions/
DEBUG 2026-08-27 20:24:47,548 middleware [TenantMiddleware] 🔍 Processing request: /api/news/v1/news/24/reactions/
DEBUG 2026-08-27 20:24:47,548 middleware [TenantMiddleware] 🔍 Route type: TENANT_PUBLIC
DEBUG 2026-08-27 20:24:47,549 middleware [TenantMiddleware] 🔍 API Version: v1
DEBUG 2026-08-27 20:24:47,549 middleware [MultiTenant] Cache hit pour civitas -> civitas (civitas)
DEBUG 2026-08-27 20:24:47,549 middleware [MultiTenant] 🌐 Tenant résolu : civitas pour /api/news/v1/news/24/reactions/
DEBUG 2026-08-27 20:24:47,549 middleware [MultiTenant] 🌐 Route TENANT_PUBLIC : /api/news/v1/news/24/reactions/ | Tenant: civitas
DEBUG 2026-08-27 20:24:47,549 middleware [JWTMiddleware] 🔍 Processing request: /api/news/v1/news/24/reactions/
DEBUG 2026-08-27 20:24:47,550 middleware [JWTMiddleware] 🔍 Is public route: True
DEBUG 2026-08-27 20:24:47,550 middleware [JWTMiddleware] 🔍 Is authenticated route: False
DEBUG 2026-08-27 20:24:47,550 middleware [JWTMiddleware] 🔍 Is admin route: False
DEBUG 2026-08-27 20:24:47,550 middleware [Auth] 🌐 Accès à la route publique : /api/news/v1/news/24/reactions/
DEBUG 2026-08-27 20:24:47,856 middleware [TenantMiddleware] 🔍 Processing request: /api/news/v1/news/24/reactions/
DEBUG 2026-08-27 20:24:47,856 middleware [TenantMiddleware] 🔍 Route type: TENANT_PUBLIC
DEBUG 2026-08-27 20:24:47,857 middleware [TenantMiddleware] 🔍 API Version: v1
DEBUG 2026-08-27 20:24:47,857 middleware [MultiTenant] Cache hit pour civitas -> civitas (civitas)
DEBUG 2026-08-27 20:24:47,857 middleware [MultiTenant] 🌐 Tenant résolu : civitas pour /api/news/v1/news/24/reactions/
DEBUG 2026-08-27 20:24:47,857 middleware [MultiTenant] 🌐 Route TENANT_PUBLIC : /api/news/v1/news/24/reactions/ | Tenant: civitas
DEBUG 2026-08-27 20:24:47,858 middleware [JWTMiddleware] 🔍 Processing request: /api/news/v1/news/24/reactions/
DEBUG 2026-08-27 20:24:47,858 middleware [JWTMiddleware] 🔍 Is public route: True
DEBUG 2026-08-27 20:24:47,858 middleware [JWTMiddleware] 🔍 Is authenticated route: False
DEBUG 2026-08-27 20:24:47,859 middleware [JWTMiddleware] 🔍 Is admin route: False
DEBUG 2026-08-27 20:24:47,859 middleware [Auth] 🌐 Accès à la route publique : /api/news/v1/news/24/reactions/
DEBUG 2026-08-27 20:24:48,426 middleware [TenantMiddleware] 🔍 Processing request: /api/news/v1/news/24/reactions/
DEBUG 2026-08-27 20:24:48,426 middleware [TenantMiddleware] 🔍 Route type: TENANT_PUBLIC
DEBUG 2026-08-27 20:24:48,426 middleware [TenantMiddleware] 🔍 API Version: v1
DEBUG 2026-08-27 20:24:48,427 middleware [MultiTenant] Cache hit pour civitas -> civitas (civitas)
DEBUG 2026-08-27 20:24:48,427 middleware [MultiTenant] 🌐 Tenant résolu : civitas pour /api/news/v1/news/24/reactions/
DEBUG 2026-08-27 20:24:48,427 middleware [MultiTenant] 🌐 Route TENANT_PUBLIC : /api/news/v1/news/24/reactions/ | Tenant: civitas
DEBUG 2026-08-27 20:24:48,427 middleware [JWTMiddleware] 🔍 Processing request: /api/news/v1/news/24/reactions/
DEBUG 2026-08-27 20:24:48,427 middleware [JWTMiddleware] 🔍 Is public route: True
DEBUG 2026-08-27 20:24:48,427 middleware [JWTMiddleware] 🔍 Is authenticated route: False
DEBUG 2026-08-27 20:24:48,427 middleware [JWTMiddleware] 🔍 Is admin route: False
DEBUG 2026-08-27 20:24:48,428 middleware [Auth] 🌐 Accès à la route publique : /api/news/v1/news/24/reactions/
DEBUG 2026-08-27 20:24:51,266 middleware [TenantMiddleware] 🔍 Processing request: /api/news/v1/news/
DEBUG 2026-08-27 20:24:51,267 middleware [TenantMiddleware] 🔍 Processing request: /api/news/v1/news/
DEBUG 2026-08-27 20:24:51,267 middleware [TenantMiddleware] 🔍 Route type: TENANT_PUBLIC
DEBUG 2026-08-27 20:24:51,267 middleware [TenantMiddleware] 🔍 Route type: TENANT_PUBLIC
DEBUG 2026-08-27 20:24:51,267 middleware [TenantMiddleware] 🔍 API Version: v1
DEBUG 2026-08-27 20:24:51,267 middleware [TenantMiddleware] 🔍 API Version: v1
DEBUG 2026-08-27 20:24:51,268 middleware [MultiTenant] Cache hit pour civitas -> civitas (civitas)
DEBUG 2026-08-27 20:24:51,268 middleware [MultiTenant] Cache hit pour civitas -> civitas (civitas)
DEBUG 2026-08-27 20:24:51,268 middleware [MultiTenant] 🌐 Tenant résolu : civitas pour /api/news/v1/news/
DEBUG 2026-08-27 20:24:51,268 middleware [MultiTenant] 🌐 Tenant résolu : civitas pour /api/news/v1/news/
DEBUG 2026-08-27 20:24:51,269 middleware [MultiTenant] 🌐 Route TENANT_PUBLIC : /api/news/v1/news/ | Tenant: civitas
DEBUG 2026-08-27 20:24:51,269 middleware [TenantMiddleware] 🔍 Processing request: /api/notifications/v1/notifications/
DEBUG 2026-08-27 20:24:51,269 middleware [MultiTenant] 🌐 Route TENANT_PUBLIC : /api/news/v1/news/ | Tenant: civitas
DEBUG 2026-08-27 20:24:51,270 middleware [TenantMiddleware] 🔍 Processing request: /api/users/v1/users/me/
DEBUG 2026-08-27 20:24:51,270 middleware [JWTMiddleware] 🔍 Processing request: /api/news/v1/news/
DEBUG 2026-08-27 20:24:51,270 middleware [TenantMiddleware] 🔍 Route type: AUTHENTICATED
DEBUG 2026-08-27 20:24:51,270 middleware [JWTMiddleware] 🔍 Processing request: /api/news/v1/news/
DEBUG 2026-08-27 20:24:51,270 middleware [TenantMiddleware] 🔍 Route type: AUTHENTICATED
DEBUG 2026-08-27 20:24:51,271 middleware [JWTMiddleware] 🔍 Is public route: True
DEBUG 2026-08-27 20:24:51,271 middleware [TenantMiddleware] 🔍 API Version: v1
DEBUG 2026-08-27 20:24:51,271 middleware [JWTMiddleware] 🔍 Is public route: True
DEBUG 2026-08-27 20:24:51,271 middleware [TenantMiddleware] 🔍 API Version: v1
DEBUG 2026-08-27 20:24:51,271 middleware [JWTMiddleware] 🔍 Is authenticated route: False
DEBUG 2026-08-27 20:24:51,272 middleware [MultiTenant] Cache hit pour civitas -> civitas (civitas)
DEBUG 2026-08-27 20:24:51,272 middleware [JWTMiddleware] 🔍 Is authenticated route: False
DEBUG 2026-08-27 20:24:51,272 middleware [MultiTenant] Cache hit pour civitas -> civitas (civitas)
DEBUG 2026-08-27 20:24:51,272 middleware [JWTMiddleware] 🔍 Is admin route: False
DEBUG 2026-08-27 20:24:51,272 middleware [MultiTenant] 🌐 Tenant résolu : civitas pour /api/notifications/v1/notifications/
DEBUG 2026-08-27 20:24:51,273 middleware [JWTMiddleware] 🔍 Is admin route: False
DEBUG 2026-08-27 20:24:51,273 middleware [MultiTenant] 🌐 Tenant résolu : civitas pour /api/users/v1/users/me/
DEBUG 2026-08-27 20:24:51,273 middleware [Auth] 🌐 Accès à la route publique : /api/news/v1/news/
DEBUG 2026-08-27 20:24:51,273 middleware [MultiTenant] 🔐 Route AUTHENTICATED : /api/notifications/v1/notifications/ | Tenant: civitas
DEBUG 2026-08-27 20:24:51,273 middleware [Auth] 🌐 Accès à la route publique : /api/news/v1/news/
DEBUG 2026-08-27 20:24:51,273 middleware [MultiTenant] 🔐 Route AUTHENTICATED : /api/users/v1/users/me/ | Tenant: civitas
DEBUG 2026-08-27 20:24:51,275 middleware [JWTMiddleware] 🔍 Processing request: /api/notifications/v1/notifications/
DEBUG 2026-08-27 20:24:51,276 middleware [JWTMiddleware] 🔍 Processing request: /api/users/v1/users/me/
DEBUG 2026-08-27 20:24:51,277 middleware [JWTMiddleware] 🔍 Is public route: False
DEBUG 2026-08-27 20:24:51,277 middleware [JWTMiddleware] 🔍 Is public route: False
DEBUG 2026-08-27 20:24:51,277 middleware [JWTMiddleware] 🔍 Is authenticated route: True
DEBUG 2026-08-27 20:24:51,277 middleware [JWTMiddleware] 🔍 Is authenticated route: True
DEBUG 2026-08-27 20:24:51,277 middleware [JWTMiddleware] 🔍 Is admin route: False
DEBUG 2026-08-27 20:24:51,278 middleware [JWTMiddleware] 🔍 Is admin route: False
DEBUG 2026-08-27 20:24:51,278 middleware [Auth] Token extrait du header Authorization
DEBUG 2026-08-27 20:24:51,278 middleware [Auth] Token extrait du header Authorization
DEBUG 2026-08-27 20:24:51,347 middleware [Auth] 🔐 Utilisateur authentifié : admin (ID: 1)
DEBUG 2026-08-27 20:24:51,348 middleware [Auth] 🔐 Utilisateur authentifié : admin (ID: 1)
DEBUG 2026-08-27 20:24:51,349 middleware [Auth] ✅ Accès autorisé pour utilisateur authentifié : admin
DEBUG 2026-08-27 20:24:51,352 middleware [Auth] ✅ Accès autorisé pour utilisateur authentifié : admin
DEBUG 2026-08-27 20:24:51,603 middleware [TenantMiddleware] 🔍 Processing request: /api/news/v1/news/
DEBUG 2026-08-27 20:24:51,604 middleware [TenantMiddleware] 🔍 Route type: TENANT_PUBLIC
DEBUG 2026-08-27 20:24:51,604 middleware [TenantMiddleware] 🔍 API Version: v1
DEBUG 2026-08-27 20:24:51,604 middleware [MultiTenant] Cache hit pour civitas -> civitas (civitas)
DEBUG 2026-08-27 20:24:51,607 middleware [MultiTenant] 🌐 Tenant résolu : civitas pour /api/news/v1/news/
DEBUG 2026-08-27 20:24:51,608 middleware [MultiTenant] 🌐 Route TENANT_PUBLIC : /api/news/v1/news/ | Tenant: civitas
DEBUG 2026-08-27 20:24:51,608 middleware [JWTMiddleware] 🔍 Processing request: /api/news/v1/news/
DEBUG 2026-08-27 20:24:51,608 middleware [JWTMiddleware] 🔍 Is public route: True
DEBUG 2026-08-27 20:24:51,608 middleware [JWTMiddleware] 🔍 Is authenticated route: False
DEBUG 2026-08-27 20:24:51,609 middleware [JWTMiddleware] 🔍 Is admin route: False
DEBUG 2026-08-27 20:24:51,609 middleware [Auth] 🌐 Accès à la route publique : /api/news/v1/news/
DEBUG 2026-08-27 20:24:51,612 middleware [TenantMiddleware] 🔍 Processing request: /api/news/v1/news/
DEBUG 2026-08-27 20:24:51,612 middleware [TenantMiddleware] 🔍 Route type: TENANT_PUBLIC
DEBUG 2026-08-27 20:24:51,613 middleware [TenantMiddleware] 🔍 API Version: v1
DEBUG 2026-08-27 20:24:51,613 middleware [MultiTenant] Cache hit pour civitas -> civitas (civitas)
DEBUG 2026-08-27 20:24:51,613 middleware [MultiTenant] 🌐 Tenant résolu : civitas pour /api/news/v1/news/
DEBUG 2026-08-27 20:24:51,614 middleware [MultiTenant] 🌐 Route TENANT_PUBLIC : /api/news/v1/news/ | Tenant: civitas
DEBUG 2026-08-27 20:24:51,614 middleware [JWTMiddleware] 🔍 Processing request: /api/news/v1/news/
DEBUG 2026-08-27 20:24:51,614 middleware [JWTMiddleware] 🔍 Is public route: True
DEBUG 2026-08-27 20:24:51,614 middleware [JWTMiddleware] 🔍 Is authenticated route: False
DEBUG 2026-08-27 20:24:51,615 middleware [JWTMiddleware] 🔍 Is admin route: False
DEBUG 2026-08-27 20:24:51,615 middleware [Auth] 🌐 Accès à la route publique : /api/news/v1/news/
DEBUG 2026-08-27 20:24:51,795 middleware [TenantMiddleware] 🔍 Processing request: /api/news/v1/news/
DEBUG 2026-08-27 20:24:51,797 middleware [TenantMiddleware] 🔍 Route type: TENANT_PUBLIC
DEBUG 2026-08-27 20:24:51,798 middleware [TenantMiddleware] 🔍 API Version: v1
DEBUG 2026-08-27 20:24:51,798 middleware [MultiTenant] Cache hit pour civitas -> civitas (civitas)
DEBUG 2026-08-27 20:24:51,801 middleware [TenantMiddleware] 🔍 Processing request: /api/news/v1/news/
DEBUG 2026-08-27 20:24:51,803 middleware [MultiTenant] 🌐 Tenant résolu : civitas pour /api/news/v1/news/
DEBUG 2026-08-27 20:24:51,804 middleware [TenantMiddleware] 🔍 Route type: TENANT_PUBLIC
DEBUG 2026-08-27 20:24:51,807 middleware [MultiTenant] 🌐 Route TENANT_PUBLIC : /api/news/v1/news/ | Tenant: civitas
DEBUG 2026-08-27 20:24:51,808 middleware [TenantMiddleware] 🔍 API Version: v1
DEBUG 2026-08-27 20:24:51,810 middleware [JWTMiddleware] 🔍 Processing request: /api/news/v1/news/
DEBUG 2026-08-27 20:24:51,810 middleware [MultiTenant] Cache hit pour civitas -> civitas (civitas)
DEBUG 2026-08-27 20:24:51,812 middleware [JWTMiddleware] 🔍 Is public route: True
DEBUG 2026-08-27 20:24:51,813 middleware [MultiTenant] 🌐 Tenant résolu : civitas pour /api/news/v1/news/
DEBUG 2026-08-27 20:24:51,814 middleware [JWTMiddleware] 🔍 Is authenticated route: False
DEBUG 2026-08-27 20:24:51,814 middleware [MultiTenant] 🌐 Route TENANT_PUBLIC : /api/news/v1/news/ | Tenant: civitas
DEBUG 2026-08-27 20:24:51,816 middleware [JWTMiddleware] 🔍 Is admin route: False
DEBUG 2026-08-27 20:24:51,816 middleware [JWTMiddleware] 🔍 Processing request: /api/news/v1/news/
DEBUG 2026-08-27 20:24:51,817 middleware [Auth] 🌐 Accès à la route publique : /api/news/v1/news/
DEBUG 2026-08-27 20:24:51,819 middleware [JWTMiddleware] 🔍 Is public route: True
DEBUG 2026-08-27 20:24:51,824 middleware [JWTMiddleware] 🔍 Is authenticated route: False
DEBUG 2026-08-27 20:24:51,824 middleware [JWTMiddleware] 🔍 Is admin route: False
DEBUG 2026-08-27 20:24:51,826 middleware [Auth] 🌐 Accès à la route publique : /api/news/v1/news/
DEBUG 2026-08-27 20:24:52,036 middleware [TenantMiddleware] 🔍 Processing request: /api/news/v1/news/
DEBUG 2026-08-27 20:24:52,037 middleware [TenantMiddleware] 🔍 Route type: TENANT_PUBLIC
DEBUG 2026-08-27 20:24:52,037 middleware [TenantMiddleware] 🔍 API Version: v1
DEBUG 2026-08-27 20:24:52,038 middleware [MultiTenant] Cache hit pour civitas -> civitas (civitas)
DEBUG 2026-08-27 20:24:52,038 middleware [MultiTenant] 🌐 Tenant résolu : civitas pour /api/news/v1/news/
DEBUG 2026-08-27 20:24:52,038 middleware [MultiTenant] 🌐 Route TENANT_PUBLIC : /api/news/v1/news/ | Tenant: civitas
DEBUG 2026-08-27 20:24:52,038 middleware [JWTMiddleware] 🔍 Processing request: /api/news/v1/news/
DEBUG 2026-08-27 20:24:52,038 middleware [JWTMiddleware] 🔍 Is public route: True
DEBUG 2026-08-27 20:24:52,039 middleware [JWTMiddleware] 🔍 Is authenticated route: False
DEBUG 2026-08-27 20:24:52,039 middleware [JWTMiddleware] 🔍 Is admin route: False
DEBUG 2026-08-27 20:24:52,039 middleware [Auth] 🌐 Accès à la route publique : /api/news/v1/news/
DEBUG 2026-08-27 20:24:52,040 middleware [TenantMiddleware] 🔍 Processing request: /api/news/v1/news/
DEBUG 2026-08-27 20:24:52,042 middleware [TenantMiddleware] 🔍 Route type: TENANT_PUBLIC
DEBUG 2026-08-27 20:24:52,043 middleware [TenantMiddleware] 🔍 API Version: v1
DEBUG 2026-08-27 20:24:52,043 middleware [MultiTenant] Cache hit pour civitas -> civitas (civitas)
DEBUG 2026-08-27 20:24:52,043 middleware [MultiTenant] 🌐 Tenant résolu : civitas pour /api/news/v1/news/
DEBUG 2026-08-27 20:24:52,043 middleware [MultiTenant] 🌐 Route TENANT_PUBLIC : /api/news/v1/news/ | Tenant: civitas
DEBUG 2026-08-27 20:24:52,043 middleware [JWTMiddleware] 🔍 Processing request: /api/news/v1/news/
DEBUG 2026-08-27 20:24:52,043 middleware [JWTMiddleware] 🔍 Is public route: True
DEBUG 2026-08-27 20:24:52,044 middleware [JWTMiddleware] 🔍 Is authenticated route: False
DEBUG 2026-08-27 20:24:52,044 middleware [JWTMiddleware] 🔍 Is admin route: False
DEBUG 2026-08-27 20:24:52,044 middleware [Auth] 🌐 Accès à la route publique : /api/news/v1/news/
DEBUG 2026-08-27 20:25:02,684 middleware [TenantMiddleware] 🔍 Processing request: /api/news/v1/news/
DEBUG 2026-08-27 20:25:02,684 middleware [TenantMiddleware] 🔍 Processing request: /api/news/v1/news/
DEBUG 2026-08-27 20:25:02,684 middleware [TenantMiddleware] 🔍 Route type: TENANT_PUBLIC
DEBUG 2026-08-27 20:25:02,685 middleware [TenantMiddleware] 🔍 Route type: TENANT_PUBLIC
DEBUG 2026-08-27 20:25:02,685 middleware [TenantMiddleware] 🔍 API Version: v1
DEBUG 2026-08-27 20:25:02,685 middleware [TenantMiddleware] 🔍 API Version: v1
DEBUG 2026-08-27 20:25:02,685 middleware [MultiTenant] Cache hit pour civitas -> civitas (civitas)
DEBUG 2026-08-27 20:25:02,685 middleware [MultiTenant] Cache hit pour civitas -> civitas (civitas)
DEBUG 2026-08-27 20:25:02,686 middleware [MultiTenant] 🌐 Tenant résolu : civitas pour /api/news/v1/news/
DEBUG 2026-08-27 20:25:02,686 middleware [MultiTenant] 🌐 Tenant résolu : civitas pour /api/news/v1/news/
DEBUG 2026-08-27 20:25:02,686 middleware [MultiTenant] 🌐 Route TENANT_PUBLIC : /api/news/v1/news/ | Tenant: civitas
DEBUG 2026-08-27 20:25:02,686 middleware [MultiTenant] 🌐 Route TENANT_PUBLIC : /api/news/v1/news/ | Tenant: civitas
DEBUG 2026-08-27 20:25:02,686 middleware [JWTMiddleware] 🔍 Processing request: /api/news/v1/news/
DEBUG 2026-08-27 20:25:02,687 middleware [TenantMiddleware] 🔍 Processing request: /api/notifications/v1/notifications/
DEBUG 2026-08-27 20:25:02,688 middleware [TenantMiddleware] 🔍 Processing request: /api/users/v1/users/me/
DEBUG 2026-08-27 20:25:02,688 middleware [JWTMiddleware] 🔍 Processing request: /api/news/v1/news/
DEBUG 2026-08-27 20:25:02,688 middleware [JWTMiddleware] 🔍 Is public route: True
DEBUG 2026-08-27 20:25:02,688 middleware [TenantMiddleware] 🔍 Route type: AUTHENTICATED
DEBUG 2026-08-27 20:25:02,688 middleware [TenantMiddleware] 🔍 Route type: AUTHENTICATED
DEBUG 2026-08-27 20:25:02,689 middleware [JWTMiddleware] 🔍 Is public route: True
DEBUG 2026-08-27 20:25:02,689 middleware [JWTMiddleware] 🔍 Is authenticated route: False
DEBUG 2026-08-27 20:25:02,689 middleware [TenantMiddleware] 🔍 API Version: v1
DEBUG 2026-08-27 20:25:02,689 middleware [TenantMiddleware] 🔍 API Version: v1
DEBUG 2026-08-27 20:25:02,689 middleware [JWTMiddleware] 🔍 Is authenticated route: False
DEBUG 2026-08-27 20:25:02,690 middleware [JWTMiddleware] 🔍 Is admin route: False
DEBUG 2026-08-27 20:25:02,690 middleware [MultiTenant] Cache hit pour civitas -> civitas (civitas)
DEBUG 2026-08-27 20:25:02,690 middleware [MultiTenant] Cache hit pour civitas -> civitas (civitas)
DEBUG 2026-08-27 20:25:02,690 middleware [JWTMiddleware] 🔍 Is admin route: False
DEBUG 2026-08-27 20:25:02,690 middleware [Auth] 🌐 Accès à la route publique : /api/news/v1/news/
DEBUG 2026-08-27 20:25:02,691 middleware [MultiTenant] 🌐 Tenant résolu : civitas pour /api/notifications/v1/notifications/
DEBUG 2026-08-27 20:25:02,691 middleware [MultiTenant] 🌐 Tenant résolu : civitas pour /api/users/v1/users/me/
DEBUG 2026-08-27 20:25:02,691 middleware [Auth] 🌐 Accès à la route publique : /api/news/v1/news/
DEBUG 2026-08-27 20:25:02,692 middleware [MultiTenant] 🔐 Route AUTHENTICATED : /api/notifications/v1/notifications/ | Tenant: civitas
DEBUG 2026-08-27 20:25:02,693 middleware [MultiTenant] 🔐 Route AUTHENTICATED : /api/users/v1/users/me/ | Tenant: civitas
DEBUG 2026-08-27 20:25:02,694 middleware [JWTMiddleware] 🔍 Processing request: /api/notifications/v1/notifications/
DEBUG 2026-08-27 20:25:02,694 middleware [JWTMiddleware] 🔍 Processing request: /api/users/v1/users/me/
DEBUG 2026-08-27 20:25:02,695 middleware [JWTMiddleware] 🔍 Is public route: False
DEBUG 2026-08-27 20:25:02,695 middleware [JWTMiddleware] 🔍 Is public route: False
DEBUG 2026-08-27 20:25:02,695 middleware [JWTMiddleware] 🔍 Is authenticated route: True
DEBUG 2026-08-27 20:25:02,695 middleware [JWTMiddleware] 🔍 Is authenticated route: True
DEBUG 2026-08-27 20:25:02,695 middleware [JWTMiddleware] 🔍 Is admin route: False
DEBUG 2026-08-27 20:25:02,696 middleware [JWTMiddleware] 🔍 Is admin route: False
DEBUG 2026-08-27 20:25:02,696 middleware [Auth] Token extrait du header Authorization
DEBUG 2026-08-27 20:25:02,696 middleware [Auth] Token extrait du header Authorization
DEBUG 2026-08-27 20:25:02,746 middleware [Auth] 🔐 Utilisateur authentifié : admin (ID: 1)
DEBUG 2026-08-27 20:25:02,746 middleware [Auth] 🔐 Utilisateur authentifié : admin (ID: 1)
DEBUG 2026-08-27 20:25:02,749 middleware [Auth] ✅ Accès autorisé pour utilisateur authentifié : admin
DEBUG 2026-08-27 20:25:02,752 middleware [Auth] ✅ Accès autorisé pour utilisateur authentifié : admin
DEBUG 2026-08-27 20:25:03,047 middleware [TenantMiddleware] 🔍 Processing request: /api/news/v1/news/
DEBUG 2026-08-27 20:25:03,047 middleware [TenantMiddleware] 🔍 Route type: TENANT_PUBLIC
DEBUG 2026-08-27 20:25:03,049 middleware [TenantMiddleware] 🔍 API Version: v1
DEBUG 2026-08-27 20:25:03,049 middleware [MultiTenant] Cache hit pour civitas -> civitas (civitas)
DEBUG 2026-08-27 20:25:03,050 middleware [MultiTenant] 🌐 Tenant résolu : civitas pour /api/news/v1/news/
DEBUG 2026-08-27 20:25:03,051 middleware [MultiTenant] 🌐 Route TENANT_PUBLIC : /api/news/v1/news/ | Tenant: civitas
DEBUG 2026-08-27 20:25:03,052 middleware [JWTMiddleware] 🔍 Processing request: /api/news/v1/news/
DEBUG 2026-08-27 20:25:03,052 middleware [JWTMiddleware] 🔍 Is public route: True
DEBUG 2026-08-27 20:25:03,052 middleware [JWTMiddleware] 🔍 Is authenticated route: False
DEBUG 2026-08-27 20:25:03,052 middleware [JWTMiddleware] 🔍 Is admin route: False
DEBUG 2026-08-27 20:25:03,052 middleware [Auth] 🌐 Accès à la route publique : /api/news/v1/news/
DEBUG 2026-08-27 20:25:03,055 middleware [TenantMiddleware] 🔍 Processing request: /api/news/v1/news/
DEBUG 2026-08-27 20:25:03,055 middleware [TenantMiddleware] 🔍 Route type: TENANT_PUBLIC
DEBUG 2026-08-27 20:25:03,055 middleware [TenantMiddleware] 🔍 API Version: v1
DEBUG 2026-08-27 20:25:03,055 middleware [MultiTenant] Cache hit pour civitas -> civitas (civitas)
DEBUG 2026-08-27 20:25:03,056 middleware [MultiTenant] 🌐 Tenant résolu : civitas pour /api/news/v1/news/
DEBUG 2026-08-27 20:25:03,056 middleware [MultiTenant] 🌐 Route TENANT_PUBLIC : /api/news/v1/news/ | Tenant: civitas
DEBUG 2026-08-27 20:25:03,056 middleware [JWTMiddleware] 🔍 Processing request: /api/news/v1/news/
DEBUG 2026-08-27 20:25:03,056 middleware [JWTMiddleware] 🔍 Is public route: True
DEBUG 2026-08-27 20:25:03,056 middleware [JWTMiddleware] 🔍 Is authenticated route: False
DEBUG 2026-08-27 20:25:03,056 middleware [JWTMiddleware] 🔍 Is admin route: False
DEBUG 2026-08-27 20:25:03,056 middleware [Auth] 🌐 Accès à la route publique : /api/news/v1/news/
DEBUG 2026-08-27 20:25:03,122 middleware [TenantMiddleware] 🔍 Processing request: /api/news/v1/news/
DEBUG 2026-08-27 20:25:03,123 middleware [TenantMiddleware] 🔍 Processing request: /api/news/v1/news/
DEBUG 2026-08-27 20:25:03,123 middleware [TenantMiddleware] 🔍 Route type: TENANT_PUBLIC
DEBUG 2026-08-27 20:25:03,123 middleware [TenantMiddleware] 🔍 Route type: TENANT_PUBLIC
DEBUG 2026-08-27 20:25:03,124 middleware [TenantMiddleware] 🔍 API Version: v1
DEBUG 2026-08-27 20:25:03,126 middleware [TenantMiddleware] 🔍 API Version: v1
DEBUG 2026-08-27 20:25:03,126 middleware [MultiTenant] Cache hit pour civitas -> civitas (civitas)
DEBUG 2026-08-27 20:25:03,140 middleware [MultiTenant] Cache hit pour civitas -> civitas (civitas)
DEBUG 2026-08-27 20:25:03,141 middleware [MultiTenant] 🌐 Tenant résolu : civitas pour /api/news/v1/news/
DEBUG 2026-08-27 20:25:03,142 middleware [MultiTenant] 🌐 Tenant résolu : civitas pour /api/news/v1/news/
DEBUG 2026-08-27 20:25:03,144 middleware [MultiTenant] 🌐 Route TENANT_PUBLIC : /api/news/v1/news/ | Tenant: civitas
DEBUG 2026-08-27 20:25:03,147 middleware [MultiTenant] 🌐 Route TENANT_PUBLIC : /api/news/v1/news/ | Tenant: civitas
DEBUG 2026-08-27 20:25:03,149 middleware [JWTMiddleware] 🔍 Processing request: /api/news/v1/news/
DEBUG 2026-08-27 20:25:03,149 middleware [JWTMiddleware] 🔍 Processing request: /api/news/v1/news/
DEBUG 2026-08-27 20:25:03,151 middleware [JWTMiddleware] 🔍 Is public route: True
DEBUG 2026-08-27 20:25:03,152 middleware [JWTMiddleware] 🔍 Is public route: True
DEBUG 2026-08-27 20:25:03,152 middleware [JWTMiddleware] 🔍 Is authenticated route: False
DEBUG 2026-08-27 20:25:03,155 middleware [JWTMiddleware] 🔍 Is authenticated route: False
DEBUG 2026-08-27 20:25:03,155 middleware [JWTMiddleware] 🔍 Is admin route: False
DEBUG 2026-08-27 20:25:03,157 middleware [JWTMiddleware] 🔍 Is admin route: False
DEBUG 2026-08-27 20:25:03,159 middleware [Auth] 🌐 Accès à la route publique : /api/news/v1/news/
DEBUG 2026-08-27 20:25:03,160 middleware [Auth] 🌐 Accès à la route publique : /api/news/v1/news/
DEBUG 2026-08-27 20:25:03,818 middleware [TenantMiddleware] 🔍 Processing request: /api/news/v1/news/
DEBUG 2026-08-27 20:25:03,819 middleware [TenantMiddleware] 🔍 Processing request: /api/news/v1/news/
DEBUG 2026-08-27 20:25:03,819 middleware [TenantMiddleware] 🔍 Route type: TENANT_PUBLIC
DEBUG 2026-08-27 20:25:03,819 middleware [TenantMiddleware] 🔍 Route type: TENANT_PUBLIC
DEBUG 2026-08-27 20:25:03,819 middleware [TenantMiddleware] 🔍 API Version: v1
DEBUG 2026-08-27 20:25:03,819 middleware [TenantMiddleware] 🔍 API Version: v1
DEBUG 2026-08-27 20:25:03,819 middleware [MultiTenant] Cache hit pour civitas -> civitas (civitas)
DEBUG 2026-08-27 20:25:03,820 middleware [MultiTenant] Cache hit pour civitas -> civitas (civitas)
DEBUG 2026-08-27 20:25:03,820 middleware [MultiTenant] 🌐 Tenant résolu : civitas pour /api/news/v1/news/
DEBUG 2026-08-27 20:25:03,820 middleware [MultiTenant] 🌐 Tenant résolu : civitas pour /api/news/v1/news/
DEBUG 2026-08-27 20:25:03,820 middleware [MultiTenant] 🌐 Route TENANT_PUBLIC : /api/news/v1/news/ | Tenant: civitas
DEBUG 2026-08-27 20:25:03,820 middleware [MultiTenant] 🌐 Route TENANT_PUBLIC : /api/news/v1/news/ | Tenant: civitas
DEBUG 2026-08-27 20:25:03,820 middleware [JWTMiddleware] 🔍 Processing request: /api/news/v1/news/
DEBUG 2026-08-27 20:25:03,821 middleware [JWTMiddleware] 🔍 Processing request: /api/news/v1/news/
DEBUG 2026-08-27 20:25:03,821 middleware [JWTMiddleware] 🔍 Is public route: True
DEBUG 2026-08-27 20:25:03,821 middleware [JWTMiddleware] 🔍 Is public route: True
DEBUG 2026-08-27 20:25:03,821 middleware [JWTMiddleware] 🔍 Is authenticated route: False
DEBUG 2026-08-27 20:25:03,821 middleware [JWTMiddleware] 🔍 Is authenticated route: False
DEBUG 2026-08-27 20:25:03,821 middleware [JWTMiddleware] 🔍 Is admin route: False
DEBUG 2026-08-27 20:25:03,822 middleware [JWTMiddleware] 🔍 Is admin route: False
DEBUG 2026-08-27 20:25:03,822 middleware [Auth] 🌐 Accès à la route publique : /api/news/v1/news/
DEBUG 2026-08-27 20:25:03,822 middleware [Auth] 🌐 Accès à la route publique : /api/news/v1/news/
DEBUG 2026-08-27 20:25:10,725 middleware [TenantMiddleware] 🔍 Processing request: /api/news/v1/news/20/reactions/
DEBUG 2026-08-27 20:25:10,725 middleware [TenantMiddleware] 🔍 Route type: TENANT_PUBLIC
DEBUG 2026-08-27 20:25:10,725 middleware [TenantMiddleware] 🔍 API Version: v1
DEBUG 2026-08-27 20:25:10,726 middleware [MultiTenant] Cache hit pour civitas -> civitas (civitas)
DEBUG 2026-08-27 20:25:10,726 middleware [MultiTenant] 🌐 Tenant résolu : civitas pour /api/news/v1/news/20/reactions/
DEBUG 2026-08-27 20:25:10,726 middleware [MultiTenant] 🌐 Route TENANT_PUBLIC : /api/news/v1/news/20/reactions/ | Tenant: civitas
DEBUG 2026-08-27 20:25:10,726 middleware [JWTMiddleware] 🔍 Processing request: /api/news/v1/news/20/reactions/
DEBUG 2026-08-27 20:25:10,727 middleware [JWTMiddleware] 🔍 Is public route: True
DEBUG 2026-08-27 20:25:10,727 middleware [JWTMiddleware] 🔍 Is authenticated route: False
DEBUG 2026-08-27 20:25:10,727 middleware [JWTMiddleware] 🔍 Is admin route: False
DEBUG 2026-08-27 20:25:10,727 middleware [Auth] 🌐 Accès à la route publique : /api/news/v1/news/20/reactions/
DEBUG 2026-08-27 20:25:11,163 middleware [TenantMiddleware] 🔍 Processing request: /api/news/v1/news/20/reactions/
DEBUG 2026-08-27 20:25:11,164 middleware [TenantMiddleware] 🔍 Route type: TENANT_PUBLIC
DEBUG 2026-08-27 20:25:11,164 middleware [TenantMiddleware] 🔍 API Version: v1
DEBUG 2026-08-27 20:25:11,165 middleware [MultiTenant] Cache hit pour civitas -> civitas (civitas)
DEBUG 2026-08-27 20:25:11,165 middleware [MultiTenant] 🌐 Tenant résolu : civitas pour /api/news/v1/news/20/reactions/
DEBUG 2026-08-27 20:25:11,166 middleware [MultiTenant] 🌐 Route TENANT_PUBLIC : /api/news/v1/news/20/reactions/ | Tenant: civitas
DEBUG 2026-08-27 20:25:11,166 middleware [JWTMiddleware] 🔍 Processing request: /api/news/v1/news/20/reactions/
DEBUG 2026-08-27 20:25:11,167 middleware [JWTMiddleware] 🔍 Is public route: True
DEBUG 2026-08-27 20:25:11,167 middleware [JWTMiddleware] 🔍 Is authenticated route: False
DEBUG 2026-08-27 20:25:11,167 middleware [JWTMiddleware] 🔍 Is admin route: False
DEBUG 2026-08-27 20:25:11,168 middleware [Auth] 🌐 Accès à la route publique : /api/news/v1/news/20/reactions/
DEBUG 2026-08-27 20:25:14,046 middleware [TenantMiddleware] 🔍 Processing request: /api/news/v1/news/
DEBUG 2026-08-27 20:25:14,046 middleware [TenantMiddleware] 🔍 Processing request: /api/news/v1/news/
DEBUG 2026-08-27 20:25:14,046 middleware [TenantMiddleware] 🔍 Route type: TENANT_PUBLIC
DEBUG 2026-08-27 20:25:14,046 middleware [TenantMiddleware] 🔍 Route type: TENANT_PUBLIC
DEBUG 2026-08-27 20:25:14,047 middleware [TenantMiddleware] 🔍 API Version: v1
DEBUG 2026-08-27 20:25:14,047 middleware [TenantMiddleware] 🔍 API Version: v1
DEBUG 2026-08-27 20:25:14,047 middleware [MultiTenant] Cache hit pour civitas -> civitas (civitas)
DEBUG 2026-08-27 20:25:14,047 middleware [MultiTenant] Cache hit pour civitas -> civitas (civitas)
DEBUG 2026-08-27 20:25:14,048 middleware [MultiTenant] 🌐 Tenant résolu : civitas pour /api/news/v1/news/
DEBUG 2026-08-27 20:25:14,048 middleware [TenantMiddleware] 🔍 Processing request: /api/notifications/v1/notifications/
DEBUG 2026-08-27 20:25:14,048 middleware [MultiTenant] 🌐 Tenant résolu : civitas pour /api/news/v1/news/
DEBUG 2026-08-27 20:25:14,049 middleware [TenantMiddleware] 🔍 Processing request: /api/users/v1/users/me/
DEBUG 2026-08-27 20:25:14,049 middleware [MultiTenant] 🌐 Route TENANT_PUBLIC : /api/news/v1/news/ | Tenant: civitas
DEBUG 2026-08-27 20:25:14,049 middleware [TenantMiddleware] 🔍 Route type: AUTHENTICATED
DEBUG 2026-08-27 20:25:14,050 middleware [MultiTenant] 🌐 Route TENANT_PUBLIC : /api/news/v1/news/ | Tenant: civitas
DEBUG 2026-08-27 20:25:14,050 middleware [TenantMiddleware] 🔍 Route type: AUTHENTICATED
DEBUG 2026-08-27 20:25:14,050 middleware [JWTMiddleware] 🔍 Processing request: /api/news/v1/news/
DEBUG 2026-08-27 20:25:14,050 middleware [TenantMiddleware] 🔍 API Version: v1
DEBUG 2026-08-27 20:25:14,050 middleware [JWTMiddleware] 🔍 Processing request: /api/news/v1/news/
DEBUG 2026-08-27 20:25:14,051 middleware [TenantMiddleware] 🔍 API Version: v1
DEBUG 2026-08-27 20:25:14,051 middleware [JWTMiddleware] 🔍 Is public route: True
DEBUG 2026-08-27 20:25:14,051 middleware [MultiTenant] Cache hit pour civitas -> civitas (civitas)
DEBUG 2026-08-27 20:25:14,051 middleware [JWTMiddleware] 🔍 Is public route: True
DEBUG 2026-08-27 20:25:14,052 middleware [MultiTenant] Cache hit pour civitas -> civitas (civitas)
DEBUG 2026-08-27 20:25:14,052 middleware [JWTMiddleware] 🔍 Is authenticated route: False
DEBUG 2026-08-27 20:25:14,052 middleware [MultiTenant] 🌐 Tenant résolu : civitas pour /api/notifications/v1/notifications/
DEBUG 2026-08-27 20:25:14,053 middleware [JWTMiddleware] 🔍 Is authenticated route: False
DEBUG 2026-08-27 20:25:14,053 middleware [MultiTenant] 🌐 Tenant résolu : civitas pour /api/users/v1/users/me/
DEBUG 2026-08-27 20:25:14,053 middleware [JWTMiddleware] 🔍 Is admin route: False
DEBUG 2026-08-27 20:25:14,053 middleware [MultiTenant] 🔐 Route AUTHENTICATED : /api/notifications/v1/notifications/ | Tenant: civitas
DEBUG 2026-08-27 20:25:14,053 middleware [JWTMiddleware] 🔍 Is admin route: False
DEBUG 2026-08-27 20:25:14,054 middleware [MultiTenant] 🔐 Route AUTHENTICATED : /api/users/v1/users/me/ | Tenant: civitas
DEBUG 2026-08-27 20:25:14,054 middleware [Auth] 🌐 Accès à la route publique : /api/news/v1/news/
DEBUG 2026-08-27 20:25:14,054 middleware [JWTMiddleware] 🔍 Processing request: /api/notifications/v1/notifications/
DEBUG 2026-08-27 20:25:14,054 middleware [Auth] 🌐 Accès à la route publique : /api/news/v1/news/
DEBUG 2026-08-27 20:25:14,054 middleware [JWTMiddleware] 🔍 Processing request: /api/users/v1/users/me/
DEBUG 2026-08-27 20:25:14,059 middleware [JWTMiddleware] 🔍 Is public route: False
DEBUG 2026-08-27 20:25:14,059 middleware [JWTMiddleware] 🔍 Is authenticated route: True
DEBUG 2026-08-27 20:25:14,059 middleware [JWTMiddleware] 🔍 Is admin route: False
DEBUG 2026-08-27 20:25:14,059 middleware [Auth] Token extrait du header Authorization
DEBUG 2026-08-27 20:25:14,057 middleware [JWTMiddleware] 🔍 Is public route: False
DEBUG 2026-08-27 20:25:14,061 middleware [JWTMiddleware] 🔍 Is authenticated route: True
DEBUG 2026-08-27 20:25:14,061 middleware [JWTMiddleware] 🔍 Is admin route: False
DEBUG 2026-08-27 20:25:14,061 middleware [Auth] Token extrait du header Authorization
DEBUG 2026-08-27 20:25:14,117 middleware [Auth] 🔐 Utilisateur authentifié : admin (ID: 1)
DEBUG 2026-08-27 20:25:14,119 middleware [Auth] ✅ Accès autorisé pour utilisateur authentifié : admin
DEBUG 2026-08-27 20:25:14,123 middleware [Auth] 🔐 Utilisateur authentifié : admin (ID: 1)
DEBUG 2026-08-27 20:25:14,132 middleware [Auth] ✅ Accès autorisé pour utilisateur authentifié : admin
DEBUG 2026-08-27 20:25:14,443 middleware [TenantMiddleware] 🔍 Processing request: /api/news/v1/news/
DEBUG 2026-08-27 20:25:14,443 middleware [TenantMiddleware] 🔍 Route type: TENANT_PUBLIC
DEBUG 2026-08-27 20:25:14,443 middleware [TenantMiddleware] 🔍 API Version: v1
DEBUG 2026-08-27 20:25:14,445 middleware [MultiTenant] Cache hit pour civitas -> civitas (civitas)
DEBUG 2026-08-27 20:25:14,445 middleware [MultiTenant] 🌐 Tenant résolu : civitas pour /api/news/v1/news/
DEBUG 2026-08-27 20:25:14,446 middleware [MultiTenant] 🌐 Route TENANT_PUBLIC : /api/news/v1/news/ | Tenant: civitas
DEBUG 2026-08-27 20:25:14,446 middleware [JWTMiddleware] 🔍 Processing request: /api/news/v1/news/
DEBUG 2026-08-27 20:25:14,446 middleware [JWTMiddleware] 🔍 Is public route: True
DEBUG 2026-08-27 20:25:14,446 middleware [JWTMiddleware] 🔍 Is authenticated route: False
DEBUG 2026-08-27 20:25:14,446 middleware [JWTMiddleware] 🔍 Is admin route: False
DEBUG 2026-08-27 20:25:14,447 middleware [Auth] 🌐 Accès à la route publique : /api/news/v1/news/
DEBUG 2026-08-27 20:25:14,449 middleware [TenantMiddleware] 🔍 Processing request: /api/news/v1/news/
DEBUG 2026-08-27 20:25:14,449 middleware [TenantMiddleware] 🔍 Route type: TENANT_PUBLIC
DEBUG 2026-08-27 20:25:14,449 middleware [TenantMiddleware] 🔍 API Version: v1
DEBUG 2026-08-27 20:25:14,450 middleware [MultiTenant] Cache hit pour civitas -> civitas (civitas)
DEBUG 2026-08-27 20:25:14,450 middleware [MultiTenant] 🌐 Tenant résolu : civitas pour /api/news/v1/news/
DEBUG 2026-08-27 20:25:14,450 middleware [MultiTenant] 🌐 Route TENANT_PUBLIC : /api/news/v1/news/ | Tenant: civitas
DEBUG 2026-08-27 20:25:14,450 middleware [JWTMiddleware] 🔍 Processing request: /api/news/v1/news/
DEBUG 2026-08-27 20:25:14,450 middleware [JWTMiddleware] 🔍 Is public route: True
DEBUG 2026-08-27 20:25:14,451 middleware [JWTMiddleware] 🔍 Is authenticated route: False
DEBUG 2026-08-27 20:25:14,451 middleware [JWTMiddleware] 🔍 Is admin route: False
DEBUG 2026-08-27 20:25:14,451 middleware [Auth] 🌐 Accès à la route publique : /api/news/v1/news/
DEBUG 2026-08-27 20:25:14,719 middleware [TenantMiddleware] 🔍 Processing request: /api/news/v1/news/
DEBUG 2026-08-27 20:25:14,719 middleware [TenantMiddleware] 🔍 Route type: TENANT_PUBLIC
DEBUG 2026-08-27 20:25:14,719 middleware [TenantMiddleware] 🔍 API Version: v1
DEBUG 2026-08-27 20:25:14,720 middleware [MultiTenant] Cache hit pour civitas -> civitas (civitas)
DEBUG 2026-08-27 20:25:14,720 middleware [MultiTenant] 🌐 Tenant résolu : civitas pour /api/news/v1/news/
DEBUG 2026-08-27 20:25:14,720 middleware [MultiTenant] 🌐 Route TENANT_PUBLIC : /api/news/v1/news/ | Tenant: civitas
DEBUG 2026-08-27 20:25:14,720 middleware [JWTMiddleware] 🔍 Processing request: /api/news/v1/news/
DEBUG 2026-08-27 20:25:14,720 middleware [JWTMiddleware] 🔍 Is public route: True
DEBUG 2026-08-27 20:25:14,720 middleware [JWTMiddleware] 🔍 Is authenticated route: False
DEBUG 2026-08-27 20:25:14,720 middleware [JWTMiddleware] 🔍 Is admin route: False
DEBUG 2026-08-27 20:25:14,721 middleware [Auth] 🌐 Accès à la route publique : /api/news/v1/news/
DEBUG 2026-08-27 20:25:14,721 middleware [TenantMiddleware] 🔍 Processing request: /api/news/v1/news/
DEBUG 2026-08-27 20:25:14,723 middleware [TenantMiddleware] 🔍 Route type: TENANT_PUBLIC
DEBUG 2026-08-27 20:25:14,723 middleware [TenantMiddleware] 🔍 API Version: v1
DEBUG 2026-08-27 20:25:14,723 middleware [MultiTenant] Cache hit pour civitas -> civitas (civitas)
DEBUG 2026-08-27 20:25:14,724 middleware [MultiTenant] 🌐 Tenant résolu : civitas pour /api/news/v1/news/
DEBUG 2026-08-27 20:25:14,724 middleware [MultiTenant] 🌐 Route TENANT_PUBLIC : /api/news/v1/news/ | Tenant: civitas
DEBUG 2026-08-27 20:25:14,724 middleware [JWTMiddleware] 🔍 Processing request: /api/news/v1/news/
DEBUG 2026-08-27 20:25:14,724 middleware [JWTMiddleware] 🔍 Is public route: True
DEBUG 2026-08-27 20:25:14,724 middleware [JWTMiddleware] 🔍 Is authenticated route: False
DEBUG 2026-08-27 20:25:14,724 middleware [JWTMiddleware] 🔍 Is admin route: False
DEBUG 2026-08-27 20:25:14,724 middleware [Auth] 🌐 Accès à la route publique : /api/news/v1/news/
DEBUG 2026-08-27 20:25:14,871 middleware [TenantMiddleware] 🔍 Processing request: /api/news/v1/news/
DEBUG 2026-08-27 20:25:14,871 middleware [TenantMiddleware] 🔍 Route type: TENANT_PUBLIC
DEBUG 2026-08-27 20:25:14,871 middleware [TenantMiddleware] 🔍 API Version: v1
DEBUG 2026-08-27 20:25:14,871 middleware [MultiTenant] Cache hit pour civitas -> civitas (civitas)
DEBUG 2026-08-27 20:25:14,872 middleware [MultiTenant] 🌐 Tenant résolu : civitas pour /api/news/v1/news/
DEBUG 2026-08-27 20:25:14,872 middleware [MultiTenant] 🌐 Route TENANT_PUBLIC : /api/news/v1/news/ | Tenant: civitas
DEBUG 2026-08-27 20:25:14,872 middleware [JWTMiddleware] 🔍 Processing request: /api/news/v1/news/
DEBUG 2026-08-27 20:25:14,872 middleware [JWTMiddleware] 🔍 Is public route: True
DEBUG 2026-08-27 20:25:14,872 middleware [JWTMiddleware] 🔍 Is authenticated route: False
DEBUG 2026-08-27 20:25:14,872 middleware [JWTMiddleware] 🔍 Is admin route: False
DEBUG 2026-08-27 20:25:14,872 middleware [Auth] 🌐 Accès à la route publique : /api/news/v1/news/
DEBUG 2026-08-27 20:25:14,904 middleware [TenantMiddleware] 🔍 Processing request: /api/news/v1/news/
DEBUG 2026-08-27 20:25:14,905 middleware [TenantMiddleware] 🔍 Route type: TENANT_PUBLIC
DEBUG 2026-08-27 20:25:14,905 middleware [TenantMiddleware] 🔍 API Version: v1
DEBUG 2026-08-27 20:25:14,906 middleware [MultiTenant] Cache hit pour civitas -> civitas (civitas)
DEBUG 2026-08-27 20:25:14,906 middleware [MultiTenant] 🌐 Tenant résolu : civitas pour /api/news/v1/news/
DEBUG 2026-08-27 20:25:14,906 middleware [MultiTenant] 🌐 Route TENANT_PUBLIC : /api/news/v1/news/ | Tenant: civitas
DEBUG 2026-08-27 20:25:14,908 middleware [JWTMiddleware] 🔍 Processing request: /api/news/v1/news/
DEBUG 2026-08-27 20:25:14,908 middleware [JWTMiddleware] 🔍 Is public route: True
DEBUG 2026-08-27 20:25:14,908 middleware [JWTMiddleware] 🔍 Is authenticated route: False
DEBUG 2026-08-27 20:25:14,908 middleware [JWTMiddleware] 🔍 Is admin route: False
DEBUG 2026-08-27 20:25:14,909 middleware [Auth] 🌐 Accès à la route publique : /api/news/v1/news/
DEBUG 2026-08-27 20:25:21,639 middleware [TenantMiddleware] 🔍 Processing request: /api/news/v1/news/20/reactions/
DEBUG 2026-08-27 20:25:21,639 middleware [TenantMiddleware] 🔍 Route type: TENANT_PUBLIC
DEBUG 2026-08-27 20:25:21,639 middleware [TenantMiddleware] 🔍 API Version: v1
DEBUG 2026-08-27 20:25:21,640 middleware [MultiTenant] Cache hit pour civitas -> civitas (civitas)
DEBUG 2026-08-27 20:25:21,640 middleware [MultiTenant] 🌐 Tenant résolu : civitas pour /api/news/v1/news/20/reactions/
DEBUG 2026-08-27 20:25:21,640 middleware [MultiTenant] 🌐 Route TENANT_PUBLIC : /api/news/v1/news/20/reactions/ | Tenant: civitas
DEBUG 2026-08-27 20:25:21,640 middleware [JWTMiddleware] 🔍 Processing request: /api/news/v1/news/20/reactions/
DEBUG 2026-08-27 20:25:21,641 middleware [JWTMiddleware] 🔍 Is public route: True
DEBUG 2026-08-27 20:25:21,641 middleware [JWTMiddleware] 🔍 Is authenticated route: False
DEBUG 2026-08-27 20:25:21,641 middleware [JWTMiddleware] 🔍 Is admin route: False
DEBUG 2026-08-27 20:25:21,641 middleware [Auth] 🌐 Accès à la route publique : /api/news/v1/news/20/reactions/
DEBUG 2026-08-27 20:25:22,527 middleware [TenantMiddleware] 🔍 Processing request: /api/news/v1/news/20/reactions/
DEBUG 2026-08-27 20:25:22,527 middleware [TenantMiddleware] 🔍 Route type: TENANT_PUBLIC
DEBUG 2026-08-27 20:25:22,527 middleware [TenantMiddleware] 🔍 API Version: v1
DEBUG 2026-08-27 20:25:22,528 middleware [MultiTenant] Cache hit pour civitas -> civitas (civitas)
DEBUG 2026-08-27 20:25:22,528 middleware [MultiTenant] 🌐 Tenant résolu : civitas pour /api/news/v1/news/20/reactions/
DEBUG 2026-08-27 20:25:22,528 middleware [MultiTenant] 🌐 Route TENANT_PUBLIC : /api/news/v1/news/20/reactions/ | Tenant: civitas
DEBUG 2026-08-27 20:25:22,528 middleware [JWTMiddleware] 🔍 Processing request: /api/news/v1/news/20/reactions/
DEBUG 2026-08-27 20:25:22,528 middleware [JWTMiddleware] 🔍 Is public route: True
DEBUG 2026-08-27 20:25:22,528 middleware [JWTMiddleware] 🔍 Is authenticated route: False
DEBUG 2026-08-27 20:25:22,528 middleware [JWTMiddleware] 🔍 Is admin route: False
DEBUG 2026-08-27 20:25:22,529 middleware [Auth] 🌐 Accès à la route publique : /api/news/v1/news/20/reactions/
DEBUG 2026-08-27 20:25:23,694 middleware [TenantMiddleware] 🔍 Processing request: /api/news/v1/news/20/reactions/
DEBUG 2026-08-27 20:25:23,694 middleware [TenantMiddleware] 🔍 Route type: TENANT_PUBLIC
DEBUG 2026-08-27 20:25:23,694 middleware [TenantMiddleware] 🔍 API Version: v1
DEBUG 2026-08-27 20:25:23,695 middleware [MultiTenant] Cache hit pour civitas -> civitas (civitas)
DEBUG 2026-08-27 20:25:23,695 middleware [MultiTenant] 🌐 Tenant résolu : civitas pour /api/news/v1/news/20/reactions/
DEBUG 2026-08-27 20:25:23,695 middleware [MultiTenant] 🌐 Route TENANT_PUBLIC : /api/news/v1/news/20/reactions/ | Tenant: civitas
DEBUG 2026-08-27 20:25:23,695 middleware [JWTMiddleware] 🔍 Processing request: /api/news/v1/news/20/reactions/
DEBUG 2026-08-27 20:25:23,695 middleware [JWTMiddleware] 🔍 Is public route: True
DEBUG 2026-08-27 20:25:23,695 middleware [JWTMiddleware] 🔍 Is authenticated route: False
DEBUG 2026-08-27 20:25:23,696 middleware [JWTMiddleware] 🔍 Is admin route: False
DEBUG 2026-08-27 20:25:23,696 middleware [Auth] 🌐 Accès à la route publique : /api/news/v1/news/20/reactions/
DEBUG 2026-08-27 20:25:24,806 middleware [TenantMiddleware] 🔍 Processing request: /api/news/v1/news/20/reactions/
DEBUG 2026-08-27 20:25:24,807 middleware [TenantMiddleware] 🔍 Route type: TENANT_PUBLIC
DEBUG 2026-08-27 20:25:24,807 middleware [TenantMiddleware] 🔍 API Version: v1
DEBUG 2026-08-27 20:25:24,808 middleware [MultiTenant] Cache hit pour civitas -> civitas (civitas)
DEBUG 2026-08-27 20:25:24,808 middleware [MultiTenant] 🌐 Tenant résolu : civitas pour /api/news/v1/news/20/reactions/
DEBUG 2026-08-27 20:25:24,808 middleware [MultiTenant] 🌐 Route TENANT_PUBLIC : /api/news/v1/news/20/reactions/ | Tenant: civitas
DEBUG 2026-08-27 20:25:24,809 middleware [JWTMiddleware] 🔍 Processing request: /api/news/v1/news/20/reactions/
DEBUG 2026-08-27 20:25:24,809 middleware [JWTMiddleware] 🔍 Is public route: True
DEBUG 2026-08-27 20:25:24,810 middleware [JWTMiddleware] 🔍 Is authenticated route: False
DEBUG 2026-08-27 20:25:24,810 middleware [JWTMiddleware] 🔍 Is admin route: False
DEBUG 2026-08-27 20:25:24,810 middleware [Auth] 🌐 Accès à la route publique : /api/news/v1/news/20/reactions/
DEBUG 2026-08-27 20:25:28,938 middleware [TenantMiddleware] 🔍 Processing request: /api/news/v1/news/
DEBUG 2026-08-27 20:25:28,938 middleware [TenantMiddleware] 🔍 Processing request: /api/news/v1/news/
DEBUG 2026-08-27 20:25:28,939 middleware [TenantMiddleware] 🔍 Route type: TENANT_PUBLIC
DEBUG 2026-08-27 20:25:28,939 middleware [TenantMiddleware] 🔍 Route type: TENANT_PUBLIC
DEBUG 2026-08-27 20:25:28,939 middleware [TenantMiddleware] 🔍 API Version: v1
DEBUG 2026-08-27 20:25:28,939 middleware [TenantMiddleware] 🔍 API Version: v1
DEBUG 2026-08-27 20:25:28,940 middleware [MultiTenant] Cache hit pour civitas -> civitas (civitas)
DEBUG 2026-08-27 20:25:28,940 middleware [MultiTenant] Cache hit pour civitas -> civitas (civitas)
DEBUG 2026-08-27 20:25:28,941 middleware [MultiTenant] 🌐 Tenant résolu : civitas pour /api/news/v1/news/
DEBUG 2026-08-27 20:25:28,941 middleware [MultiTenant] 🌐 Tenant résolu : civitas pour /api/news/v1/news/
DEBUG 2026-08-27 20:25:28,941 middleware [MultiTenant] 🌐 Route TENANT_PUBLIC : /api/news/v1/news/ | Tenant: civitas
DEBUG 2026-08-27 20:25:28,941 middleware [MultiTenant] 🌐 Route TENANT_PUBLIC : /api/news/v1/news/ | Tenant: civitas
DEBUG 2026-08-27 20:25:28,942 middleware [TenantMiddleware] 🔍 Processing request: /api/notifications/v1/notifications/
DEBUG 2026-08-27 20:25:28,942 middleware [TenantMiddleware] 🔍 Processing request: /api/users/v1/users/me/
DEBUG 2026-08-27 20:25:28,943 middleware [JWTMiddleware] 🔍 Processing request: /api/news/v1/news/
DEBUG 2026-08-27 20:25:28,943 middleware [JWTMiddleware] 🔍 Processing request: /api/news/v1/news/
DEBUG 2026-08-27 20:25:28,943 middleware [TenantMiddleware] 🔍 Route type: AUTHENTICATED
DEBUG 2026-08-27 20:25:28,943 middleware [TenantMiddleware] 🔍 Route type: AUTHENTICATED
DEBUG 2026-08-27 20:25:28,944 middleware [JWTMiddleware] 🔍 Is public route: True
DEBUG 2026-08-27 20:25:28,944 middleware [JWTMiddleware] 🔍 Is public route: True
DEBUG 2026-08-27 20:25:28,944 middleware [TenantMiddleware] 🔍 API Version: v1
DEBUG 2026-08-27 20:25:28,944 middleware [TenantMiddleware] 🔍 API Version: v1
DEBUG 2026-08-27 20:25:28,944 middleware [JWTMiddleware] 🔍 Is authenticated route: False
DEBUG 2026-08-27 20:25:28,945 middleware [JWTMiddleware] 🔍 Is authenticated route: False
DEBUG 2026-08-27 20:25:28,945 middleware [MultiTenant] Cache hit pour civitas -> civitas (civitas)
DEBUG 2026-08-27 20:25:28,945 middleware [MultiTenant] Cache hit pour civitas -> civitas (civitas)
DEBUG 2026-08-27 20:25:28,946 middleware [JWTMiddleware] 🔍 Is admin route: False
DEBUG 2026-08-27 20:25:28,946 middleware [JWTMiddleware] 🔍 Is admin route: False
DEBUG 2026-08-27 20:25:28,946 middleware [MultiTenant] 🌐 Tenant résolu : civitas pour /api/notifications/v1/notifications/
DEBUG 2026-08-27 20:25:28,947 middleware [MultiTenant] 🌐 Tenant résolu : civitas pour /api/users/v1/users/me/
DEBUG 2026-08-27 20:25:28,947 middleware [Auth] 🌐 Accès à la route publique : /api/news/v1/news/
DEBUG 2026-08-27 20:25:28,947 middleware [Auth] 🌐 Accès à la route publique : /api/news/v1/news/
DEBUG 2026-08-27 20:25:28,947 middleware [MultiTenant] 🔐 Route AUTHENTICATED : /api/notifications/v1/notifications/ | Tenant: civitas
DEBUG 2026-08-27 20:25:28,948 middleware [MultiTenant] 🔐 Route AUTHENTICATED : /api/users/v1/users/me/ | Tenant: civitas
DEBUG 2026-08-27 20:25:28,951 middleware [JWTMiddleware] 🔍 Processing request: /api/notifications/v1/notifications/
DEBUG 2026-08-27 20:25:28,951 middleware [JWTMiddleware] 🔍 Processing request: /api/users/v1/users/me/
DEBUG 2026-08-27 20:25:28,952 middleware [JWTMiddleware] 🔍 Is public route: False
DEBUG 2026-08-27 20:25:28,952 middleware [JWTMiddleware] 🔍 Is public route: False
DEBUG 2026-08-27 20:25:28,952 middleware [JWTMiddleware] 🔍 Is authenticated route: True
DEBUG 2026-08-27 20:25:28,953 middleware [JWTMiddleware] 🔍 Is authenticated route: True
DEBUG 2026-08-27 20:25:28,953 middleware [JWTMiddleware] 🔍 Is admin route: False
DEBUG 2026-08-27 20:25:28,953 middleware [JWTMiddleware] 🔍 Is admin route: False
DEBUG 2026-08-27 20:25:28,954 middleware [Auth] Token extrait du header Authorization
DEBUG 2026-08-27 20:25:28,954 middleware [Auth] Token extrait du header Authorization
DEBUG 2026-08-27 20:25:29,006 middleware [Auth] 🔐 Utilisateur authentifié : admin (ID: 1)
DEBUG 2026-08-27 20:25:29,013 middleware [Auth] 🔐 Utilisateur authentifié : admin (ID: 1)
DEBUG 2026-08-27 20:25:29,014 middleware [Auth] ✅ Accès autorisé pour utilisateur authentifié : admin
DEBUG 2026-08-27 20:25:29,018 middleware [Auth] ✅ Accès autorisé pour utilisateur authentifié : admin
DEBUG 2026-08-27 20:25:29,273 middleware [TenantMiddleware] 🔍 Processing request: /api/news/v1/news/
DEBUG 2026-08-27 20:25:29,275 middleware [TenantMiddleware] 🔍 Route type: TENANT_PUBLIC
DEBUG 2026-08-27 20:25:29,275 middleware [TenantMiddleware] 🔍 API Version: v1
DEBUG 2026-08-27 20:25:29,276 middleware [MultiTenant] Cache hit pour civitas -> civitas (civitas)
DEBUG 2026-08-27 20:25:29,278 middleware [MultiTenant] 🌐 Tenant résolu : civitas pour /api/news/v1/news/
DEBUG 2026-08-27 20:25:29,278 middleware [MultiTenant] 🌐 Route TENANT_PUBLIC : /api/news/v1/news/ | Tenant: civitas
DEBUG 2026-08-27 20:25:29,278 middleware [JWTMiddleware] 🔍 Processing request: /api/news/v1/news/
DEBUG 2026-08-27 20:25:29,279 middleware [JWTMiddleware] 🔍 Is public route: True
DEBUG 2026-08-27 20:25:29,279 middleware [JWTMiddleware] 🔍 Is authenticated route: False
DEBUG 2026-08-27 20:25:29,279 middleware [JWTMiddleware] 🔍 Is admin route: False
DEBUG 2026-08-27 20:25:29,279 middleware [Auth] 🌐 Accès à la route publique : /api/news/v1/news/
DEBUG 2026-08-27 20:25:29,282 middleware [TenantMiddleware] 🔍 Processing request: /api/news/v1/news/
DEBUG 2026-08-27 20:25:29,282 middleware [TenantMiddleware] 🔍 Route type: TENANT_PUBLIC
DEBUG 2026-08-27 20:25:29,282 middleware [TenantMiddleware] 🔍 API Version: v1
DEBUG 2026-08-27 20:25:29,283 middleware [MultiTenant] Cache hit pour civitas -> civitas (civitas)
DEBUG 2026-08-27 20:25:29,283 middleware [MultiTenant] 🌐 Tenant résolu : civitas pour /api/news/v1/news/
DEBUG 2026-08-27 20:25:29,283 middleware [MultiTenant] 🌐 Route TENANT_PUBLIC : /api/news/v1/news/ | Tenant: civitas
DEBUG 2026-08-27 20:25:29,284 middleware [JWTMiddleware] 🔍 Processing request: /api/news/v1/news/
DEBUG 2026-08-27 20:25:29,284 middleware [JWTMiddleware] 🔍 Is public route: True
DEBUG 2026-08-27 20:25:29,284 middleware [JWTMiddleware] 🔍 Is authenticated route: False
DEBUG 2026-08-27 20:25:29,284 middleware [JWTMiddleware] 🔍 Is admin route: False
DEBUG 2026-08-27 20:25:29,284 middleware [Auth] 🌐 Accès à la route publique : /api/news/v1/news/
DEBUG 2026-08-27 20:25:29,390 middleware [TenantMiddleware] 🔍 Processing request: /api/news/v1/news/
DEBUG 2026-08-27 20:25:29,390 middleware [TenantMiddleware] 🔍 Route type: TENANT_PUBLIC
DEBUG 2026-08-27 20:25:29,390 middleware [TenantMiddleware] 🔍 API Version: v1
DEBUG 2026-08-27 20:25:29,391 middleware [MultiTenant] Cache hit pour civitas -> civitas (civitas)
DEBUG 2026-08-27 20:25:29,391 middleware [MultiTenant] 🌐 Tenant résolu : civitas pour /api/news/v1/news/
DEBUG 2026-08-27 20:25:29,392 middleware [TenantMiddleware] 🔍 Processing request: /api/news/v1/news/
DEBUG 2026-08-27 20:25:29,392 middleware [MultiTenant] 🌐 Route TENANT_PUBLIC : /api/news/v1/news/ | Tenant: civitas
DEBUG 2026-08-27 20:25:29,393 middleware [TenantMiddleware] 🔍 Route type: TENANT_PUBLIC
DEBUG 2026-08-27 20:25:29,395 middleware [JWTMiddleware] 🔍 Processing request: /api/news/v1/news/
DEBUG 2026-08-27 20:25:29,395 middleware [TenantMiddleware] 🔍 API Version: v1
DEBUG 2026-08-27 20:25:29,398 middleware [JWTMiddleware] 🔍 Is public route: True
DEBUG 2026-08-27 20:25:29,401 middleware [MultiTenant] Cache hit pour civitas -> civitas (civitas)
DEBUG 2026-08-27 20:25:29,403 middleware [JWTMiddleware] 🔍 Is authenticated route: False
DEBUG 2026-08-27 20:25:29,403 middleware [MultiTenant] 🌐 Tenant résolu : civitas pour /api/news/v1/news/
DEBUG 2026-08-27 20:25:29,405 middleware [JWTMiddleware] 🔍 Is admin route: False
DEBUG 2026-08-27 20:25:29,408 middleware [MultiTenant] 🌐 Route TENANT_PUBLIC : /api/news/v1/news/ | Tenant: civitas
DEBUG 2026-08-27 20:25:29,408 middleware [Auth] 🌐 Accès à la route publique : /api/news/v1/news/
DEBUG 2026-08-27 20:25:29,411 middleware [JWTMiddleware] 🔍 Processing request: /api/news/v1/news/
DEBUG 2026-08-27 20:25:29,417 middleware [JWTMiddleware] 🔍 Is public route: True
DEBUG 2026-08-27 20:25:29,418 middleware [JWTMiddleware] 🔍 Is authenticated route: False
DEBUG 2026-08-27 20:25:29,418 middleware [JWTMiddleware] 🔍 Is admin route: False
DEBUG 2026-08-27 20:25:29,418 middleware [Auth] 🌐 Accès à la route publique : /api/news/v1/news/
DEBUG 2026-08-27 20:25:29,783 middleware [TenantMiddleware] 🔍 Processing request: /api/news/v1/news/
DEBUG 2026-08-27 20:25:29,783 middleware [TenantMiddleware] 🔍 Route type: TENANT_PUBLIC
DEBUG 2026-08-27 20:25:29,784 middleware [TenantMiddleware] 🔍 API Version: v1
DEBUG 2026-08-27 20:25:29,784 middleware [MultiTenant] Cache hit pour civitas -> civitas (civitas)
DEBUG 2026-08-27 20:25:29,784 middleware [MultiTenant] 🌐 Tenant résolu : civitas pour /api/news/v1/news/
DEBUG 2026-08-27 20:25:29,784 middleware [MultiTenant] 🌐 Route TENANT_PUBLIC : /api/news/v1/news/ | Tenant: civitas
DEBUG 2026-08-27 20:25:29,784 middleware [JWTMiddleware] 🔍 Processing request: /api/news/v1/news/
DEBUG 2026-08-27 20:25:29,784 middleware [JWTMiddleware] 🔍 Is public route: True
DEBUG 2026-08-27 20:25:29,785 middleware [TenantMiddleware] 🔍 Processing request: /api/news/v1/news/
DEBUG 2026-08-27 20:25:29,785 middleware [JWTMiddleware] 🔍 Is authenticated route: False
DEBUG 2026-08-27 20:25:29,785 middleware [TenantMiddleware] 🔍 Route type: TENANT_PUBLIC
DEBUG 2026-08-27 20:25:29,785 middleware [JWTMiddleware] 🔍 Is admin route: False
DEBUG 2026-08-27 20:25:29,786 middleware [TenantMiddleware] 🔍 API Version: v1
DEBUG 2026-08-27 20:25:29,786 middleware [Auth] 🌐 Accès à la route publique : /api/news/v1/news/
DEBUG 2026-08-27 20:25:29,786 middleware [MultiTenant] Cache hit pour civitas -> civitas (civitas)
DEBUG 2026-08-27 20:25:29,788 middleware [MultiTenant] 🌐 Tenant résolu : civitas pour /api/news/v1/news/
DEBUG 2026-08-27 20:25:29,788 middleware [MultiTenant] 🌐 Route TENANT_PUBLIC : /api/news/v1/news/ | Tenant: civitas
DEBUG 2026-08-27 20:25:29,788 middleware [JWTMiddleware] 🔍 Processing request: /api/news/v1/news/
DEBUG 2026-08-27 20:25:29,788 middleware [JWTMiddleware] 🔍 Is public route: True
DEBUG 2026-08-27 20:25:29,788 middleware [JWTMiddleware] 🔍 Is authenticated route: False
DEBUG 2026-08-27 20:25:29,788 middleware [JWTMiddleware] 🔍 Is admin route: False
DEBUG 2026-08-27 20:25:29,788 middleware [Auth] 🌐 Accès à la route publique : /api/news/v1/news/
DEBUG 2026-08-27 20:25:44,988 middleware [TenantMiddleware] 🔍 Processing request: /api/news/v1/news/24/reactions/
DEBUG 2026-08-27 20:25:44,989 middleware [TenantMiddleware] 🔍 Route type: TENANT_PUBLIC
DEBUG 2026-08-27 20:25:44,989 middleware [TenantMiddleware] 🔍 API Version: v1
DEBUG 2026-08-27 20:25:44,990 middleware [MultiTenant] Cache hit pour civitas -> civitas (civitas)
DEBUG 2026-08-27 20:25:44,991 middleware [MultiTenant] 🌐 Tenant résolu : civitas pour /api/news/v1/news/24/reactions/
DEBUG 2026-08-27 20:25:44,992 middleware [MultiTenant] 🌐 Route TENANT_PUBLIC : /api/news/v1/news/24/reactions/ | Tenant: civitas
DEBUG 2026-08-27 20:25:44,992 middleware [JWTMiddleware] 🔍 Processing request: /api/news/v1/news/24/reactions/
DEBUG 2026-08-27 20:25:44,993 middleware [JWTMiddleware] 🔍 Is public route: True
DEBUG 2026-08-27 20:25:44,993 middleware [JWTMiddleware] 🔍 Is authenticated route: False
DEBUG 2026-08-27 20:25:44,994 middleware [JWTMiddleware] 🔍 Is admin route: False
DEBUG 2026-08-27 20:25:44,995 middleware [Auth] 🌐 Accès à la route publique : /api/news/v1/news/24/reactions/
DEBUG 2026-08-27 20:25:45,305 middleware [TenantMiddleware] 🔍 Processing request: /api/news/v1/news/24/reactions/
DEBUG 2026-08-27 20:25:45,305 middleware [TenantMiddleware] 🔍 Route type: TENANT_PUBLIC
DEBUG 2026-08-27 20:25:45,305 middleware [TenantMiddleware] 🔍 API Version: v1
DEBUG 2026-08-27 20:25:45,306 middleware [MultiTenant] Cache hit pour civitas -> civitas (civitas)
DEBUG 2026-08-27 20:25:45,307 middleware [MultiTenant] 🌐 Tenant résolu : civitas pour /api/news/v1/news/24/reactions/
DEBUG 2026-08-27 20:25:45,307 middleware [MultiTenant] 🌐 Route TENANT_PUBLIC : /api/news/v1/news/24/reactions/ | Tenant: civitas
DEBUG 2026-08-27 20:25:45,308 middleware [JWTMiddleware] 🔍 Processing request: /api/news/v1/news/24/reactions/
DEBUG 2026-08-27 20:25:45,308 middleware [JWTMiddleware] 🔍 Is public route: True
DEBUG 2026-08-27 20:25:45,308 middleware [JWTMiddleware] 🔍 Is authenticated route: False
DEBUG 2026-08-27 20:25:45,309 middleware [JWTMiddleware] 🔍 Is admin route: False
DEBUG 2026-08-27 20:25:45,309 middleware [Auth] 🌐 Accès à la route publique : /api/news/v1/news/24/reactions/
DEBUG 2026-08-27 20:25:45,606 middleware [TenantMiddleware] 🔍 Processing request: /api/news/v1/news/24/reactions/
DEBUG 2026-08-27 20:25:45,607 middleware [TenantMiddleware] 🔍 Route type: TENANT_PUBLIC
DEBUG 2026-08-27 20:25:45,607 middleware [TenantMiddleware] 🔍 API Version: v1
DEBUG 2026-08-27 20:25:45,608 middleware [MultiTenant] Cache hit pour civitas -> civitas (civitas)
DEBUG 2026-08-27 20:25:45,608 middleware [MultiTenant] 🌐 Tenant résolu : civitas pour /api/news/v1/news/24/reactions/
DEBUG 2026-08-27 20:25:45,608 middleware [MultiTenant] 🌐 Route TENANT_PUBLIC : /api/news/v1/news/24/reactions/ | Tenant: civitas
DEBUG 2026-08-27 20:25:45,609 middleware [JWTMiddleware] 🔍 Processing request: /api/news/v1/news/24/reactions/
DEBUG 2026-08-27 20:25:45,609 middleware [JWTMiddleware] 🔍 Is public route: True
DEBUG 2026-08-27 20:25:45,610 middleware [JWTMiddleware] 🔍 Is authenticated route: False
DEBUG 2026-08-27 20:25:45,610 middleware [JWTMiddleware] 🔍 Is admin route: False
DEBUG 2026-08-27 20:25:45,611 middleware [Auth] 🌐 Accès à la route publique : /api/news/v1/news/24/reactions/
DEBUG 2026-08-27 20:25:46,276 middleware [TenantMiddleware] 🔍 Processing request: /api/news/v1/news/24/reactions/
DEBUG 2026-08-27 20:25:46,277 middleware [TenantMiddleware] 🔍 Route type: TENANT_PUBLIC
DEBUG 2026-08-27 20:25:46,277 middleware [TenantMiddleware] 🔍 API Version: v1
DEBUG 2026-08-27 20:25:46,278 middleware [MultiTenant] Cache hit pour civitas -> civitas (civitas)
DEBUG 2026-08-27 20:25:46,279 middleware [MultiTenant] 🌐 Tenant résolu : civitas pour /api/news/v1/news/24/reactions/
DEBUG 2026-08-27 20:25:46,279 middleware [MultiTenant] 🌐 Route TENANT_PUBLIC : /api/news/v1/news/24/reactions/ | Tenant: civitas
DEBUG 2026-08-27 20:25:46,279 middleware [JWTMiddleware] 🔍 Processing request: /api/news/v1/news/24/reactions/
DEBUG 2026-08-27 20:25:46,280 middleware [JWTMiddleware] 🔍 Is public route: True
DEBUG 2026-08-27 20:25:46,280 middleware [JWTMiddleware] 🔍 Is authenticated route: False
DEBUG 2026-08-27 20:25:46,281 middleware [JWTMiddleware] 🔍 Is admin route: False
DEBUG 2026-08-27 20:25:46,281 middleware [Auth] 🌐 Accès à la route publique : /api/news/v1/news/24/reactions/
DEBUG 2026-08-27 20:25:46,898 middleware [TenantMiddleware] 🔍 Processing request: /api/news/v1/news/24/reactions/
DEBUG 2026-08-27 20:25:46,898 middleware [TenantMiddleware] 🔍 Route type: TENANT_PUBLIC
DEBUG 2026-08-27 20:25:46,899 middleware [TenantMiddleware] 🔍 API Version: v1
DEBUG 2026-08-27 20:25:46,900 middleware [MultiTenant] Cache hit pour civitas -> civitas (civitas)
DEBUG 2026-08-27 20:25:46,900 middleware [MultiTenant] 🌐 Tenant résolu : civitas pour /api/news/v1/news/24/reactions/
DEBUG 2026-08-27 20:25:46,901 middleware [MultiTenant] 🌐 Route TENANT_PUBLIC : /api/news/v1/news/24/reactions/ | Tenant: civitas
DEBUG 2026-08-27 20:25:46,901 middleware [JWTMiddleware] 🔍 Processing request: /api/news/v1/news/24/reactions/
DEBUG 2026-08-27 20:25:46,901 middleware [JWTMiddleware] 🔍 Is public route: True
DEBUG 2026-08-27 20:25:46,902 middleware [JWTMiddleware] 🔍 Is authenticated route: False
DEBUG 2026-08-27 20:25:46,902 middleware [JWTMiddleware] 🔍 Is admin route: False
DEBUG 2026-08-27 20:25:46,903 middleware [Auth] 🌐 Accès à la route publique : /api/news/v1/news/24/reactions/
DEBUG 2026-08-27 20:25:47,176 middleware [TenantMiddleware] 🔍 Processing request: /api/news/v1/news/24/reactions/
DEBUG 2026-08-27 20:25:47,176 middleware [TenantMiddleware] 🔍 Route type: TENANT_PUBLIC
DEBUG 2026-08-27 20:25:47,176 middleware [TenantMiddleware] 🔍 API Version: v1
DEBUG 2026-08-27 20:25:47,177 middleware [MultiTenant] Cache hit pour civitas -> civitas (civitas)
DEBUG 2026-08-27 20:25:47,177 middleware [MultiTenant] 🌐 Tenant résolu : civitas pour /api/news/v1/news/24/reactions/
DEBUG 2026-08-27 20:25:47,177 middleware [MultiTenant] 🌐 Route TENANT_PUBLIC : /api/news/v1/news/24/reactions/ | Tenant: civitas
DEBUG 2026-08-27 20:25:47,177 middleware [JWTMiddleware] 🔍 Processing request: /api/news/v1/news/24/reactions/
DEBUG 2026-08-27 20:25:47,177 middleware [JWTMiddleware] 🔍 Is public route: True
DEBUG 2026-08-27 20:25:47,178 middleware [JWTMiddleware] 🔍 Is authenticated route: False
DEBUG 2026-08-27 20:25:47,178 middleware [JWTMiddleware] 🔍 Is admin route: False
DEBUG 2026-08-27 20:25:47,178 middleware [Auth] 🌐 Accès à la route publique : /api/news/v1/news/24/reactions/
DEBUG 2026-08-27 20:25:47,464 middleware [TenantMiddleware] 🔍 Processing request: /api/news/v1/news/24/reactions/
DEBUG 2026-08-27 20:25:47,464 middleware [TenantMiddleware] 🔍 Route type: TENANT_PUBLIC
DEBUG 2026-08-27 20:25:47,465 middleware [TenantMiddleware] 🔍 API Version: v1
DEBUG 2026-08-27 20:25:47,465 middleware [MultiTenant] Cache hit pour civitas -> civitas (civitas)
DEBUG 2026-08-27 20:25:47,466 middleware [MultiTenant] 🌐 Tenant résolu : civitas pour /api/news/v1/news/24/reactions/
DEBUG 2026-08-27 20:25:47,466 middleware [MultiTenant] 🌐 Route TENANT_PUBLIC : /api/news/v1/news/24/reactions/ | Tenant: civitas
DEBUG 2026-08-27 20:25:47,467 middleware [JWTMiddleware] 🔍 Processing request: /api/news/v1/news/24/reactions/
DEBUG 2026-08-27 20:25:47,467 middleware [JWTMiddleware] 🔍 Is public route: True
DEBUG 2026-08-27 20:25:47,467 middleware [JWTMiddleware] 🔍 Is authenticated route: False
DEBUG 2026-08-27 20:25:47,468 middleware [JWTMiddleware] 🔍 Is admin route: False
DEBUG 2026-08-27 20:25:47,468 middleware [Auth] 🌐 Accès à la route publique : /api/news/v1/news/24/reactions/
DEBUG 2026-08-27 20:25:47,737 middleware [TenantMiddleware] 🔍 Processing request: /api/news/v1/news/24/reactions/
DEBUG 2026-08-27 20:25:47,738 middleware [TenantMiddleware] 🔍 Route type: TENANT_PUBLIC
DEBUG 2026-08-27 20:25:47,738 middleware [TenantMiddleware] 🔍 API Version: v1
DEBUG 2026-08-27 20:25:47,739 middleware [MultiTenant] Cache hit pour civitas -> civitas (civitas)
DEBUG 2026-08-27 20:25:47,739 middleware [MultiTenant] 🌐 Tenant résolu : civitas pour /api/news/v1/news/24/reactions/
DEBUG 2026-08-27 20:25:47,740 middleware [MultiTenant] 🌐 Route TENANT_PUBLIC : /api/news/v1/news/24/reactions/ | Tenant: civitas
DEBUG 2026-08-27 20:25:47,740 middleware [JWTMiddleware] 🔍 Processing request: /api/news/v1/news/24/reactions/
DEBUG 2026-08-27 20:25:47,740 middleware [JWTMiddleware] 🔍 Is public route: True
DEBUG 2026-08-27 20:25:47,741 middleware [JWTMiddleware] 🔍 Is authenticated route: False
DEBUG 2026-08-27 20:25:47,741 middleware [JWTMiddleware] 🔍 Is admin route: False
DEBUG 2026-08-27 20:25:47,742 middleware [Auth] 🌐 Accès à la route publique : /api/news/v1/news/24/reactions/
DEBUG 2026-08-27 20:25:49,768 middleware [TenantMiddleware] 🔍 Processing request: /api/news/v1/news/24/reactions/
DEBUG 2026-08-27 20:25:49,768 middleware [TenantMiddleware] 🔍 Route type: TENANT_PUBLIC
DEBUG 2026-08-27 20:25:49,768 middleware [TenantMiddleware] 🔍 API Version: v1
DEBUG 2026-08-27 20:25:49,769 middleware [MultiTenant] Cache hit pour civitas -> civitas (civitas)
DEBUG 2026-08-27 20:25:49,770 middleware [MultiTenant] 🌐 Tenant résolu : civitas pour /api/news/v1/news/24/reactions/
DEBUG 2026-08-27 20:25:49,770 middleware [MultiTenant] 🌐 Route TENANT_PUBLIC : /api/news/v1/news/24/reactions/ | Tenant: civitas
DEBUG 2026-08-27 20:25:49,770 middleware [JWTMiddleware] 🔍 Processing request: /api/news/v1/news/24/reactions/
DEBUG 2026-08-27 20:25:49,771 middleware [JWTMiddleware] 🔍 Is public route: True
DEBUG 2026-08-27 20:25:49,771 middleware [JWTMiddleware] 🔍 Is authenticated route: False
DEBUG 2026-08-27 20:25:49,771 middleware [JWTMiddleware] 🔍 Is admin route: False
DEBUG 2026-08-27 20:25:49,772 middleware [Auth] 🌐 Accès à la route publique : /api/news/v1/news/24/reactions/
DEBUG 2026-08-27 20:25:50,123 middleware [TenantMiddleware] 🔍 Processing request: /api/news/v1/news/24/reactions/
DEBUG 2026-08-27 20:25:50,124 middleware [TenantMiddleware] 🔍 Route type: TENANT_PUBLIC
DEBUG 2026-08-27 20:25:50,124 middleware [TenantMiddleware] 🔍 API Version: v1
DEBUG 2026-08-27 20:25:50,125 middleware [MultiTenant] Cache hit pour civitas -> civitas (civitas)
DEBUG 2026-08-27 20:25:50,126 middleware [MultiTenant] 🌐 Tenant résolu : civitas pour /api/news/v1/news/24/reactions/
DEBUG 2026-08-27 20:25:50,126 middleware [MultiTenant] 🌐 Route TENANT_PUBLIC : /api/news/v1/news/24/reactions/ | Tenant: civitas
DEBUG 2026-08-27 20:25:50,126 middleware [JWTMiddleware] 🔍 Processing request: /api/news/v1/news/24/reactions/
DEBUG 2026-08-27 20:25:50,127 middleware [JWTMiddleware] 🔍 Is public route: True
DEBUG 2026-08-27 20:25:50,127 middleware [JWTMiddleware] 🔍 Is authenticated route: False
DEBUG 2026-08-27 20:25:50,128 middleware [JWTMiddleware] 🔍 Is admin route: False
DEBUG 2026-08-27 20:25:50,128 middleware [Auth] 🌐 Accès à la route publique : /api/news/v1/news/24/reactions/
DEBUG 2026-08-27 20:25:50,611 middleware [TenantMiddleware] 🔍 Processing request: /api/news/v1/news/24/reactions/
DEBUG 2026-08-27 20:25:50,611 middleware [TenantMiddleware] 🔍 Route type: TENANT_PUBLIC
DEBUG 2026-08-27 20:25:50,611 middleware [TenantMiddleware] 🔍 API Version: v1
DEBUG 2026-08-27 20:25:50,612 middleware [MultiTenant] Cache hit pour civitas -> civitas (civitas)
DEBUG 2026-08-27 20:25:50,613 middleware [MultiTenant] 🌐 Tenant résolu : civitas pour /api/news/v1/news/24/reactions/
DEBUG 2026-08-27 20:25:50,613 middleware [MultiTenant] 🌐 Route TENANT_PUBLIC : /api/news/v1/news/24/reactions/ | Tenant: civitas
DEBUG 2026-08-27 20:25:50,613 middleware [JWTMiddleware] 🔍 Processing request: /api/news/v1/news/24/reactions/
DEBUG 2026-08-27 20:25:50,614 middleware [JWTMiddleware] 🔍 Is public route: True
DEBUG 2026-08-27 20:25:50,614 middleware [JWTMiddleware] 🔍 Is authenticated route: False
DEBUG 2026-08-27 20:25:50,615 middleware [JWTMiddleware] 🔍 Is admin route: False
DEBUG 2026-08-27 20:25:50,616 middleware [Auth] 🌐 Accès à la route publique : /api/news/v1/news/24/reactions/
DEBUG 2026-08-27 20:25:51,237 middleware [TenantMiddleware] 🔍 Processing request: /api/news/v1/news/24/reactions/
DEBUG 2026-08-27 20:25:51,237 middleware [TenantMiddleware] 🔍 Route type: TENANT_PUBLIC
DEBUG 2026-08-27 20:25:51,238 middleware [TenantMiddleware] 🔍 API Version: v1
DEBUG 2026-08-27 20:25:51,238 middleware [MultiTenant] Cache hit pour civitas -> civitas (civitas)
DEBUG 2026-08-27 20:25:51,239 middleware [MultiTenant] 🌐 Tenant résolu : civitas pour /api/news/v1/news/24/reactions/
DEBUG 2026-08-27 20:25:51,239 middleware [MultiTenant] 🌐 Route TENANT_PUBLIC : /api/news/v1/news/24/reactions/ | Tenant: civitas
DEBUG 2026-08-27 20:25:51,239 middleware [JWTMiddleware] 🔍 Processing request: /api/news/v1/news/24/reactions/
DEBUG 2026-08-27 20:25:51,240 middleware [JWTMiddleware] 🔍 Is public route: True
DEBUG 2026-08-27 20:25:51,240 middleware [JWTMiddleware] 🔍 Is authenticated route: False
DEBUG 2026-08-27 20:25:51,240 middleware [JWTMiddleware] 🔍 Is admin route: False
DEBUG 2026-08-27 20:25:51,241 middleware [Auth] 🌐 Accès à la route publique : /api/news/v1/news/24/reactions/
DEBUG 2026-08-27 20:25:51,578 middleware [TenantMiddleware] 🔍 Processing request: /api/news/v1/news/24/reactions/
DEBUG 2026-08-27 20:25:51,579 middleware [TenantMiddleware] 🔍 Route type: TENANT_PUBLIC
DEBUG 2026-08-27 20:25:51,579 middleware [TenantMiddleware] 🔍 API Version: v1
DEBUG 2026-08-27 20:25:51,579 middleware [MultiTenant] Cache hit pour civitas -> civitas (civitas)
DEBUG 2026-08-27 20:25:51,579 middleware [MultiTenant] 🌐 Tenant résolu : civitas pour /api/news/v1/news/24/reactions/
DEBUG 2026-08-27 20:25:51,580 middleware [MultiTenant] 🌐 Route TENANT_PUBLIC : /api/news/v1/news/24/reactions/ | Tenant: civitas
DEBUG 2026-08-27 20:25:51,580 middleware [JWTMiddleware] 🔍 Processing request: /api/news/v1/news/24/reactions/
DEBUG 2026-08-27 20:25:51,580 middleware [JWTMiddleware] 🔍 Is public route: True
DEBUG 2026-08-27 20:25:51,580 middleware [JWTMiddleware] 🔍 Is authenticated route: False
DEBUG 2026-08-27 20:25:51,580 middleware [JWTMiddleware] 🔍 Is admin route: False
DEBUG 2026-08-27 20:25:51,580 middleware [Auth] 🌐 Accès à la route publique : /api/news/v1/news/24/reactions/
DEBUG 2026-08-27 20:25:51,733 middleware [TenantMiddleware] 🔍 Processing request: /api/news/v1/news/24/reactions/
DEBUG 2026-08-27 20:25:51,733 middleware [TenantMiddleware] 🔍 Route type: TENANT_PUBLIC
DEBUG 2026-08-27 20:25:51,733 middleware [TenantMiddleware] 🔍 API Version: v1
DEBUG 2026-08-27 20:25:51,733 middleware [MultiTenant] Cache hit pour civitas -> civitas (civitas)
DEBUG 2026-08-27 20:25:51,733 middleware [MultiTenant] 🌐 Tenant résolu : civitas pour /api/news/v1/news/24/reactions/
DEBUG 2026-08-27 20:25:51,733 middleware [MultiTenant] 🌐 Route TENANT_PUBLIC : /api/news/v1/news/24/reactions/ | Tenant: civitas
DEBUG 2026-08-27 20:25:51,733 middleware [JWTMiddleware] 🔍 Processing request: /api/news/v1/news/24/reactions/
DEBUG 2026-08-27 20:25:51,734 middleware [JWTMiddleware] 🔍 Is public route: True
DEBUG 2026-08-27 20:25:51,734 middleware [JWTMiddleware] 🔍 Is authenticated route: False
DEBUG 2026-08-27 20:25:51,734 middleware [JWTMiddleware] 🔍 Is admin route: False
DEBUG 2026-08-27 20:25:51,734 middleware [Auth] 🌐 Accès à la route publique : /api/news/v1/news/24/reactions/
DEBUG 2026-08-27 20:25:51,917 middleware [TenantMiddleware] 🔍 Processing request: /api/news/v1/news/24/reactions/
DEBUG 2026-08-27 20:25:51,917 middleware [TenantMiddleware] 🔍 Route type: TENANT_PUBLIC
DEBUG 2026-08-27 20:25:51,917 middleware [TenantMiddleware] 🔍 API Version: v1
DEBUG 2026-08-27 20:25:51,918 middleware [MultiTenant] Cache hit pour civitas -> civitas (civitas)
DEBUG 2026-08-27 20:25:51,918 middleware [MultiTenant] 🌐 Tenant résolu : civitas pour /api/news/v1/news/24/reactions/
DEBUG 2026-08-27 20:25:51,918 middleware [MultiTenant] 🌐 Route TENANT_PUBLIC : /api/news/v1/news/24/reactions/ | Tenant: civitas
DEBUG 2026-08-27 20:25:51,918 middleware [JWTMiddleware] 🔍 Processing request: /api/news/v1/news/24/reactions/
DEBUG 2026-08-27 20:25:51,918 middleware [JWTMiddleware] 🔍 Is public route: True
DEBUG 2026-08-27 20:25:51,918 middleware [JWTMiddleware] 🔍 Is authenticated route: False
DEBUG 2026-08-27 20:25:51,918 middleware [JWTMiddleware] 🔍 Is admin route: False
DEBUG 2026-08-27 20:25:51,919 middleware [Auth] 🌐 Accès à la route publique : /api/news/v1/news/24/reactions/
DEBUG 2026-08-27 20:25:55,417 middleware [TenantMiddleware] 🔍 Processing request: /api/news/v1/news/
DEBUG 2026-08-27 20:25:55,418 middleware [TenantMiddleware] 🔍 Processing request: /api/news/v1/news/
DEBUG 2026-08-27 20:25:55,418 middleware [TenantMiddleware] 🔍 Route type: TENANT_PUBLIC
DEBUG 2026-08-27 20:25:55,419 middleware [TenantMiddleware] 🔍 Route type: TENANT_PUBLIC
DEBUG 2026-08-27 20:25:55,419 middleware [TenantMiddleware] 🔍 API Version: v1
DEBUG 2026-08-27 20:25:55,419 middleware [TenantMiddleware] 🔍 API Version: v1
DEBUG 2026-08-27 20:25:55,420 middleware [MultiTenant] Cache hit pour civitas -> civitas (civitas)
DEBUG 2026-08-27 20:25:55,420 middleware [MultiTenant] Cache hit pour civitas -> civitas (civitas)
DEBUG 2026-08-27 20:25:55,420 middleware [MultiTenant] 🌐 Tenant résolu : civitas pour /api/news/v1/news/
DEBUG 2026-08-27 20:25:55,421 middleware [MultiTenant] 🌐 Tenant résolu : civitas pour /api/news/v1/news/
DEBUG 2026-08-27 20:25:55,421 middleware [TenantMiddleware] 🔍 Processing request: /api/notifications/v1/notifications/
DEBUG 2026-08-27 20:25:55,422 middleware [TenantMiddleware] 🔍 Processing request: /api/users/v1/users/me/
DEBUG 2026-08-27 20:25:55,422 middleware [MultiTenant] 🌐 Route TENANT_PUBLIC : /api/news/v1/news/ | Tenant: civitas
DEBUG 2026-08-27 20:25:55,422 middleware [MultiTenant] 🌐 Route TENANT_PUBLIC : /api/news/v1/news/ | Tenant: civitas
DEBUG 2026-08-27 20:25:55,423 middleware [TenantMiddleware] 🔍 Route type: AUTHENTICATED
DEBUG 2026-08-27 20:25:55,423 middleware [TenantMiddleware] 🔍 Route type: AUTHENTICATED
DEBUG 2026-08-27 20:25:55,423 middleware [JWTMiddleware] 🔍 Processing request: /api/news/v1/news/
DEBUG 2026-08-27 20:25:55,423 middleware [JWTMiddleware] 🔍 Processing request: /api/news/v1/news/
DEBUG 2026-08-27 20:25:55,423 middleware [TenantMiddleware] 🔍 API Version: v1
DEBUG 2026-08-27 20:25:55,423 middleware [TenantMiddleware] 🔍 API Version: v1
DEBUG 2026-08-27 20:25:55,424 middleware [JWTMiddleware] 🔍 Is public route: True
DEBUG 2026-08-27 20:25:55,424 middleware [JWTMiddleware] 🔍 Is public route: True
DEBUG 2026-08-27 20:25:55,424 middleware [MultiTenant] Cache hit pour civitas -> civitas (civitas)
DEBUG 2026-08-27 20:25:55,424 middleware [MultiTenant] Cache hit pour civitas -> civitas (civitas)
DEBUG 2026-08-27 20:25:55,425 middleware [JWTMiddleware] 🔍 Is authenticated route: False
DEBUG 2026-08-27 20:25:55,425 middleware [JWTMiddleware] 🔍 Is authenticated route: False
DEBUG 2026-08-27 20:25:55,425 middleware [MultiTenant] 🌐 Tenant résolu : civitas pour /api/notifications/v1/notifications/
DEBUG 2026-08-27 20:25:55,425 middleware [MultiTenant] 🌐 Tenant résolu : civitas pour /api/users/v1/users/me/
DEBUG 2026-08-27 20:25:55,426 middleware [JWTMiddleware] 🔍 Is admin route: False
DEBUG 2026-08-27 20:25:55,426 middleware [JWTMiddleware] 🔍 Is admin route: False
DEBUG 2026-08-27 20:25:55,426 middleware [MultiTenant] 🔐 Route AUTHENTICATED : /api/notifications/v1/notifications/ | Tenant: civitas
DEBUG 2026-08-27 20:25:55,426 middleware [MultiTenant] 🔐 Route AUTHENTICATED : /api/users/v1/users/me/ | Tenant: civitas
DEBUG 2026-08-27 20:25:55,426 middleware [Auth] 🌐 Accès à la route publique : /api/news/v1/news/
DEBUG 2026-08-27 20:25:55,426 middleware [Auth] 🌐 Accès à la route publique : /api/news/v1/news/
DEBUG 2026-08-27 20:25:55,427 middleware [JWTMiddleware] 🔍 Processing request: /api/notifications/v1/notifications/
DEBUG 2026-08-27 20:25:55,427 middleware [JWTMiddleware] 🔍 Processing request: /api/users/v1/users/me/
DEBUG 2026-08-27 20:25:55,430 middleware [JWTMiddleware] 🔍 Is public route: False
DEBUG 2026-08-27 20:25:55,430 middleware [JWTMiddleware] 🔍 Is public route: False
DEBUG 2026-08-27 20:25:55,430 middleware [JWTMiddleware] 🔍 Is authenticated route: True
DEBUG 2026-08-27 20:25:55,431 middleware [JWTMiddleware] 🔍 Is authenticated route: True
DEBUG 2026-08-27 20:25:55,431 middleware [JWTMiddleware] 🔍 Is admin route: False
DEBUG 2026-08-27 20:25:55,431 middleware [JWTMiddleware] 🔍 Is admin route: False
DEBUG 2026-08-27 20:25:55,431 middleware [Auth] Token extrait du header Authorization
DEBUG 2026-08-27 20:25:55,432 middleware [Auth] Token extrait du header Authorization
DEBUG 2026-08-27 20:25:55,500 middleware [Auth] 🔐 Utilisateur authentifié : admin (ID: 1)
DEBUG 2026-08-27 20:25:55,502 middleware [Auth] 🔐 Utilisateur authentifié : admin (ID: 1)
DEBUG 2026-08-27 20:25:55,509 middleware [Auth] ✅ Accès autorisé pour utilisateur authentifié : admin
DEBUG 2026-08-27 20:25:55,503 middleware [Auth] ✅ Accès autorisé pour utilisateur authentifié : admin
DEBUG 2026-08-27 20:25:55,797 middleware [TenantMiddleware] 🔍 Processing request: /api/news/v1/news/
DEBUG 2026-08-27 20:25:55,799 middleware [TenantMiddleware] 🔍 Route type: TENANT_PUBLIC
DEBUG 2026-08-27 20:25:55,799 middleware [TenantMiddleware] 🔍 API Version: v1
DEBUG 2026-08-27 20:25:55,800 middleware [MultiTenant] Cache hit pour civitas -> civitas (civitas)
DEBUG 2026-08-27 20:25:55,800 middleware [MultiTenant] 🌐 Tenant résolu : civitas pour /api/news/v1/news/
DEBUG 2026-08-27 20:25:55,803 middleware [MultiTenant] 🌐 Route TENANT_PUBLIC : /api/news/v1/news/ | Tenant: civitas
DEBUG 2026-08-27 20:25:55,803 middleware [JWTMiddleware] 🔍 Processing request: /api/news/v1/news/
DEBUG 2026-08-27 20:25:55,804 middleware [JWTMiddleware] 🔍 Is public route: True
DEBUG 2026-08-27 20:25:55,804 middleware [JWTMiddleware] 🔍 Is authenticated route: False
DEBUG 2026-08-27 20:25:55,804 middleware [JWTMiddleware] 🔍 Is admin route: False
DEBUG 2026-08-27 20:25:55,805 middleware [TenantMiddleware] 🔍 Processing request: /api/news/v1/news/
DEBUG 2026-08-27 20:25:55,805 middleware [Auth] 🌐 Accès à la route publique : /api/news/v1/news/
DEBUG 2026-08-27 20:25:55,806 middleware [TenantMiddleware] 🔍 Route type: TENANT_PUBLIC
DEBUG 2026-08-27 20:25:55,808 middleware [TenantMiddleware] 🔍 API Version: v1
DEBUG 2026-08-27 20:25:55,809 middleware [MultiTenant] Cache hit pour civitas -> civitas (civitas)
DEBUG 2026-08-27 20:25:55,809 middleware [MultiTenant] 🌐 Tenant résolu : civitas pour /api/news/v1/news/
DEBUG 2026-08-27 20:25:55,809 middleware [MultiTenant] 🌐 Route TENANT_PUBLIC : /api/news/v1/news/ | Tenant: civitas
DEBUG 2026-08-27 20:25:55,810 middleware [JWTMiddleware] 🔍 Processing request: /api/news/v1/news/
DEBUG 2026-08-27 20:25:55,810 middleware [JWTMiddleware] 🔍 Is public route: True
DEBUG 2026-08-27 20:25:55,810 middleware [JWTMiddleware] 🔍 Is authenticated route: False
DEBUG 2026-08-27 20:25:55,810 middleware [JWTMiddleware] 🔍 Is admin route: False
DEBUG 2026-08-27 20:25:55,811 middleware [Auth] 🌐 Accès à la route publique : /api/news/v1/news/
DEBUG 2026-08-27 20:25:56,002 middleware [TenantMiddleware] 🔍 Processing request: /api/news/v1/news/
DEBUG 2026-08-27 20:25:56,002 middleware [TenantMiddleware] 🔍 Route type: TENANT_PUBLIC
DEBUG 2026-08-27 20:25:56,002 middleware [TenantMiddleware] 🔍 API Version: v1
DEBUG 2026-08-27 20:25:56,003 middleware [MultiTenant] Cache hit pour civitas -> civitas (civitas)
DEBUG 2026-08-27 20:25:56,004 middleware [TenantMiddleware] 🔍 Processing request: /api/news/v1/news/
DEBUG 2026-08-27 20:25:56,005 middleware [MultiTenant] 🌐 Tenant résolu : civitas pour /api/news/v1/news/
DEBUG 2026-08-27 20:25:56,006 middleware [TenantMiddleware] 🔍 Route type: TENANT_PUBLIC
DEBUG 2026-08-27 20:25:56,008 middleware [MultiTenant] 🌐 Route TENANT_PUBLIC : /api/news/v1/news/ | Tenant: civitas
DEBUG 2026-08-27 20:25:56,010 middleware [TenantMiddleware] 🔍 API Version: v1
DEBUG 2026-08-27 20:25:56,010 middleware [JWTMiddleware] 🔍 Processing request: /api/news/v1/news/
DEBUG 2026-08-27 20:25:56,012 middleware [MultiTenant] Cache hit pour civitas -> civitas (civitas)
DEBUG 2026-08-27 20:25:56,015 middleware [JWTMiddleware] 🔍 Is public route: True
DEBUG 2026-08-27 20:25:56,017 middleware [MultiTenant] 🌐 Tenant résolu : civitas pour /api/news/v1/news/
DEBUG 2026-08-27 20:25:56,018 middleware [JWTMiddleware] 🔍 Is authenticated route: False
DEBUG 2026-08-27 20:25:56,019 middleware [MultiTenant] 🌐 Route TENANT_PUBLIC : /api/news/v1/news/ | Tenant: civitas
DEBUG 2026-08-27 20:25:56,021 middleware [JWTMiddleware] 🔍 Is admin route: False
DEBUG 2026-08-27 20:25:56,022 middleware [JWTMiddleware] 🔍 Processing request: /api/news/v1/news/
DEBUG 2026-08-27 20:25:56,024 middleware [Auth] 🌐 Accès à la route publique : /api/news/v1/news/
DEBUG 2026-08-27 20:25:56,025 middleware [JWTMiddleware] 🔍 Is public route: True
DEBUG 2026-08-27 20:25:56,029 middleware [JWTMiddleware] 🔍 Is authenticated route: False
DEBUG 2026-08-27 20:25:56,032 middleware [JWTMiddleware] 🔍 Is admin route: False
DEBUG 2026-08-27 20:25:56,032 middleware [Auth] 🌐 Accès à la route publique : /api/news/v1/news/
DEBUG 2026-08-27 20:25:56,298 middleware [TenantMiddleware] 🔍 Processing request: /api/news/v1/news/
DEBUG 2026-08-27 20:25:56,298 middleware [TenantMiddleware] 🔍 Route type: TENANT_PUBLIC
DEBUG 2026-08-27 20:25:56,299 middleware [TenantMiddleware] 🔍 API Version: v1
DEBUG 2026-08-27 20:25:56,299 middleware [MultiTenant] Cache hit pour civitas -> civitas (civitas)
DEBUG 2026-08-27 20:25:56,302 middleware [MultiTenant] 🌐 Tenant résolu : civitas pour /api/news/v1/news/
DEBUG 2026-08-27 20:25:56,302 middleware [MultiTenant] 🌐 Route TENANT_PUBLIC : /api/news/v1/news/ | Tenant: civitas
DEBUG 2026-08-27 20:25:56,302 middleware [JWTMiddleware] 🔍 Processing request: /api/news/v1/news/
DEBUG 2026-08-27 20:25:56,303 middleware [JWTMiddleware] 🔍 Is public route: True
DEBUG 2026-08-27 20:25:56,305 middleware [JWTMiddleware] 🔍 Is authenticated route: False
DEBUG 2026-08-27 20:25:56,306 middleware [JWTMiddleware] 🔍 Is admin route: False
DEBUG 2026-08-27 20:25:56,306 middleware [Auth] 🌐 Accès à la route publique : /api/news/v1/news/
DEBUG 2026-08-27 20:25:56,311 middleware [TenantMiddleware] 🔍 Processing request: /api/news/v1/news/
DEBUG 2026-08-27 20:25:56,311 middleware [TenantMiddleware] 🔍 Route type: TENANT_PUBLIC
DEBUG 2026-08-27 20:25:56,312 middleware [TenantMiddleware] 🔍 API Version: v1
DEBUG 2026-08-27 20:25:56,312 middleware [MultiTenant] Cache hit pour civitas -> civitas (civitas)
DEBUG 2026-08-27 20:25:56,313 middleware [MultiTenant] 🌐 Tenant résolu : civitas pour /api/news/v1/news/
DEBUG 2026-08-27 20:25:56,313 middleware [MultiTenant] 🌐 Route TENANT_PUBLIC : /api/news/v1/news/ | Tenant: civitas
DEBUG 2026-08-27 20:25:56,313 middleware [JWTMiddleware] 🔍 Processing request: /api/news/v1/news/
DEBUG 2026-08-27 20:25:56,314 middleware [JWTMiddleware] 🔍 Is public route: True
DEBUG 2026-08-27 20:25:56,314 middleware [JWTMiddleware] 🔍 Is authenticated route: False
DEBUG 2026-08-27 20:25:56,314 middleware [JWTMiddleware] 🔍 Is admin route: False
DEBUG 2026-08-27 20:25:56,315 middleware [Auth] 🌐 Accès à la route publique : /api/news/v1/news/
DEBUG 2026-08-27 20:25:56,805 middleware [JWTMiddleware] 🔍 Processing request: /media/news/couvertures/LOGO-civitas-news.jpeg
DEBUG 2026-08-27 20:25:56,805 middleware [JWTMiddleware] 🔍 Is public route: True
DEBUG 2026-08-27 20:25:56,805 middleware [JWTMiddleware] 🔍 Is authenticated route: False
DEBUG 2026-08-27 20:25:56,806 middleware [JWTMiddleware] 🔍 Is admin route: False
DEBUG 2026-08-27 20:25:56,806 middleware [Auth] 🌐 Accès à la route publique : /media/news/couvertures/LOGO-civitas-news.jpeg
DEBUG 2026-08-27 20:25:56,809 middleware [JWTMiddleware] 🔍 Processing request: /media/news/couvertures/IMG-20260618-WA0009.jpg
DEBUG 2026-08-27 20:25:56,809 middleware [JWTMiddleware] 🔍 Is public route: True
DEBUG 2026-08-27 20:25:56,809 middleware [JWTMiddleware] 🔍 Is authenticated route: False
DEBUG 2026-08-27 20:25:56,809 middleware [JWTMiddleware] 🔍 Is admin route: False
DEBUG 2026-08-27 20:25:56,809 middleware [Auth] 🌐 Accès à la route publique : /media/news/couvertures/IMG-20260618-WA0009.jpg
DEBUG 2026-08-27 20:26:03,354 middleware [TenantMiddleware] 🔍 Processing request: /api/token/v1/logout/
DEBUG 2026-08-27 20:26:03,355 middleware [TenantMiddleware] 🔍 Route type: AUTHENTICATED
DEBUG 2026-08-27 20:26:03,355 middleware [TenantMiddleware] 🔍 API Version: v1
DEBUG 2026-08-27 20:26:03,355 middleware [MultiTenant] Cache hit pour civitas -> civitas (civitas)
DEBUG 2026-08-27 20:26:03,355 middleware [MultiTenant] 🌐 Tenant résolu : civitas pour /api/token/v1/logout/
DEBUG 2026-08-27 20:26:03,356 middleware [MultiTenant] 🔐 Route AUTHENTICATED : /api/token/v1/logout/ | Tenant: civitas
DEBUG 2026-08-27 20:26:03,356 middleware [JWTMiddleware] 🔍 Processing request: /api/token/v1/logout/
DEBUG 2026-08-27 20:26:03,356 middleware [JWTMiddleware] 🔍 Is public route: False
DEBUG 2026-08-27 20:26:03,356 middleware [JWTMiddleware] 🔍 Is authenticated route: True
DEBUG 2026-08-27 20:26:03,356 middleware [JWTMiddleware] 🔍 Is admin route: False
DEBUG 2026-08-27 20:26:03,357 middleware [Auth] Token extrait du header Authorization
DEBUG 2026-08-27 20:26:03,391 middleware [Auth] 🔐 Utilisateur authentifié : admin (ID: 1)
DEBUG 2026-08-27 20:26:03,392 middleware [Auth] ✅ Accès autorisé pour utilisateur authentifié : admin
DEBUG 2026-08-27 20:26:04,101 middleware [TenantMiddleware] 🔍 Processing request: /api/news/v1/news/
DEBUG 2026-08-27 20:26:04,102 middleware [TenantMiddleware] 🔍 Processing request: /api/news/v1/news/
DEBUG 2026-08-27 20:26:04,102 middleware [TenantMiddleware] 🔍 Route type: TENANT_PUBLIC
DEBUG 2026-08-27 20:26:04,102 middleware [TenantMiddleware] 🔍 Route type: TENANT_PUBLIC
DEBUG 2026-08-27 20:26:04,102 middleware [TenantMiddleware] 🔍 API Version: v1
DEBUG 2026-08-27 20:26:04,103 middleware [TenantMiddleware] 🔍 API Version: v1
DEBUG 2026-08-27 20:26:04,103 middleware [MultiTenant] Cache hit pour civitas -> civitas (civitas)
DEBUG 2026-08-27 20:26:04,103 middleware [MultiTenant] Cache hit pour civitas -> civitas (civitas)
DEBUG 2026-08-27 20:26:04,104 middleware [MultiTenant] 🌐 Tenant résolu : civitas pour /api/news/v1/news/
DEBUG 2026-08-27 20:26:04,104 middleware [MultiTenant] 🌐 Tenant résolu : civitas pour /api/news/v1/news/
DEBUG 2026-08-27 20:26:04,104 middleware [MultiTenant] 🌐 Route TENANT_PUBLIC : /api/news/v1/news/ | Tenant: civitas
DEBUG 2026-08-27 20:26:04,104 middleware [MultiTenant] 🌐 Route TENANT_PUBLIC : /api/news/v1/news/ | Tenant: civitas
DEBUG 2026-08-27 20:26:04,104 middleware [JWTMiddleware] 🔍 Processing request: /api/news/v1/news/
DEBUG 2026-08-27 20:26:04,104 middleware [JWTMiddleware] 🔍 Processing request: /api/news/v1/news/
DEBUG 2026-08-27 20:26:04,105 middleware [JWTMiddleware] 🔍 Is public route: True
DEBUG 2026-08-27 20:26:04,105 middleware [JWTMiddleware] 🔍 Is public route: True
DEBUG 2026-08-27 20:26:04,105 middleware [JWTMiddleware] 🔍 Is authenticated route: False
DEBUG 2026-08-27 20:26:04,105 middleware [JWTMiddleware] 🔍 Is authenticated route: False
DEBUG 2026-08-27 20:26:04,105 middleware [JWTMiddleware] 🔍 Is admin route: False
DEBUG 2026-08-27 20:26:04,105 middleware [JWTMiddleware] 🔍 Is admin route: False
DEBUG 2026-08-27 20:26:04,105 middleware [Auth] 🌐 Accès à la route publique : /api/news/v1/news/
DEBUG 2026-08-27 20:26:04,106 middleware [Auth] 🌐 Accès à la route publique : /api/news/v1/news/
DEBUG 2026-08-27 20:26:04,418 middleware [TenantMiddleware] 🔍 Processing request: /api/news/v1/news/
DEBUG 2026-08-27 20:26:04,419 middleware [TenantMiddleware] 🔍 Route type: TENANT_PUBLIC
DEBUG 2026-08-27 20:26:04,419 middleware [TenantMiddleware] 🔍 API Version: v1
DEBUG 2026-08-27 20:26:04,420 middleware [MultiTenant] Cache hit pour civitas -> civitas (civitas)
DEBUG 2026-08-27 20:26:04,421 middleware [MultiTenant] 🌐 Tenant résolu : civitas pour /api/news/v1/news/
DEBUG 2026-08-27 20:26:04,421 middleware [MultiTenant] 🌐 Route TENANT_PUBLIC : /api/news/v1/news/ | Tenant: civitas
DEBUG 2026-08-27 20:26:04,422 middleware [JWTMiddleware] 🔍 Processing request: /api/news/v1/news/
DEBUG 2026-08-27 20:26:04,422 middleware [JWTMiddleware] 🔍 Is public route: True
DEBUG 2026-08-27 20:26:04,422 middleware [JWTMiddleware] 🔍 Is authenticated route: False
DEBUG 2026-08-27 20:26:04,423 middleware [TenantMiddleware] 🔍 Processing request: /api/news/v1/news/
DEBUG 2026-08-27 20:26:04,423 middleware [JWTMiddleware] 🔍 Is admin route: False
DEBUG 2026-08-27 20:26:04,425 middleware [TenantMiddleware] 🔍 Route type: TENANT_PUBLIC
DEBUG 2026-08-27 20:26:04,425 middleware [Auth] 🌐 Accès à la route publique : /api/news/v1/news/
DEBUG 2026-08-27 20:26:04,425 middleware [TenantMiddleware] 🔍 API Version: v1
DEBUG 2026-08-27 20:26:04,436 middleware [MultiTenant] Cache hit pour civitas -> civitas (civitas)
DEBUG 2026-08-27 20:26:04,436 middleware [MultiTenant] 🌐 Tenant résolu : civitas pour /api/news/v1/news/
DEBUG 2026-08-27 20:26:04,436 middleware [MultiTenant] 🌐 Route TENANT_PUBLIC : /api/news/v1/news/ | Tenant: civitas
DEBUG 2026-08-27 20:26:04,437 middleware [JWTMiddleware] 🔍 Processing request: /api/news/v1/news/
DEBUG 2026-08-27 20:26:04,437 middleware [JWTMiddleware] 🔍 Is public route: True
DEBUG 2026-08-27 20:26:04,437 middleware [JWTMiddleware] 🔍 Is authenticated route: False
DEBUG 2026-08-27 20:26:04,437 middleware [JWTMiddleware] 🔍 Is admin route: False
DEBUG 2026-08-27 20:26:04,438 middleware [TenantMiddleware] 🔍 Processing request: /api/news/v1/news/
DEBUG 2026-08-27 20:26:04,438 middleware [Auth] 🌐 Accès à la route publique : /api/news/v1/news/
DEBUG 2026-08-27 20:26:04,439 middleware [TenantMiddleware] 🔍 Route type: TENANT_PUBLIC
DEBUG 2026-08-27 20:26:04,445 middleware [TenantMiddleware] 🔍 Processing request: /api/news/v1/news/
DEBUG 2026-08-27 20:26:04,450 middleware [TenantMiddleware] 🔍 API Version: v1
DEBUG 2026-08-27 20:26:04,450 middleware [TenantMiddleware] 🔍 Route type: TENANT_PUBLIC
DEBUG 2026-08-27 20:26:04,451 middleware [MultiTenant] Cache hit pour civitas -> civitas (civitas)
DEBUG 2026-08-27 20:26:04,451 middleware [TenantMiddleware] 🔍 API Version: v1
DEBUG 2026-08-27 20:26:04,451 middleware [MultiTenant] 🌐 Tenant résolu : civitas pour /api/news/v1/news/
DEBUG 2026-08-27 20:26:04,451 middleware [MultiTenant] Cache hit pour civitas -> civitas (civitas)
DEBUG 2026-08-27 20:26:04,452 middleware [MultiTenant] 🌐 Route TENANT_PUBLIC : /api/news/v1/news/ | Tenant: civitas
DEBUG 2026-08-27 20:26:04,452 middleware [MultiTenant] 🌐 Tenant résolu : civitas pour /api/news/v1/news/
DEBUG 2026-08-27 20:26:04,452 middleware [JWTMiddleware] 🔍 Processing request: /api/news/v1/news/
DEBUG 2026-08-27 20:26:04,452 middleware [MultiTenant] 🌐 Route TENANT_PUBLIC : /api/news/v1/news/ | Tenant: civitas
DEBUG 2026-08-27 20:26:04,453 middleware [JWTMiddleware] 🔍 Is public route: True
DEBUG 2026-08-27 20:26:04,453 middleware [JWTMiddleware] 🔍 Processing request: /api/news/v1/news/
DEBUG 2026-08-27 20:26:04,453 middleware [JWTMiddleware] 🔍 Is authenticated route: False
DEBUG 2026-08-27 20:26:04,453 middleware [JWTMiddleware] 🔍 Is public route: True
DEBUG 2026-08-27 20:26:04,454 middleware [JWTMiddleware] 🔍 Is admin route: False
DEBUG 2026-08-27 20:26:04,455 middleware [Auth] 🌐 Accès à la route publique : /api/news/v1/news/
DEBUG 2026-08-27 20:26:04,454 middleware [JWTMiddleware] 🔍 Is authenticated route: False
DEBUG 2026-08-27 20:26:04,468 middleware [JWTMiddleware] 🔍 Is admin route: False
DEBUG 2026-08-27 20:26:04,468 middleware [Auth] 🌐 Accès à la route publique : /api/news/v1/news/
DEBUG 2026-08-27 20:26:05,432 middleware [TenantMiddleware] 🔍 Processing request: /api/news/v1/news/
DEBUG 2026-08-27 20:26:05,433 middleware [TenantMiddleware] 🔍 Processing request: /api/news/v1/news/
DEBUG 2026-08-27 20:26:05,433 middleware [TenantMiddleware] 🔍 Route type: TENANT_PUBLIC
DEBUG 2026-08-27 20:26:05,433 middleware [TenantMiddleware] 🔍 Route type: TENANT_PUBLIC
DEBUG 2026-08-27 20:26:05,433 middleware [TenantMiddleware] 🔍 API Version: v1
DEBUG 2026-08-27 20:26:05,434 middleware [TenantMiddleware] 🔍 API Version: v1
DEBUG 2026-08-27 20:26:05,434 middleware [MultiTenant] Cache hit pour civitas -> civitas (civitas)
DEBUG 2026-08-27 20:26:05,434 middleware [MultiTenant] Cache hit pour civitas -> civitas (civitas)
DEBUG 2026-08-27 20:26:05,434 middleware [MultiTenant] 🌐 Tenant résolu : civitas pour /api/news/v1/news/
DEBUG 2026-08-27 20:26:05,435 middleware [MultiTenant] 🌐 Tenant résolu : civitas pour /api/news/v1/news/
DEBUG 2026-08-27 20:26:05,435 middleware [MultiTenant] 🌐 Route TENANT_PUBLIC : /api/news/v1/news/ | Tenant: civitas
DEBUG 2026-08-27 20:26:05,435 middleware [MultiTenant] 🌐 Route TENANT_PUBLIC : /api/news/v1/news/ | Tenant: civitas
DEBUG 2026-08-27 20:26:05,435 middleware [JWTMiddleware] 🔍 Processing request: /api/news/v1/news/
DEBUG 2026-08-27 20:26:05,435 middleware [JWTMiddleware] 🔍 Processing request: /api/news/v1/news/
DEBUG 2026-08-27 20:26:05,435 middleware [JWTMiddleware] 🔍 Is public route: True
DEBUG 2026-08-27 20:26:05,436 middleware [JWTMiddleware] 🔍 Is public route: True
DEBUG 2026-08-27 20:26:05,436 middleware [JWTMiddleware] 🔍 Is authenticated route: False
DEBUG 2026-08-27 20:26:05,436 middleware [JWTMiddleware] 🔍 Is authenticated route: False
DEBUG 2026-08-27 20:26:05,436 middleware [JWTMiddleware] 🔍 Is admin route: False
DEBUG 2026-08-27 20:26:05,436 middleware [JWTMiddleware] 🔍 Is admin route: False
DEBUG 2026-08-27 20:26:05,437 middleware [Auth] 🌐 Accès à la route publique : /api/news/v1/news/
DEBUG 2026-08-27 20:26:05,437 middleware [Auth] 🌐 Accès à la route publique : /api/news/v1/news/
DEBUG 2026-08-27 20:26:08,468 middleware [TenantMiddleware] 🔍 Processing request: /api/news/v1/news/24/reactions/
DEBUG 2026-08-27 20:26:08,468 middleware [TenantMiddleware] 🔍 Route type: TENANT_PUBLIC
DEBUG 2026-08-27 20:26:08,469 middleware [TenantMiddleware] 🔍 API Version: v1
DEBUG 2026-08-27 20:26:08,469 middleware [MultiTenant] Cache hit pour civitas -> civitas (civitas)
DEBUG 2026-08-27 20:26:08,469 middleware [MultiTenant] 🌐 Tenant résolu : civitas pour /api/news/v1/news/24/reactions/
DEBUG 2026-08-27 20:26:08,469 middleware [MultiTenant] 🌐 Route TENANT_PUBLIC : /api/news/v1/news/24/reactions/ | Tenant: civitas
DEBUG 2026-08-27 20:26:08,469 middleware [JWTMiddleware] 🔍 Processing request: /api/news/v1/news/24/reactions/
DEBUG 2026-08-27 20:26:08,469 middleware [JWTMiddleware] 🔍 Is public route: True
DEBUG 2026-08-27 20:26:08,470 middleware [JWTMiddleware] 🔍 Is authenticated route: False
DEBUG 2026-08-27 20:26:08,470 middleware [JWTMiddleware] 🔍 Is admin route: False
DEBUG 2026-08-27 20:26:08,470 middleware [Auth] 🌐 Accès à la route publique : /api/news/v1/news/24/reactions/
WARNING 2026-08-27 20:26:08,514 log Forbidden: /api/news/v1/news/24/reactions/
WARNING 2026-08-27 20:26:08,514 basehttp "POST /api/news/v1/news/24/reactions/ HTTP/1.1" 403 58
DEBUG 2026-08-27 20:26:13,260 middleware [TenantMiddleware] 🔍 Processing request: /api/news/v1/news/
DEBUG 2026-08-27 20:26:13,260 middleware [TenantMiddleware] 🔍 Processing request: /api/news/v1/news/
DEBUG 2026-08-27 20:26:13,261 middleware [TenantMiddleware] 🔍 Route type: TENANT_PUBLIC
DEBUG 2026-08-27 20:26:13,261 middleware [TenantMiddleware] 🔍 Route type: TENANT_PUBLIC
DEBUG 2026-08-27 20:26:13,261 middleware [TenantMiddleware] 🔍 API Version: v1
DEBUG 2026-08-27 20:26:13,261 middleware [TenantMiddleware] 🔍 API Version: v1
DEBUG 2026-08-27 20:26:13,261 middleware [MultiTenant] Cache hit pour civitas -> civitas (civitas)
DEBUG 2026-08-27 20:26:13,262 middleware [MultiTenant] Cache hit pour civitas -> civitas (civitas)
DEBUG 2026-08-27 20:26:13,262 middleware [MultiTenant] 🌐 Tenant résolu : civitas pour /api/news/v1/news/
DEBUG 2026-08-27 20:26:13,262 middleware [MultiTenant] 🌐 Tenant résolu : civitas pour /api/news/v1/news/
DEBUG 2026-08-27 20:26:13,263 middleware [MultiTenant] 🌐 Route TENANT_PUBLIC : /api/news/v1/news/ | Tenant: civitas
DEBUG 2026-08-27 20:26:13,263 middleware [MultiTenant] 🌐 Route TENANT_PUBLIC : /api/news/v1/news/ | Tenant: civitas
DEBUG 2026-08-27 20:26:13,264 middleware [TenantMiddleware] 🔍 Processing request: /api/notifications/v1/notifications/
DEBUG 2026-08-27 20:26:13,264 middleware [JWTMiddleware] 🔍 Processing request: /api/news/v1/news/
DEBUG 2026-08-27 20:26:13,264 middleware [JWTMiddleware] 🔍 Processing request: /api/news/v1/news/
DEBUG 2026-08-27 20:26:13,264 middleware [TenantMiddleware] 🔍 Route type: AUTHENTICATED
DEBUG 2026-08-27 20:26:13,264 middleware [JWTMiddleware] 🔍 Is public route: True
DEBUG 2026-08-27 20:26:13,264 middleware [JWTMiddleware] 🔍 Is public route: True
DEBUG 2026-08-27 20:26:13,264 middleware [TenantMiddleware] 🔍 API Version: v1
DEBUG 2026-08-27 20:26:13,265 middleware [JWTMiddleware] 🔍 Is authenticated route: False
DEBUG 2026-08-27 20:26:13,265 middleware [JWTMiddleware] 🔍 Is authenticated route: False
DEBUG 2026-08-27 20:26:13,265 middleware [MultiTenant] Cache hit pour civitas -> civitas (civitas)
DEBUG 2026-08-27 20:26:13,265 middleware [JWTMiddleware] 🔍 Is admin route: False
DEBUG 2026-08-27 20:26:13,265 middleware [JWTMiddleware] 🔍 Is admin route: False
DEBUG 2026-08-27 20:26:13,266 middleware [MultiTenant] 🌐 Tenant résolu : civitas pour /api/notifications/v1/notifications/
DEBUG 2026-08-27 20:26:13,266 middleware [Auth] 🌐 Accès à la route publique : /api/news/v1/news/
DEBUG 2026-08-27 20:26:13,266 middleware [Auth] 🌐 Accès à la route publique : /api/news/v1/news/
DEBUG 2026-08-27 20:26:13,266 middleware [MultiTenant] 🔐 Route AUTHENTICATED : /api/notifications/v1/notifications/ | Tenant: civitas
DEBUG 2026-08-27 20:26:13,275 middleware [JWTMiddleware] 🔍 Processing request: /api/notifications/v1/notifications/
DEBUG 2026-08-27 20:26:13,275 middleware [JWTMiddleware] 🔍 Is public route: False
DEBUG 2026-08-27 20:26:13,276 middleware [JWTMiddleware] 🔍 Is authenticated route: True
DEBUG 2026-08-27 20:26:13,276 middleware [JWTMiddleware] 🔍 Is admin route: False
DEBUG 2026-08-27 20:26:13,276 middleware [Auth] Aucun token trouvé dans la requête
WARNING 2026-08-27 20:26:13,276 middleware [Auth] ⚠️ Authentification requise pour : /api/notifications/v1/notifications/
WARNING 2026-08-27 20:26:13,277 log Unauthorized: /api/notifications/v1/notifications/
WARNING 2026-08-27 20:26:13,277 basehttp "GET /api/notifications/v1/notifications/?page=1 HTTP/1.1" 401 110
DEBUG 2026-08-27 20:26:13,520 middleware [TenantMiddleware] 🔍 Processing request: /api/news/v1/news/
DEBUG 2026-08-27 20:26:13,521 middleware [TenantMiddleware] 🔍 Route type: TENANT_PUBLIC
DEBUG 2026-08-27 20:26:13,521 middleware [TenantMiddleware] 🔍 API Version: v1
DEBUG 2026-08-27 20:26:13,521 middleware [MultiTenant] Cache hit pour civitas -> civitas (civitas)
DEBUG 2026-08-27 20:26:13,524 middleware [MultiTenant] 🌐 Tenant résolu : civitas pour /api/news/v1/news/
DEBUG 2026-08-27 20:26:13,524 middleware [MultiTenant] 🌐 Route TENANT_PUBLIC : /api/news/v1/news/ | Tenant: civitas
DEBUG 2026-08-27 20:26:13,524 middleware [JWTMiddleware] 🔍 Processing request: /api/news/v1/news/
DEBUG 2026-08-27 20:26:13,525 middleware [JWTMiddleware] 🔍 Is public route: True
DEBUG 2026-08-27 20:26:13,525 middleware [JWTMiddleware] 🔍 Is authenticated route: False
DEBUG 2026-08-27 20:26:13,525 middleware [JWTMiddleware] 🔍 Is admin route: False
DEBUG 2026-08-27 20:26:13,525 middleware [Auth] 🌐 Accès à la route publique : /api/news/v1/news/
DEBUG 2026-08-27 20:26:13,531 middleware [TenantMiddleware] 🔍 Processing request: /api/news/v1/news/
DEBUG 2026-08-27 20:26:13,531 middleware [TenantMiddleware] 🔍 Route type: TENANT_PUBLIC
DEBUG 2026-08-27 20:26:13,531 middleware [TenantMiddleware] 🔍 API Version: v1
DEBUG 2026-08-27 20:26:13,531 middleware [MultiTenant] Cache hit pour civitas -> civitas (civitas)
DEBUG 2026-08-27 20:26:13,532 middleware [MultiTenant] 🌐 Tenant résolu : civitas pour /api/news/v1/news/
DEBUG 2026-08-27 20:26:13,532 middleware [MultiTenant] 🌐 Route TENANT_PUBLIC : /api/news/v1/news/ | Tenant: civitas
DEBUG 2026-08-27 20:26:13,532 middleware [JWTMiddleware] 🔍 Processing request: /api/news/v1/news/
DEBUG 2026-08-27 20:26:13,532 middleware [JWTMiddleware] 🔍 Is public route: True
DEBUG 2026-08-27 20:26:13,532 middleware [JWTMiddleware] 🔍 Is authenticated route: False
DEBUG 2026-08-27 20:26:13,532 middleware [JWTMiddleware] 🔍 Is admin route: False
DEBUG 2026-08-27 20:26:13,532 middleware [Auth] 🌐 Accès à la route publique : /api/news/v1/news/
DEBUG 2026-08-27 20:26:13,578 middleware [TenantMiddleware] 🔍 Processing request: /api/news/v1/news/
DEBUG 2026-08-27 20:26:13,582 middleware [TenantMiddleware] 🔍 Route type: TENANT_PUBLIC
DEBUG 2026-08-27 20:26:13,583 middleware [TenantMiddleware] 🔍 Processing request: /api/news/v1/news/
DEBUG 2026-08-27 20:26:13,583 middleware [TenantMiddleware] 🔍 API Version: v1
DEBUG 2026-08-27 20:26:13,592 middleware [TenantMiddleware] 🔍 Route type: TENANT_PUBLIC
DEBUG 2026-08-27 20:26:13,599 middleware [MultiTenant] Cache hit pour civitas -> civitas (civitas)
DEBUG 2026-08-27 20:26:13,600 middleware [TenantMiddleware] 🔍 API Version: v1
DEBUG 2026-08-27 20:26:13,600 middleware [MultiTenant] 🌐 Tenant résolu : civitas pour /api/news/v1/news/
DEBUG 2026-08-27 20:26:13,607 middleware [MultiTenant] Cache hit pour civitas -> civitas (civitas)
DEBUG 2026-08-27 20:26:13,608 middleware [MultiTenant] 🌐 Route TENANT_PUBLIC : /api/news/v1/news/ | Tenant: civitas
DEBUG 2026-08-27 20:26:13,608 middleware [MultiTenant] 🌐 Tenant résolu : civitas pour /api/news/v1/news/
DEBUG 2026-08-27 20:26:13,613 middleware [JWTMiddleware] 🔍 Processing request: /api/news/v1/news/
DEBUG 2026-08-27 20:26:13,618 middleware [MultiTenant] 🌐 Route TENANT_PUBLIC : /api/news/v1/news/ | Tenant: civitas
DEBUG 2026-08-27 20:26:13,619 middleware [JWTMiddleware] 🔍 Is public route: True
DEBUG 2026-08-27 20:26:13,619 middleware [JWTMiddleware] 🔍 Processing request: /api/news/v1/news/
DEBUG 2026-08-27 20:26:13,622 middleware [JWTMiddleware] 🔍 Is authenticated route: False
DEBUG 2026-08-27 20:26:13,625 middleware [JWTMiddleware] 🔍 Is public route: True
DEBUG 2026-08-27 20:26:13,626 middleware [JWTMiddleware] 🔍 Is admin route: False
DEBUG 2026-08-27 20:26:13,628 middleware [JWTMiddleware] 🔍 Is authenticated route: False
DEBUG 2026-08-27 20:26:13,629 middleware [Auth] 🌐 Accès à la route publique : /api/news/v1/news/
DEBUG 2026-08-27 20:26:13,635 middleware [JWTMiddleware] 🔍 Is admin route: False
DEBUG 2026-08-27 20:26:13,648 middleware [Auth] 🌐 Accès à la route publique : /api/news/v1/news/
DEBUG 2026-08-27 20:26:14,015 middleware [TenantMiddleware] 🔍 Processing request: /api/news/v1/news/
DEBUG 2026-08-27 20:26:14,015 middleware [TenantMiddleware] 🔍 Route type: TENANT_PUBLIC
DEBUG 2026-08-27 20:26:14,015 middleware [TenantMiddleware] 🔍 API Version: v1
DEBUG 2026-08-27 20:26:14,015 middleware [MultiTenant] Cache hit pour civitas -> civitas (civitas)
DEBUG 2026-08-27 20:26:14,016 middleware [MultiTenant] 🌐 Tenant résolu : civitas pour /api/news/v1/news/
DEBUG 2026-08-27 20:26:14,016 middleware [MultiTenant] 🌐 Route TENANT_PUBLIC : /api/news/v1/news/ | Tenant: civitas
DEBUG 2026-08-27 20:26:14,016 middleware [JWTMiddleware] 🔍 Processing request: /api/news/v1/news/
DEBUG 2026-08-27 20:26:14,016 middleware [JWTMiddleware] 🔍 Is public route: True
DEBUG 2026-08-27 20:26:14,016 middleware [JWTMiddleware] 🔍 Is authenticated route: False
DEBUG 2026-08-27 20:26:14,016 middleware [JWTMiddleware] 🔍 Is admin route: False
DEBUG 2026-08-27 20:26:14,016 middleware [Auth] 🌐 Accès à la route publique : /api/news/v1/news/
DEBUG 2026-08-27 20:26:14,413 middleware [TenantMiddleware] 🔍 Processing request: /api/news/v1/news/
DEBUG 2026-08-27 20:26:14,413 middleware [TenantMiddleware] 🔍 Route type: TENANT_PUBLIC
DEBUG 2026-08-27 20:26:14,413 middleware [TenantMiddleware] 🔍 API Version: v1
DEBUG 2026-08-27 20:26:14,413 middleware [MultiTenant] Cache hit pour civitas -> civitas (civitas)
DEBUG 2026-08-27 20:26:14,414 middleware [MultiTenant] 🌐 Tenant résolu : civitas pour /api/news/v1/news/
DEBUG 2026-08-27 20:26:14,414 middleware [MultiTenant] 🌐 Route TENANT_PUBLIC : /api/news/v1/news/ | Tenant: civitas
DEBUG 2026-08-27 20:26:14,414 middleware [JWTMiddleware] 🔍 Processing request: /api/news/v1/news/
DEBUG 2026-08-27 20:26:14,414 middleware [JWTMiddleware] 🔍 Is public route: True
DEBUG 2026-08-27 20:26:14,414 middleware [JWTMiddleware] 🔍 Is authenticated route: False
DEBUG 2026-08-27 20:26:14,415 middleware [JWTMiddleware] 🔍 Is admin route: False
DEBUG 2026-08-27 20:26:14,415 middleware [Auth] 🌐 Accès à la route publique : /api/news/v1/news/
DEBUG 2026-08-27 20:26:18,757 middleware [TenantMiddleware] 🔍 Processing request: /api/news/v1/news/24/reactions/
DEBUG 2026-08-27 20:26:18,757 middleware [TenantMiddleware] 🔍 Route type: TENANT_PUBLIC
DEBUG 2026-08-27 20:26:18,757 middleware [TenantMiddleware] 🔍 API Version: v1
DEBUG 2026-08-27 20:26:18,758 middleware [MultiTenant] Cache hit pour civitas -> civitas (civitas)
DEBUG 2026-08-27 20:26:18,758 middleware [MultiTenant] 🌐 Tenant résolu : civitas pour /api/news/v1/news/24/reactions/
DEBUG 2026-08-27 20:26:18,758 middleware [MultiTenant] 🌐 Route TENANT_PUBLIC : /api/news/v1/news/24/reactions/ | Tenant: civitas
DEBUG 2026-08-27 20:26:18,758 middleware [JWTMiddleware] 🔍 Processing request: /api/news/v1/news/24/reactions/
DEBUG 2026-08-27 20:26:18,758 middleware [JWTMiddleware] 🔍 Is public route: True
DEBUG 2026-08-27 20:26:18,758 middleware [JWTMiddleware] 🔍 Is authenticated route: False
DEBUG 2026-08-27 20:26:18,758 middleware [JWTMiddleware] 🔍 Is admin route: False
DEBUG 2026-08-27 20:26:18,759 middleware [Auth] 🌐 Accès à la route publique : /api/news/v1/news/24/reactions/
WARNING 2026-08-27 20:26:18,806 log Forbidden: /api/news/v1/news/24/reactions/
WARNING 2026-08-27 20:26:18,806 basehttp "POST /api/news/v1/news/24/reactions/ HTTP/1.1" 403 58
DEBUG 2026-08-27 20:26:23,303 middleware [TenantMiddleware] 🔍 Processing request: /api/news/v1/news/
DEBUG 2026-08-27 20:26:23,304 middleware [TenantMiddleware] 🔍 Processing request: /api/news/v1/news/
DEBUG 2026-08-27 20:26:23,304 middleware [TenantMiddleware] 🔍 Route type: TENANT_PUBLIC
DEBUG 2026-08-27 20:26:23,304 middleware [TenantMiddleware] 🔍 Route type: TENANT_PUBLIC
DEBUG 2026-08-27 20:26:23,304 middleware [TenantMiddleware] 🔍 API Version: v1
DEBUG 2026-08-27 20:26:23,304 middleware [TenantMiddleware] 🔍 API Version: v1
DEBUG 2026-08-27 20:26:23,305 middleware [MultiTenant] Cache hit pour civitas -> civitas (civitas)
DEBUG 2026-08-27 20:26:23,305 middleware [MultiTenant] Cache hit pour civitas -> civitas (civitas)
DEBUG 2026-08-27 20:26:23,306 middleware [MultiTenant] 🌐 Tenant résolu : civitas pour /api/news/v1/news/
DEBUG 2026-08-27 20:26:23,306 middleware [MultiTenant] 🌐 Tenant résolu : civitas pour /api/news/v1/news/
DEBUG 2026-08-27 20:26:23,306 middleware [MultiTenant] 🌐 Route TENANT_PUBLIC : /api/news/v1/news/ | Tenant: civitas
DEBUG 2026-08-27 20:26:23,306 middleware [MultiTenant] 🌐 Route TENANT_PUBLIC : /api/news/v1/news/ | Tenant: civitas
DEBUG 2026-08-27 20:26:23,306 middleware [JWTMiddleware] 🔍 Processing request: /api/news/v1/news/
DEBUG 2026-08-27 20:26:23,307 middleware [TenantMiddleware] 🔍 Processing request: /api/notifications/v1/notifications/
DEBUG 2026-08-27 20:26:23,307 middleware [JWTMiddleware] 🔍 Processing request: /api/news/v1/news/
DEBUG 2026-08-27 20:26:23,307 middleware [JWTMiddleware] 🔍 Is public route: True
DEBUG 2026-08-27 20:26:23,308 middleware [TenantMiddleware] 🔍 Route type: AUTHENTICATED
DEBUG 2026-08-27 20:26:23,308 middleware [JWTMiddleware] 🔍 Is public route: True
DEBUG 2026-08-27 20:26:23,308 middleware [JWTMiddleware] 🔍 Is authenticated route: False
DEBUG 2026-08-27 20:26:23,308 middleware [TenantMiddleware] 🔍 API Version: v1
DEBUG 2026-08-27 20:26:23,308 middleware [JWTMiddleware] 🔍 Is authenticated route: False
DEBUG 2026-08-27 20:26:23,309 middleware [JWTMiddleware] 🔍 Is admin route: False
DEBUG 2026-08-27 20:26:23,309 middleware [MultiTenant] Cache hit pour civitas -> civitas (civitas)
DEBUG 2026-08-27 20:26:23,309 middleware [JWTMiddleware] 🔍 Is admin route: False
DEBUG 2026-08-27 20:26:23,309 middleware [Auth] 🌐 Accès à la route publique : /api/news/v1/news/
DEBUG 2026-08-27 20:26:23,309 middleware [MultiTenant] 🌐 Tenant résolu : civitas pour /api/notifications/v1/notifications/
DEBUG 2026-08-27 20:26:23,310 middleware [Auth] 🌐 Accès à la route publique : /api/news/v1/news/
DEBUG 2026-08-27 20:26:23,314 middleware [MultiTenant] 🔐 Route AUTHENTICATED : /api/notifications/v1/notifications/ | Tenant: civitas
DEBUG 2026-08-27 20:26:23,321 middleware [JWTMiddleware] 🔍 Processing request: /api/notifications/v1/notifications/
DEBUG 2026-08-27 20:26:23,321 middleware [JWTMiddleware] 🔍 Is public route: False
DEBUG 2026-08-27 20:26:23,322 middleware [JWTMiddleware] 🔍 Is authenticated route: True
DEBUG 2026-08-27 20:26:23,322 middleware [JWTMiddleware] 🔍 Is admin route: False
DEBUG 2026-08-27 20:26:23,322 middleware [Auth] Aucun token trouvé dans la requête
WARNING 2026-08-27 20:26:23,322 middleware [Auth] ⚠️ Authentification requise pour : /api/notifications/v1/notifications/
WARNING 2026-08-27 20:26:23,323 log Unauthorized: /api/notifications/v1/notifications/
WARNING 2026-08-27 20:26:23,323 basehttp "GET /api/notifications/v1/notifications/?page=1 HTTP/1.1" 401 110
DEBUG 2026-08-27 20:26:23,562 middleware [TenantMiddleware] 🔍 Processing request: /api/news/v1/news/
DEBUG 2026-08-27 20:26:23,562 middleware [TenantMiddleware] 🔍 Route type: TENANT_PUBLIC
DEBUG 2026-08-27 20:26:23,563 middleware [TenantMiddleware] 🔍 API Version: v1
DEBUG 2026-08-27 20:26:23,565 middleware [MultiTenant] Cache hit pour civitas -> civitas (civitas)
DEBUG 2026-08-27 20:26:23,565 middleware [MultiTenant] 🌐 Tenant résolu : civitas pour /api/news/v1/news/
DEBUG 2026-08-27 20:26:23,565 middleware [MultiTenant] 🌐 Route TENANT_PUBLIC : /api/news/v1/news/ | Tenant: civitas
DEBUG 2026-08-27 20:26:23,565 middleware [JWTMiddleware] 🔍 Processing request: /api/news/v1/news/
DEBUG 2026-08-27 20:26:23,565 middleware [JWTMiddleware] 🔍 Is public route: True
DEBUG 2026-08-27 20:26:23,566 middleware [JWTMiddleware] 🔍 Is authenticated route: False
DEBUG 2026-08-27 20:26:23,566 middleware [JWTMiddleware] 🔍 Is admin route: False
DEBUG 2026-08-27 20:26:23,566 middleware [Auth] 🌐 Accès à la route publique : /api/news/v1/news/
DEBUG 2026-08-27 20:26:23,571 middleware [TenantMiddleware] 🔍 Processing request: /api/news/v1/news/
DEBUG 2026-08-27 20:26:23,571 middleware [TenantMiddleware] 🔍 Route type: TENANT_PUBLIC
DEBUG 2026-08-27 20:26:23,571 middleware [TenantMiddleware] 🔍 API Version: v1
DEBUG 2026-08-27 20:26:23,571 middleware [MultiTenant] Cache hit pour civitas -> civitas (civitas)
DEBUG 2026-08-27 20:26:23,571 middleware [MultiTenant] 🌐 Tenant résolu : civitas pour /api/news/v1/news/
DEBUG 2026-08-27 20:26:23,571 middleware [MultiTenant] 🌐 Route TENANT_PUBLIC : /api/news/v1/news/ | Tenant: civitas
DEBUG 2026-08-27 20:26:23,571 middleware [JWTMiddleware] 🔍 Processing request: /api/news/v1/news/
DEBUG 2026-08-27 20:26:23,571 middleware [JWTMiddleware] 🔍 Is public route: True
DEBUG 2026-08-27 20:26:23,572 middleware [JWTMiddleware] 🔍 Is authenticated route: False
DEBUG 2026-08-27 20:26:23,572 middleware [JWTMiddleware] 🔍 Is admin route: False
DEBUG 2026-08-27 20:26:23,572 middleware [Auth] 🌐 Accès à la route publique : /api/news/v1/news/
DEBUG 2026-08-27 20:26:23,647 middleware [TenantMiddleware] 🔍 Processing request: /api/news/v1/news/
DEBUG 2026-08-27 20:26:23,648 middleware [TenantMiddleware] 🔍 Route type: TENANT_PUBLIC
DEBUG 2026-08-27 20:26:23,648 middleware [TenantMiddleware] 🔍 API Version: v1
DEBUG 2026-08-27 20:26:23,648 middleware [MultiTenant] Cache hit pour civitas -> civitas (civitas)
DEBUG 2026-08-27 20:26:23,652 middleware [MultiTenant] 🌐 Tenant résolu : civitas pour /api/news/v1/news/
DEBUG 2026-08-27 20:26:23,653 middleware [TenantMiddleware] 🔍 Processing request: /api/news/v1/news/
DEBUG 2026-08-27 20:26:23,656 middleware [MultiTenant] 🌐 Route TENANT_PUBLIC : /api/news/v1/news/ | Tenant: civitas
DEBUG 2026-08-27 20:26:23,657 middleware [TenantMiddleware] 🔍 Route type: TENANT_PUBLIC
DEBUG 2026-08-27 20:26:23,658 middleware [JWTMiddleware] 🔍 Processing request: /api/news/v1/news/
DEBUG 2026-08-27 20:26:23,659 middleware [TenantMiddleware] 🔍 API Version: v1
DEBUG 2026-08-27 20:26:23,661 middleware [JWTMiddleware] 🔍 Is public route: True
DEBUG 2026-08-27 20:26:23,661 middleware [MultiTenant] Cache hit pour civitas -> civitas (civitas)
DEBUG 2026-08-27 20:26:23,664 middleware [JWTMiddleware] 🔍 Is authenticated route: False
DEBUG 2026-08-27 20:26:23,665 middleware [MultiTenant] 🌐 Tenant résolu : civitas pour /api/news/v1/news/
DEBUG 2026-08-27 20:26:23,666 middleware [JWTMiddleware] 🔍 Is admin route: False
DEBUG 2026-08-27 20:26:23,667 middleware [MultiTenant] 🌐 Route TENANT_PUBLIC : /api/news/v1/news/ | Tenant: civitas
DEBUG 2026-08-27 20:26:23,669 middleware [Auth] 🌐 Accès à la route publique : /api/news/v1/news/
DEBUG 2026-08-27 20:26:23,670 middleware [JWTMiddleware] 🔍 Processing request: /api/news/v1/news/
DEBUG 2026-08-27 20:26:23,678 middleware [JWTMiddleware] 🔍 Is public route: True
DEBUG 2026-08-27 20:26:23,680 middleware [JWTMiddleware] 🔍 Is authenticated route: False
DEBUG 2026-08-27 20:26:23,681 middleware [JWTMiddleware] 🔍 Is admin route: False
DEBUG 2026-08-27 20:26:23,683 middleware [Auth] 🌐 Accès à la route publique : /api/news/v1/news/
DEBUG 2026-08-27 20:26:23,999 middleware [TenantMiddleware] 🔍 Processing request: /api/news/v1/news/
DEBUG 2026-08-27 20:26:23,999 middleware [TenantMiddleware] 🔍 Route type: TENANT_PUBLIC
DEBUG 2026-08-27 20:26:23,999 middleware [TenantMiddleware] 🔍 API Version: v1
DEBUG 2026-08-27 20:26:24,000 middleware [MultiTenant] Cache hit pour civitas -> civitas (civitas)
DEBUG 2026-08-27 20:26:24,000 middleware [MultiTenant] 🌐 Tenant résolu : civitas pour /api/news/v1/news/
DEBUG 2026-08-27 20:26:24,000 middleware [MultiTenant] 🌐 Route TENANT_PUBLIC : /api/news/v1/news/ | Tenant: civitas
DEBUG 2026-08-27 20:26:24,000 middleware [JWTMiddleware] 🔍 Processing request: /api/news/v1/news/
DEBUG 2026-08-27 20:26:24,001 middleware [TenantMiddleware] 🔍 Processing request: /api/news/v1/news/
DEBUG 2026-08-27 20:26:24,001 middleware [JWTMiddleware] 🔍 Is public route: True
DEBUG 2026-08-27 20:26:24,001 middleware [TenantMiddleware] 🔍 Route type: TENANT_PUBLIC
DEBUG 2026-08-27 20:26:24,001 middleware [JWTMiddleware] 🔍 Is authenticated route: False
DEBUG 2026-08-27 20:26:24,001 middleware [TenantMiddleware] 🔍 API Version: v1
DEBUG 2026-08-27 20:26:24,002 middleware [JWTMiddleware] 🔍 Is admin route: False
DEBUG 2026-08-27 20:26:24,002 middleware [MultiTenant] Cache hit pour civitas -> civitas (civitas)
DEBUG 2026-08-27 20:26:24,002 middleware [Auth] 🌐 Accès à la route publique : /api/news/v1/news/
DEBUG 2026-08-27 20:26:24,002 middleware [MultiTenant] 🌐 Tenant résolu : civitas pour /api/news/v1/news/
DEBUG 2026-08-27 20:26:24,007 middleware [MultiTenant] 🌐 Route TENANT_PUBLIC : /api/news/v1/news/ | Tenant: civitas
DEBUG 2026-08-27 20:26:24,007 middleware [JWTMiddleware] 🔍 Processing request: /api/news/v1/news/
DEBUG 2026-08-27 20:26:24,007 middleware [JWTMiddleware] 🔍 Is public route: True
DEBUG 2026-08-27 20:26:24,008 middleware [JWTMiddleware] 🔍 Is authenticated route: False
DEBUG 2026-08-27 20:26:24,008 middleware [JWTMiddleware] 🔍 Is admin route: False
DEBUG 2026-08-27 20:26:24,008 middleware [Auth] 🌐 Accès à la route publique : /api/news/v1/news/
DEBUG 2026-08-27 20:26:32,192 middleware [TenantMiddleware] 🔍 Processing request: /api/news/v1/news/24/reactions/
DEBUG 2026-08-27 20:26:32,193 middleware [TenantMiddleware] 🔍 Route type: TENANT_PUBLIC
DEBUG 2026-08-27 20:26:32,193 middleware [TenantMiddleware] 🔍 API Version: v1
DEBUG 2026-08-27 20:26:32,193 middleware [MultiTenant] Cache hit pour civitas -> civitas (civitas)
DEBUG 2026-08-27 20:26:32,193 middleware [MultiTenant] 🌐 Tenant résolu : civitas pour /api/news/v1/news/24/reactions/
DEBUG 2026-08-27 20:26:32,193 middleware [MultiTenant] 🌐 Route TENANT_PUBLIC : /api/news/v1/news/24/reactions/ | Tenant: civitas
DEBUG 2026-08-27 20:26:32,193 middleware [JWTMiddleware] 🔍 Processing request: /api/news/v1/news/24/reactions/
DEBUG 2026-08-27 20:26:32,194 middleware [JWTMiddleware] 🔍 Is public route: True
DEBUG 2026-08-27 20:26:32,194 middleware [JWTMiddleware] 🔍 Is authenticated route: False
DEBUG 2026-08-27 20:26:32,194 middleware [JWTMiddleware] 🔍 Is admin route: False
DEBUG 2026-08-27 20:26:32,194 middleware [Auth] 🌐 Accès à la route publique : /api/news/v1/news/24/reactions/
WARNING 2026-08-27 20:26:32,264 log Forbidden: /api/news/v1/news/24/reactions/
WARNING 2026-08-27 20:26:32,264 basehttp "POST /api/news/v1/news/24/reactions/ HTTP/1.1" 403 58
DEBUG 2026-08-27 20:28:49,772 middleware [TenantMiddleware] 🔍 Processing request: /api/news/v1/news/
DEBUG 2026-08-27 20:28:49,773 middleware [TenantMiddleware] 🔍 Processing request: /api/news/v1/news/
DEBUG 2026-08-27 20:28:49,773 middleware [TenantMiddleware] 🔍 Route type: TENANT_PUBLIC
DEBUG 2026-08-27 20:28:49,773 middleware [TenantMiddleware] 🔍 Route type: TENANT_PUBLIC
DEBUG 2026-08-27 20:28:49,774 middleware [TenantMiddleware] 🔍 API Version: v1
DEBUG 2026-08-27 20:28:49,774 middleware [TenantMiddleware] 🔍 API Version: v1
DEBUG 2026-08-27 20:28:49,777 middleware [TenantMiddleware] 🔍 Processing request: /api/notifications/v1/notifications/
DEBUG 2026-08-27 20:28:49,778 middleware [TenantMiddleware] 🔍 Route type: AUTHENTICATED
DEBUG 2026-08-27 20:28:49,779 middleware [TenantMiddleware] 🔍 API Version: v1
DEBUG 2026-08-27 20:28:49,791 middleware [MultiTenant] Tenant trouvé par domaine complet : civitas -> civitas
DEBUG 2026-08-27 20:28:49,791 middleware [MultiTenant] 🌐 Tenant résolu : civitas pour /api/news/v1/news/
DEBUG 2026-08-27 20:28:49,791 middleware [MultiTenant] 🌐 Route TENANT_PUBLIC : /api/news/v1/news/ | Tenant: civitas
DEBUG 2026-08-27 20:28:49,791 middleware [JWTMiddleware] 🔍 Processing request: /api/news/v1/news/
DEBUG 2026-08-27 20:28:49,791 middleware [JWTMiddleware] 🔍 Is public route: True
DEBUG 2026-08-27 20:28:49,792 middleware [JWTMiddleware] 🔍 Is authenticated route: False
DEBUG 2026-08-27 20:28:49,792 middleware [JWTMiddleware] 🔍 Is admin route: False
DEBUG 2026-08-27 20:28:49,792 middleware [Auth] 🌐 Accès à la route publique : /api/news/v1/news/
DEBUG 2026-08-27 20:28:49,815 middleware [MultiTenant] Tenant trouvé par domaine complet : civitas -> civitas
DEBUG 2026-08-27 20:28:49,817 middleware [MultiTenant] Tenant trouvé par domaine complet : civitas -> civitas
DEBUG 2026-08-27 20:28:49,817 middleware [MultiTenant] 🌐 Tenant résolu : civitas pour /api/notifications/v1/notifications/
DEBUG 2026-08-27 20:28:49,818 middleware [MultiTenant] 🌐 Tenant résolu : civitas pour /api/news/v1/news/
DEBUG 2026-08-27 20:28:49,818 middleware [MultiTenant] 🔐 Route AUTHENTICATED : /api/notifications/v1/notifications/ | Tenant: civitas
DEBUG 2026-08-27 20:28:49,818 middleware [MultiTenant] 🌐 Route TENANT_PUBLIC : /api/news/v1/news/ | Tenant: civitas
DEBUG 2026-08-27 20:28:49,818 middleware [JWTMiddleware] 🔍 Processing request: /api/notifications/v1/notifications/
DEBUG 2026-08-27 20:28:49,819 middleware [JWTMiddleware] 🔍 Processing request: /api/news/v1/news/
DEBUG 2026-08-27 20:28:49,819 middleware [JWTMiddleware] 🔍 Is public route: False
DEBUG 2026-08-27 20:28:49,819 middleware [JWTMiddleware] 🔍 Is public route: True
DEBUG 2026-08-27 20:28:49,819 middleware [JWTMiddleware] 🔍 Is authenticated route: True
DEBUG 2026-08-27 20:28:49,820 middleware [JWTMiddleware] 🔍 Is authenticated route: False
DEBUG 2026-08-27 20:28:49,820 middleware [JWTMiddleware] 🔍 Is admin route: False
DEBUG 2026-08-27 20:28:49,820 middleware [JWTMiddleware] 🔍 Is admin route: False
DEBUG 2026-08-27 20:28:49,820 middleware [Auth] Aucun token trouvé dans la requête
DEBUG 2026-08-27 20:28:49,821 middleware [Auth] 🌐 Accès à la route publique : /api/news/v1/news/
WARNING 2026-08-27 20:28:49,821 middleware [Auth] ⚠️ Authentification requise pour : /api/notifications/v1/notifications/
WARNING 2026-08-27 20:28:49,836 log Unauthorized: /api/notifications/v1/notifications/
WARNING 2026-08-27 20:28:49,841 basehttp "GET /api/notifications/v1/notifications/?page=1 HTTP/1.1" 401 110
DEBUG 2026-08-27 20:28:50,072 middleware [TenantMiddleware] 🔍 Processing request: /api/news/v1/news/
DEBUG 2026-08-27 20:28:50,072 middleware [TenantMiddleware] 🔍 Route type: TENANT_PUBLIC
DEBUG 2026-08-27 20:28:50,072 middleware [TenantMiddleware] 🔍 API Version: v1
DEBUG 2026-08-27 20:28:50,075 middleware [MultiTenant] Cache hit pour civitas -> civitas (civitas)
DEBUG 2026-08-27 20:28:50,075 middleware [MultiTenant] 🌐 Tenant résolu : civitas pour /api/news/v1/news/
DEBUG 2026-08-27 20:28:50,076 middleware [MultiTenant] 🌐 Route TENANT_PUBLIC : /api/news/v1/news/ | Tenant: civitas
DEBUG 2026-08-27 20:28:50,076 middleware [JWTMiddleware] 🔍 Processing request: /api/news/v1/news/
DEBUG 2026-08-27 20:28:50,076 middleware [JWTMiddleware] 🔍 Is public route: True
DEBUG 2026-08-27 20:28:50,077 middleware [JWTMiddleware] 🔍 Is authenticated route: False
DEBUG 2026-08-27 20:28:50,077 middleware [JWTMiddleware] 🔍 Is admin route: False
DEBUG 2026-08-27 20:28:50,077 middleware [Auth] 🌐 Accès à la route publique : /api/news/v1/news/
DEBUG 2026-08-27 20:28:50,084 middleware [TenantMiddleware] 🔍 Processing request: /api/news/v1/news/
DEBUG 2026-08-27 20:28:50,085 middleware [TenantMiddleware] 🔍 Route type: TENANT_PUBLIC
DEBUG 2026-08-27 20:28:50,085 middleware [TenantMiddleware] 🔍 API Version: v1
DEBUG 2026-08-27 20:28:50,085 middleware [MultiTenant] Cache hit pour civitas -> civitas (civitas)
DEBUG 2026-08-27 20:28:50,085 middleware [MultiTenant] 🌐 Tenant résolu : civitas pour /api/news/v1/news/
DEBUG 2026-08-27 20:28:50,085 middleware [MultiTenant] 🌐 Route TENANT_PUBLIC : /api/news/v1/news/ | Tenant: civitas
DEBUG 2026-08-27 20:28:50,086 middleware [JWTMiddleware] 🔍 Processing request: /api/news/v1/news/
DEBUG 2026-08-27 20:28:50,086 middleware [JWTMiddleware] 🔍 Is public route: True
DEBUG 2026-08-27 20:28:50,086 middleware [JWTMiddleware] 🔍 Is authenticated route: False
DEBUG 2026-08-27 20:28:50,086 middleware [JWTMiddleware] 🔍 Is admin route: False
DEBUG 2026-08-27 20:28:50,086 middleware [Auth] 🌐 Accès à la route publique : /api/news/v1/news/
DEBUG 2026-08-27 20:28:50,131 middleware [TenantMiddleware] 🔍 Processing request: /api/news/v1/news/
DEBUG 2026-08-27 20:28:50,132 middleware [TenantMiddleware] 🔍 Route type: TENANT_PUBLIC
DEBUG 2026-08-27 20:28:50,132 middleware [TenantMiddleware] 🔍 API Version: v1
DEBUG 2026-08-27 20:28:50,132 middleware [MultiTenant] Cache hit pour civitas -> civitas (civitas)
DEBUG 2026-08-27 20:28:50,132 middleware [MultiTenant] 🌐 Tenant résolu : civitas pour /api/news/v1/news/
DEBUG 2026-08-27 20:28:50,132 middleware [MultiTenant] 🌐 Route TENANT_PUBLIC : /api/news/v1/news/ | Tenant: civitas
DEBUG 2026-08-27 20:28:50,134 middleware [JWTMiddleware] 🔍 Processing request: /api/news/v1/news/
DEBUG 2026-08-27 20:28:50,136 middleware [JWTMiddleware] 🔍 Is public route: True
DEBUG 2026-08-27 20:28:50,137 middleware [TenantMiddleware] 🔍 Processing request: /api/news/v1/news/
DEBUG 2026-08-27 20:28:50,143 middleware [JWTMiddleware] 🔍 Is authenticated route: False
DEBUG 2026-08-27 20:28:50,144 middleware [TenantMiddleware] 🔍 Route type: TENANT_PUBLIC
DEBUG 2026-08-27 20:28:50,144 middleware [JWTMiddleware] 🔍 Is admin route: False
DEBUG 2026-08-27 20:28:50,151 middleware [TenantMiddleware] 🔍 API Version: v1
DEBUG 2026-08-27 20:28:50,151 middleware [Auth] 🌐 Accès à la route publique : /api/news/v1/news/
DEBUG 2026-08-27 20:28:50,152 middleware [MultiTenant] Cache hit pour civitas -> civitas (civitas)
DEBUG 2026-08-27 20:28:50,168 middleware [MultiTenant] 🌐 Tenant résolu : civitas pour /api/news/v1/news/
DEBUG 2026-08-27 20:28:50,168 middleware [MultiTenant] 🌐 Route TENANT_PUBLIC : /api/news/v1/news/ | Tenant: civitas
DEBUG 2026-08-27 20:28:50,169 middleware [JWTMiddleware] 🔍 Processing request: /api/news/v1/news/
DEBUG 2026-08-27 20:28:50,169 middleware [JWTMiddleware] 🔍 Is public route: True
DEBUG 2026-08-27 20:28:50,169 middleware [JWTMiddleware] 🔍 Is authenticated route: False
DEBUG 2026-08-27 20:28:50,170 middleware [JWTMiddleware] 🔍 Is admin route: False
DEBUG 2026-08-27 20:28:50,174 middleware [Auth] 🌐 Accès à la route publique : /api/news/v1/news/
DEBUG 2026-08-27 20:28:50,414 middleware [JWTMiddleware] 🔍 Processing request: /media/news/couvertures/LOGO-civitas-news.jpeg
DEBUG 2026-08-27 20:28:50,415 middleware [JWTMiddleware] 🔍 Is public route: True
DEBUG 2026-08-27 20:28:50,417 middleware [JWTMiddleware] 🔍 Is authenticated route: False
DEBUG 2026-08-27 20:28:50,420 middleware [JWTMiddleware] 🔍 Is admin route: False
DEBUG 2026-08-27 20:28:50,421 middleware [Auth] 🌐 Accès à la route publique : /media/news/couvertures/LOGO-civitas-news.jpeg
DEBUG 2026-08-27 20:28:50,533 middleware [JWTMiddleware] 🔍 Processing request: /media/news/couvertures/IMG-20260618-WA0009.jpg
DEBUG 2026-08-27 20:28:50,533 middleware [JWTMiddleware] 🔍 Is public route: True
DEBUG 2026-08-27 20:28:50,534 middleware [JWTMiddleware] 🔍 Is authenticated route: False
DEBUG 2026-08-27 20:28:50,534 middleware [JWTMiddleware] 🔍 Is admin route: False
DEBUG 2026-08-27 20:28:50,534 middleware [Auth] 🌐 Accès à la route publique : /media/news/couvertures/IMG-20260618-WA0009.jpg
DEBUG 2026-08-27 20:28:50,809 middleware [TenantMiddleware] 🔍 Processing request: /api/news/v1/news/
DEBUG 2026-08-27 20:28:50,810 middleware [TenantMiddleware] 🔍 Processing request: /api/news/v1/news/
DEBUG 2026-08-27 20:28:50,810 middleware [TenantMiddleware] 🔍 Route type: TENANT_PUBLIC
DEBUG 2026-08-27 20:28:50,810 middleware [TenantMiddleware] 🔍 Route type: TENANT_PUBLIC
DEBUG 2026-08-27 20:28:50,811 middleware [TenantMiddleware] 🔍 API Version: v1
DEBUG 2026-08-27 20:28:50,811 middleware [TenantMiddleware] 🔍 API Version: v1
DEBUG 2026-08-27 20:28:50,811 middleware [MultiTenant] Cache hit pour civitas -> civitas (civitas)
DEBUG 2026-08-27 20:28:50,811 middleware [MultiTenant] Cache hit pour civitas -> civitas (civitas)
DEBUG 2026-08-27 20:28:50,811 middleware [MultiTenant] 🌐 Tenant résolu : civitas pour /api/news/v1/news/
DEBUG 2026-08-27 20:28:50,812 middleware [MultiTenant] 🌐 Tenant résolu : civitas pour /api/news/v1/news/
DEBUG 2026-08-27 20:28:50,812 middleware [MultiTenant] 🌐 Route TENANT_PUBLIC : /api/news/v1/news/ | Tenant: civitas
DEBUG 2026-08-27 20:28:50,812 middleware [MultiTenant] 🌐 Route TENANT_PUBLIC : /api/news/v1/news/ | Tenant: civitas
DEBUG 2026-08-27 20:28:50,812 middleware [JWTMiddleware] 🔍 Processing request: /api/news/v1/news/
DEBUG 2026-08-27 20:28:50,812 middleware [JWTMiddleware] 🔍 Processing request: /api/news/v1/news/
DEBUG 2026-08-27 20:28:50,812 middleware [JWTMiddleware] 🔍 Is public route: True
DEBUG 2026-08-27 20:28:50,813 middleware [JWTMiddleware] 🔍 Is public route: True
DEBUG 2026-08-27 20:28:50,813 middleware [JWTMiddleware] 🔍 Is authenticated route: False
DEBUG 2026-08-27 20:28:50,813 middleware [JWTMiddleware] 🔍 Is authenticated route: False
DEBUG 2026-08-27 20:28:50,813 middleware [JWTMiddleware] 🔍 Is admin route: False
DEBUG 2026-08-27 20:28:50,813 middleware [JWTMiddleware] 🔍 Is admin route: False
DEBUG 2026-08-27 20:28:50,813 middleware [Auth] 🌐 Accès à la route publique : /api/news/v1/news/
DEBUG 2026-08-27 20:28:50,814 middleware [Auth] 🌐 Accès à la route publique : /api/news/v1/news/
DEBUG 2026-08-27 20:28:53,791 middleware [TenantMiddleware] 🔍 Processing request: /api/news/v1/news/24/reactions/
DEBUG 2026-08-27 20:28:53,791 middleware [TenantMiddleware] 🔍 Route type: TENANT_PUBLIC
DEBUG 2026-08-27 20:28:53,791 middleware [TenantMiddleware] 🔍 API Version: v1
DEBUG 2026-08-27 20:28:53,792 middleware [MultiTenant] Cache hit pour civitas -> civitas (civitas)
DEBUG 2026-08-27 20:28:53,792 middleware [MultiTenant] 🌐 Tenant résolu : civitas pour /api/news/v1/news/24/reactions/
DEBUG 2026-08-27 20:28:53,793 middleware [MultiTenant] 🌐 Route TENANT_PUBLIC : /api/news/v1/news/24/reactions/ | Tenant: civitas
DEBUG 2026-08-27 20:28:53,793 middleware [JWTMiddleware] 🔍 Processing request: /api/news/v1/news/24/reactions/
DEBUG 2026-08-27 20:28:53,793 middleware [JWTMiddleware] 🔍 Is public route: True
DEBUG 2026-08-27 20:28:53,794 middleware [JWTMiddleware] 🔍 Is authenticated route: False
DEBUG 2026-08-27 20:28:53,794 middleware [JWTMiddleware] 🔍 Is admin route: False
DEBUG 2026-08-27 20:28:53,795 middleware [Auth] 🌐 Accès à la route publique : /api/news/v1/news/24/reactions/
WARNING 2026-08-27 20:28:53,896 log Forbidden: /api/news/v1/news/24/reactions/
WARNING 2026-08-27 20:28:53,897 basehttp "POST /api/news/v1/news/24/reactions/ HTTP/1.1" 403 68
DEBUG 2026-08-27 20:29:04,012 middleware [TenantMiddleware] 🔍 Processing request: /api/news/v1/news/
DEBUG 2026-08-27 20:29:04,012 middleware [TenantMiddleware] 🔍 Processing request: /api/news/v1/news/
DEBUG 2026-08-27 20:29:04,012 middleware [TenantMiddleware] 🔍 Route type: TENANT_PUBLIC
DEBUG 2026-08-27 20:29:04,013 middleware [TenantMiddleware] 🔍 Route type: TENANT_PUBLIC
DEBUG 2026-08-27 20:29:04,013 middleware [TenantMiddleware] 🔍 API Version: v1
DEBUG 2026-08-27 20:29:04,013 middleware [TenantMiddleware] 🔍 API Version: v1
DEBUG 2026-08-27 20:29:04,013 middleware [MultiTenant] Cache hit pour civitas -> civitas (civitas)
DEBUG 2026-08-27 20:29:04,014 middleware [MultiTenant] Cache hit pour civitas -> civitas (civitas)
DEBUG 2026-08-27 20:29:04,015 middleware [MultiTenant] 🌐 Tenant résolu : civitas pour /api/news/v1/news/
DEBUG 2026-08-27 20:29:04,015 middleware [MultiTenant] 🌐 Tenant résolu : civitas pour /api/news/v1/news/
DEBUG 2026-08-27 20:29:04,015 middleware [MultiTenant] 🌐 Route TENANT_PUBLIC : /api/news/v1/news/ | Tenant: civitas
DEBUG 2026-08-27 20:29:04,015 middleware [MultiTenant] 🌐 Route TENANT_PUBLIC : /api/news/v1/news/ | Tenant: civitas
DEBUG 2026-08-27 20:29:04,016 middleware [JWTMiddleware] 🔍 Processing request: /api/news/v1/news/
DEBUG 2026-08-27 20:29:04,016 middleware [JWTMiddleware] 🔍 Processing request: /api/news/v1/news/
DEBUG 2026-08-27 20:29:04,016 middleware [JWTMiddleware] 🔍 Is public route: True
DEBUG 2026-08-27 20:29:04,016 middleware [JWTMiddleware] 🔍 Is public route: True
DEBUG 2026-08-27 20:29:04,017 middleware [JWTMiddleware] 🔍 Is authenticated route: False
DEBUG 2026-08-27 20:29:04,017 middleware [JWTMiddleware] 🔍 Is authenticated route: False
DEBUG 2026-08-27 20:29:04,017 middleware [JWTMiddleware] 🔍 Is admin route: False
DEBUG 2026-08-27 20:29:04,017 middleware [JWTMiddleware] 🔍 Is admin route: False
DEBUG 2026-08-27 20:29:04,018 middleware [Auth] 🌐 Accès à la route publique : /api/news/v1/news/
DEBUG 2026-08-27 20:29:04,018 middleware [Auth] 🌐 Accès à la route publique : /api/news/v1/news/
DEBUG 2026-08-27 20:29:04,024 middleware [TenantMiddleware] 🔍 Processing request: /api/notifications/v1/notifications/
DEBUG 2026-08-27 20:29:04,028 middleware [TenantMiddleware] 🔍 Route type: AUTHENTICATED
DEBUG 2026-08-27 20:29:04,029 middleware [TenantMiddleware] 🔍 API Version: v1
DEBUG 2026-08-27 20:29:04,029 middleware [MultiTenant] Cache hit pour civitas -> civitas (civitas)
DEBUG 2026-08-27 20:29:04,029 middleware [MultiTenant] 🌐 Tenant résolu : civitas pour /api/notifications/v1/notifications/
DEBUG 2026-08-27 20:29:04,029 middleware [MultiTenant] 🔐 Route AUTHENTICATED : /api/notifications/v1/notifications/ | Tenant: civitas
DEBUG 2026-08-27 20:29:04,029 middleware [JWTMiddleware] 🔍 Processing request: /api/notifications/v1/notifications/
DEBUG 2026-08-27 20:29:04,029 middleware [JWTMiddleware] 🔍 Is public route: False
DEBUG 2026-08-27 20:29:04,030 middleware [JWTMiddleware] 🔍 Is authenticated route: True
DEBUG 2026-08-27 20:29:04,030 middleware [JWTMiddleware] 🔍 Is admin route: False
DEBUG 2026-08-27 20:29:04,030 middleware [Auth] Aucun token trouvé dans la requête
WARNING 2026-08-27 20:29:04,030 middleware [Auth] ⚠️ Authentification requise pour : /api/notifications/v1/notifications/
WARNING 2026-08-27 20:29:04,031 log Unauthorized: /api/notifications/v1/notifications/
WARNING 2026-08-27 20:29:04,031 basehttp "GET /api/notifications/v1/notifications/?page=1 HTTP/1.1" 401 110
DEBUG 2026-08-27 20:29:04,302 middleware [TenantMiddleware] 🔍 Processing request: /api/news/v1/news/
DEBUG 2026-08-27 20:29:04,302 middleware [TenantMiddleware] 🔍 Route type: TENANT_PUBLIC
DEBUG 2026-08-27 20:29:04,302 middleware [TenantMiddleware] 🔍 API Version: v1
DEBUG 2026-08-27 20:29:04,303 middleware [MultiTenant] Cache hit pour civitas -> civitas (civitas)
DEBUG 2026-08-27 20:29:04,303 middleware [MultiTenant] 🌐 Tenant résolu : civitas pour /api/news/v1/news/
DEBUG 2026-08-27 20:29:04,303 middleware [MultiTenant] 🌐 Route TENANT_PUBLIC : /api/news/v1/news/ | Tenant: civitas
DEBUG 2026-08-27 20:29:04,304 middleware [TenantMiddleware] 🔍 Processing request: /api/news/v1/news/
DEBUG 2026-08-27 20:29:04,304 middleware [JWTMiddleware] 🔍 Processing request: /api/news/v1/news/
DEBUG 2026-08-27 20:29:04,304 middleware [TenantMiddleware] 🔍 Route type: TENANT_PUBLIC
DEBUG 2026-08-27 20:29:04,305 middleware [JWTMiddleware] 🔍 Is public route: True
DEBUG 2026-08-27 20:29:04,305 middleware [TenantMiddleware] 🔍 API Version: v1
DEBUG 2026-08-27 20:29:04,305 middleware [JWTMiddleware] 🔍 Is authenticated route: False
DEBUG 2026-08-27 20:29:04,306 middleware [MultiTenant] Cache hit pour civitas -> civitas (civitas)
DEBUG 2026-08-27 20:29:04,306 middleware [JWTMiddleware] 🔍 Is admin route: False
DEBUG 2026-08-27 20:29:04,307 middleware [MultiTenant] 🌐 Tenant résolu : civitas pour /api/news/v1/news/
DEBUG 2026-08-27 20:29:04,307 middleware [Auth] 🌐 Accès à la route publique : /api/news/v1/news/
DEBUG 2026-08-27 20:29:04,307 middleware [MultiTenant] 🌐 Route TENANT_PUBLIC : /api/news/v1/news/ | Tenant: civitas
DEBUG 2026-08-27 20:29:04,314 middleware [JWTMiddleware] 🔍 Processing request: /api/news/v1/news/
DEBUG 2026-08-27 20:29:04,315 middleware [JWTMiddleware] 🔍 Is public route: True
DEBUG 2026-08-27 20:29:04,315 middleware [JWTMiddleware] 🔍 Is authenticated route: False
DEBUG 2026-08-27 20:29:04,315 middleware [JWTMiddleware] 🔍 Is admin route: False
DEBUG 2026-08-27 20:29:04,315 middleware [Auth] 🌐 Accès à la route publique : /api/news/v1/news/
DEBUG 2026-08-27 20:29:04,415 middleware [TenantMiddleware] 🔍 Processing request: /api/news/v1/news/
DEBUG 2026-08-27 20:29:04,417 middleware [TenantMiddleware] 🔍 Route type: TENANT_PUBLIC
DEBUG 2026-08-27 20:29:04,422 middleware [TenantMiddleware] 🔍 API Version: v1
DEBUG 2026-08-27 20:29:04,425 middleware [TenantMiddleware] 🔍 Processing request: /api/news/v1/news/
DEBUG 2026-08-27 20:29:04,427 middleware [MultiTenant] Cache hit pour civitas -> civitas (civitas)
DEBUG 2026-08-27 20:29:04,429 middleware [TenantMiddleware] 🔍 Route type: TENANT_PUBLIC
DEBUG 2026-08-27 20:29:04,430 middleware [MultiTenant] 🌐 Tenant résolu : civitas pour /api/news/v1/news/
DEBUG 2026-08-27 20:29:04,431 middleware [TenantMiddleware] 🔍 API Version: v1
DEBUG 2026-08-27 20:29:04,432 middleware [MultiTenant] 🌐 Route TENANT_PUBLIC : /api/news/v1/news/ | Tenant: civitas
DEBUG 2026-08-27 20:29:04,436 middleware [JWTMiddleware] 🔍 Processing request: /api/news/v1/news/
DEBUG 2026-08-27 20:29:04,437 middleware [JWTMiddleware] 🔍 Is public route: True
DEBUG 2026-08-27 20:29:04,437 middleware [JWTMiddleware] 🔍 Is authenticated route: False
DEBUG 2026-08-27 20:29:04,432 middleware [MultiTenant] Cache hit pour civitas -> civitas (civitas)
DEBUG 2026-08-27 20:29:04,438 middleware [JWTMiddleware] 🔍 Is admin route: False
DEBUG 2026-08-27 20:29:04,439 middleware [MultiTenant] 🌐 Tenant résolu : civitas pour /api/news/v1/news/
DEBUG 2026-08-27 20:29:04,441 middleware [Auth] 🌐 Accès à la route publique : /api/news/v1/news/
DEBUG 2026-08-27 20:29:04,441 middleware [MultiTenant] 🌐 Route TENANT_PUBLIC : /api/news/v1/news/ | Tenant: civitas
DEBUG 2026-08-27 20:29:04,455 middleware [JWTMiddleware] 🔍 Processing request: /api/news/v1/news/
DEBUG 2026-08-27 20:29:04,455 middleware [JWTMiddleware] 🔍 Is public route: True
DEBUG 2026-08-27 20:29:04,455 middleware [JWTMiddleware] 🔍 Is authenticated route: False
DEBUG 2026-08-27 20:29:04,461 middleware [JWTMiddleware] 🔍 Is admin route: False
DEBUG 2026-08-27 20:29:04,463 middleware [Auth] 🌐 Accès à la route publique : /api/news/v1/news/
DEBUG 2026-08-27 20:29:05,298 middleware [TenantMiddleware] 🔍 Processing request: /api/news/v1/news/
DEBUG 2026-08-27 20:29:05,299 middleware [TenantMiddleware] 🔍 Processing request: /api/news/v1/news/
DEBUG 2026-08-27 20:29:05,299 middleware [TenantMiddleware] 🔍 Route type: TENANT_PUBLIC
DEBUG 2026-08-27 20:29:05,299 middleware [TenantMiddleware] 🔍 Route type: TENANT_PUBLIC
DEBUG 2026-08-27 20:29:05,299 middleware [TenantMiddleware] 🔍 API Version: v1
DEBUG 2026-08-27 20:29:05,299 middleware [TenantMiddleware] 🔍 API Version: v1
DEBUG 2026-08-27 20:29:05,300 middleware [MultiTenant] Cache hit pour civitas -> civitas (civitas)
DEBUG 2026-08-27 20:29:05,300 middleware [MultiTenant] Cache hit pour civitas -> civitas (civitas)
DEBUG 2026-08-27 20:29:05,300 middleware [MultiTenant] 🌐 Tenant résolu : civitas pour /api/news/v1/news/
DEBUG 2026-08-27 20:29:05,301 middleware [MultiTenant] 🌐 Tenant résolu : civitas pour /api/news/v1/news/
DEBUG 2026-08-27 20:29:05,301 middleware [MultiTenant] 🌐 Route TENANT_PUBLIC : /api/news/v1/news/ | Tenant: civitas
DEBUG 2026-08-27 20:29:05,301 middleware [MultiTenant] 🌐 Route TENANT_PUBLIC : /api/news/v1/news/ | Tenant: civitas
DEBUG 2026-08-27 20:29:05,301 middleware [JWTMiddleware] 🔍 Processing request: /api/news/v1/news/
DEBUG 2026-08-27 20:29:05,301 middleware [JWTMiddleware] 🔍 Processing request: /api/news/v1/news/
DEBUG 2026-08-27 20:29:05,302 middleware [JWTMiddleware] 🔍 Is public route: True
DEBUG 2026-08-27 20:29:05,302 middleware [JWTMiddleware] 🔍 Is public route: True
DEBUG 2026-08-27 20:29:05,302 middleware [JWTMiddleware] 🔍 Is authenticated route: False
DEBUG 2026-08-27 20:29:05,302 middleware [JWTMiddleware] 🔍 Is authenticated route: False
DEBUG 2026-08-27 20:29:05,302 middleware [JWTMiddleware] 🔍 Is admin route: False
DEBUG 2026-08-27 20:29:05,302 middleware [JWTMiddleware] 🔍 Is admin route: False
DEBUG 2026-08-27 20:29:05,303 middleware [Auth] 🌐 Accès à la route publique : /api/news/v1/news/
DEBUG 2026-08-27 20:29:05,303 middleware [Auth] 🌐 Accès à la route publique : /api/news/v1/news/
DEBUG 2026-08-27 20:29:08,257 middleware [TenantMiddleware] 🔍 Processing request: /api/news/v1/news/24/reactions/
DEBUG 2026-08-27 20:29:08,257 middleware [TenantMiddleware] 🔍 Route type: TENANT_PUBLIC
DEBUG 2026-08-27 20:29:08,258 middleware [TenantMiddleware] 🔍 API Version: v1
DEBUG 2026-08-27 20:29:08,259 middleware [MultiTenant] Cache hit pour civitas -> civitas (civitas)
DEBUG 2026-08-27 20:29:08,259 middleware [MultiTenant] 🌐 Tenant résolu : civitas pour /api/news/v1/news/24/reactions/
DEBUG 2026-08-27 20:29:08,260 middleware [MultiTenant] 🌐 Route TENANT_PUBLIC : /api/news/v1/news/24/reactions/ | Tenant: civitas
DEBUG 2026-08-27 20:29:08,260 middleware [JWTMiddleware] 🔍 Processing request: /api/news/v1/news/24/reactions/
DEBUG 2026-08-27 20:29:08,261 middleware [JWTMiddleware] 🔍 Is public route: True
DEBUG 2026-08-27 20:29:08,261 middleware [JWTMiddleware] 🔍 Is authenticated route: False
DEBUG 2026-08-27 20:29:08,261 middleware [JWTMiddleware] 🔍 Is admin route: False
DEBUG 2026-08-27 20:29:08,262 middleware [Auth] 🌐 Accès à la route publique : /api/news/v1/news/24/reactions/
WARNING 2026-08-27 20:29:08,389 log Forbidden: /api/news/v1/news/24/reactions/
WARNING 2026-08-27 20:29:08,390 basehttp "POST /api/news/v1/news/24/reactions/ HTTP/1.1" 403 68
DEBUG 2026-08-27 20:29:37,704 middleware [TenantMiddleware] 🔍 Processing request: /api/news/v1/news/
DEBUG 2026-08-27 20:29:37,704 middleware [TenantMiddleware] 🔍 Processing request: /api/news/v1/news/
DEBUG 2026-08-27 20:29:37,704 middleware [TenantMiddleware] 🔍 Route type: TENANT_PUBLIC
DEBUG 2026-08-27 20:29:37,705 middleware [TenantMiddleware] 🔍 Route type: TENANT_PUBLIC
DEBUG 2026-08-27 20:29:37,705 middleware [TenantMiddleware] 🔍 API Version: v1
DEBUG 2026-08-27 20:29:37,705 middleware [TenantMiddleware] 🔍 API Version: v1
DEBUG 2026-08-27 20:29:37,705 middleware [MultiTenant] Cache hit pour civitas -> civitas (civitas)
DEBUG 2026-08-27 20:29:37,706 middleware [MultiTenant] Cache hit pour civitas -> civitas (civitas)
DEBUG 2026-08-27 20:29:37,707 middleware [TenantMiddleware] 🔍 Processing request: /api/notifications/v1/notifications/
DEBUG 2026-08-27 20:29:37,707 middleware [MultiTenant] 🌐 Tenant résolu : civitas pour /api/news/v1/news/
DEBUG 2026-08-27 20:29:37,707 middleware [MultiTenant] 🌐 Tenant résolu : civitas pour /api/news/v1/news/
DEBUG 2026-08-27 20:29:37,708 middleware [TenantMiddleware] 🔍 Route type: AUTHENTICATED
DEBUG 2026-08-27 20:29:37,708 middleware [MultiTenant] 🌐 Route TENANT_PUBLIC : /api/news/v1/news/ | Tenant: civitas
DEBUG 2026-08-27 20:29:37,708 middleware [MultiTenant] 🌐 Route TENANT_PUBLIC : /api/news/v1/news/ | Tenant: civitas
DEBUG 2026-08-27 20:29:37,708 middleware [TenantMiddleware] 🔍 API Version: v1
DEBUG 2026-08-27 20:29:37,708 middleware [JWTMiddleware] 🔍 Processing request: /api/news/v1/news/
DEBUG 2026-08-27 20:29:37,708 middleware [JWTMiddleware] 🔍 Processing request: /api/news/v1/news/
DEBUG 2026-08-27 20:29:37,709 middleware [MultiTenant] Cache hit pour civitas -> civitas (civitas)
DEBUG 2026-08-27 20:29:37,709 middleware [JWTMiddleware] 🔍 Is public route: True
DEBUG 2026-08-27 20:29:37,709 middleware [JWTMiddleware] 🔍 Is public route: True
DEBUG 2026-08-27 20:29:37,709 middleware [MultiTenant] 🌐 Tenant résolu : civitas pour /api/notifications/v1/notifications/
DEBUG 2026-08-27 20:29:37,710 middleware [JWTMiddleware] 🔍 Is authenticated route: False
DEBUG 2026-08-27 20:29:37,710 middleware [JWTMiddleware] 🔍 Is authenticated route: False
DEBUG 2026-08-27 20:29:37,710 middleware [MultiTenant] 🔐 Route AUTHENTICATED : /api/notifications/v1/notifications/ | Tenant: civitas
DEBUG 2026-08-27 20:29:37,710 middleware [JWTMiddleware] 🔍 Is admin route: False
DEBUG 2026-08-27 20:29:37,710 middleware [JWTMiddleware] 🔍 Is admin route: False
DEBUG 2026-08-27 20:29:37,711 middleware [JWTMiddleware] 🔍 Processing request: /api/notifications/v1/notifications/
DEBUG 2026-08-27 20:29:37,711 middleware [Auth] 🌐 Accès à la route publique : /api/news/v1/news/
DEBUG 2026-08-27 20:29:37,711 middleware [Auth] 🌐 Accès à la route publique : /api/news/v1/news/
DEBUG 2026-08-27 20:29:37,711 middleware [JWTMiddleware] 🔍 Is public route: False
DEBUG 2026-08-27 20:29:37,722 middleware [JWTMiddleware] 🔍 Is authenticated route: True
DEBUG 2026-08-27 20:29:37,722 middleware [JWTMiddleware] 🔍 Is admin route: False
DEBUG 2026-08-27 20:29:37,722 middleware [Auth] Aucun token trouvé dans la requête
WARNING 2026-08-27 20:29:37,722 middleware [Auth] ⚠️ Authentification requise pour : /api/notifications/v1/notifications/
WARNING 2026-08-27 20:29:37,723 log Unauthorized: /api/notifications/v1/notifications/
WARNING 2026-08-27 20:29:37,723 basehttp "GET /api/notifications/v1/notifications/?page=1 HTTP/1.1" 401 110
DEBUG 2026-08-27 20:29:37,992 middleware [TenantMiddleware] 🔍 Processing request: /api/news/v1/news/
DEBUG 2026-08-27 20:29:37,993 middleware [TenantMiddleware] 🔍 Route type: TENANT_PUBLIC
DEBUG 2026-08-27 20:29:37,993 middleware [TenantMiddleware] 🔍 API Version: v1
DEBUG 2026-08-27 20:29:37,995 middleware [MultiTenant] Cache hit pour civitas -> civitas (civitas)
DEBUG 2026-08-27 20:29:37,997 middleware [MultiTenant] 🌐 Tenant résolu : civitas pour /api/news/v1/news/
DEBUG 2026-08-27 20:29:37,998 middleware [MultiTenant] 🌐 Route TENANT_PUBLIC : /api/news/v1/news/ | Tenant: civitas
DEBUG 2026-08-27 20:29:37,998 middleware [JWTMiddleware] 🔍 Processing request: /api/news/v1/news/
DEBUG 2026-08-27 20:29:37,998 middleware [JWTMiddleware] 🔍 Is public route: True
DEBUG 2026-08-27 20:29:37,998 middleware [JWTMiddleware] 🔍 Is authenticated route: False
DEBUG 2026-08-27 20:29:37,999 middleware [JWTMiddleware] 🔍 Is admin route: False
DEBUG 2026-08-27 20:29:38,000 middleware [TenantMiddleware] 🔍 Processing request: /api/news/v1/news/
DEBUG 2026-08-27 20:29:38,000 middleware [Auth] 🌐 Accès à la route publique : /api/news/v1/news/
DEBUG 2026-08-27 20:29:38,000 middleware [TenantMiddleware] 🔍 Route type: TENANT_PUBLIC
DEBUG 2026-08-27 20:29:38,007 middleware [TenantMiddleware] 🔍 API Version: v1
DEBUG 2026-08-27 20:29:38,007 middleware [MultiTenant] Cache hit pour civitas -> civitas (civitas)
DEBUG 2026-08-27 20:29:38,008 middleware [MultiTenant] 🌐 Tenant résolu : civitas pour /api/news/v1/news/
DEBUG 2026-08-27 20:29:38,008 middleware [MultiTenant] 🌐 Route TENANT_PUBLIC : /api/news/v1/news/ | Tenant: civitas
DEBUG 2026-08-27 20:29:38,008 middleware [JWTMiddleware] 🔍 Processing request: /api/news/v1/news/
DEBUG 2026-08-27 20:29:38,008 middleware [JWTMiddleware] 🔍 Is public route: True
DEBUG 2026-08-27 20:29:38,008 middleware [JWTMiddleware] 🔍 Is authenticated route: False
DEBUG 2026-08-27 20:29:38,009 middleware [JWTMiddleware] 🔍 Is admin route: False
DEBUG 2026-08-27 20:29:38,009 middleware [Auth] 🌐 Accès à la route publique : /api/news/v1/news/
DEBUG 2026-08-27 20:29:38,056 middleware [TenantMiddleware] 🔍 Processing request: /api/news/v1/news/
DEBUG 2026-08-27 20:29:38,057 middleware [TenantMiddleware] 🔍 Route type: TENANT_PUBLIC
DEBUG 2026-08-27 20:29:38,057 middleware [TenantMiddleware] 🔍 API Version: v1
DEBUG 2026-08-27 20:29:38,058 middleware [MultiTenant] Cache hit pour civitas -> civitas (civitas)
DEBUG 2026-08-27 20:29:38,059 middleware [MultiTenant] 🌐 Tenant résolu : civitas pour /api/news/v1/news/
DEBUG 2026-08-27 20:29:38,062 middleware [TenantMiddleware] 🔍 Processing request: /api/news/v1/news/
DEBUG 2026-08-27 20:29:38,064 middleware [MultiTenant] 🌐 Route TENANT_PUBLIC : /api/news/v1/news/ | Tenant: civitas
DEBUG 2026-08-27 20:29:38,065 middleware [TenantMiddleware] 🔍 Route type: TENANT_PUBLIC
DEBUG 2026-08-27 20:29:38,065 middleware [JWTMiddleware] 🔍 Processing request: /api/news/v1/news/
DEBUG 2026-08-27 20:29:38,066 middleware [TenantMiddleware] 🔍 API Version: v1
DEBUG 2026-08-27 20:29:38,066 middleware [JWTMiddleware] 🔍 Is public route: True
DEBUG 2026-08-27 20:29:38,075 middleware [MultiTenant] Cache hit pour civitas -> civitas (civitas)
DEBUG 2026-08-27 20:29:38,075 middleware [JWTMiddleware] 🔍 Is authenticated route: False
DEBUG 2026-08-27 20:29:38,076 middleware [MultiTenant] 🌐 Tenant résolu : civitas pour /api/news/v1/news/
DEBUG 2026-08-27 20:29:38,077 middleware [JWTMiddleware] 🔍 Is admin route: False
DEBUG 2026-08-27 20:29:38,078 middleware [MultiTenant] 🌐 Route TENANT_PUBLIC : /api/news/v1/news/ | Tenant: civitas
DEBUG 2026-08-27 20:29:38,079 middleware [Auth] 🌐 Accès à la route publique : /api/news/v1/news/
DEBUG 2026-08-27 20:29:38,079 middleware [JWTMiddleware] 🔍 Processing request: /api/news/v1/news/
DEBUG 2026-08-27 20:29:38,093 middleware [JWTMiddleware] 🔍 Is public route: True
DEBUG 2026-08-27 20:29:38,093 middleware [JWTMiddleware] 🔍 Is authenticated route: False
DEBUG 2026-08-27 20:29:38,093 middleware [JWTMiddleware] 🔍 Is admin route: False
DEBUG 2026-08-27 20:29:38,094 middleware [Auth] 🌐 Accès à la route publique : /api/news/v1/news/
DEBUG 2026-08-27 20:29:38,696 middleware [TenantMiddleware] 🔍 Processing request: /api/news/v1/news/
DEBUG 2026-08-27 20:29:38,696 middleware [TenantMiddleware] 🔍 Processing request: /api/news/v1/news/
DEBUG 2026-08-27 20:29:38,697 middleware [TenantMiddleware] 🔍 Route type: TENANT_PUBLIC
DEBUG 2026-08-27 20:29:38,697 middleware [TenantMiddleware] 🔍 Route type: TENANT_PUBLIC
DEBUG 2026-08-27 20:29:38,697 middleware [TenantMiddleware] 🔍 API Version: v1
DEBUG 2026-08-27 20:29:38,697 middleware [TenantMiddleware] 🔍 API Version: v1
DEBUG 2026-08-27 20:29:38,697 middleware [MultiTenant] Cache hit pour civitas -> civitas (civitas)
DEBUG 2026-08-27 20:29:38,698 middleware [MultiTenant] Cache hit pour civitas -> civitas (civitas)
DEBUG 2026-08-27 20:29:38,698 middleware [MultiTenant] 🌐 Tenant résolu : civitas pour /api/news/v1/news/
DEBUG 2026-08-27 20:29:38,698 middleware [MultiTenant] 🌐 Tenant résolu : civitas pour /api/news/v1/news/
DEBUG 2026-08-27 20:29:38,698 middleware [MultiTenant] 🌐 Route TENANT_PUBLIC : /api/news/v1/news/ | Tenant: civitas
DEBUG 2026-08-27 20:29:38,698 middleware [MultiTenant] 🌐 Route TENANT_PUBLIC : /api/news/v1/news/ | Tenant: civitas
DEBUG 2026-08-27 20:29:38,699 middleware [JWTMiddleware] 🔍 Processing request: /api/news/v1/news/
DEBUG 2026-08-27 20:29:38,699 middleware [JWTMiddleware] 🔍 Processing request: /api/news/v1/news/
DEBUG 2026-08-27 20:29:38,699 middleware [JWTMiddleware] 🔍 Is public route: True
DEBUG 2026-08-27 20:29:38,699 middleware [JWTMiddleware] 🔍 Is public route: True
DEBUG 2026-08-27 20:29:38,699 middleware [JWTMiddleware] 🔍 Is authenticated route: False
DEBUG 2026-08-27 20:29:38,700 middleware [JWTMiddleware] 🔍 Is authenticated route: False
DEBUG 2026-08-27 20:29:38,700 middleware [JWTMiddleware] 🔍 Is admin route: False
DEBUG 2026-08-27 20:29:38,700 middleware [JWTMiddleware] 🔍 Is admin route: False
DEBUG 2026-08-27 20:29:38,700 middleware [Auth] 🌐 Accès à la route publique : /api/news/v1/news/
DEBUG 2026-08-27 20:29:38,700 middleware [Auth] 🌐 Accès à la route publique : /api/news/v1/news/
DEBUG 2026-08-27 20:29:43,673 middleware [TenantMiddleware] 🔍 Processing request: /api/news/v1/news/24/reactions/
DEBUG 2026-08-27 20:29:43,674 middleware [TenantMiddleware] 🔍 Route type: TENANT_PUBLIC
DEBUG 2026-08-27 20:29:43,674 middleware [TenantMiddleware] 🔍 API Version: v1
DEBUG 2026-08-27 20:29:43,675 middleware [MultiTenant] Cache hit pour civitas -> civitas (civitas)
DEBUG 2026-08-27 20:29:43,676 middleware [MultiTenant] 🌐 Tenant résolu : civitas pour /api/news/v1/news/24/reactions/
DEBUG 2026-08-27 20:29:43,676 middleware [MultiTenant] 🌐 Route TENANT_PUBLIC : /api/news/v1/news/24/reactions/ | Tenant: civitas
DEBUG 2026-08-27 20:29:43,676 middleware [JWTMiddleware] 🔍 Processing request: /api/news/v1/news/24/reactions/
DEBUG 2026-08-27 20:29:43,677 middleware [JWTMiddleware] 🔍 Is public route: True
DEBUG 2026-08-27 20:29:43,677 middleware [JWTMiddleware] 🔍 Is authenticated route: False
DEBUG 2026-08-27 20:29:43,677 middleware [JWTMiddleware] 🔍 Is admin route: False
DEBUG 2026-08-27 20:29:43,678 middleware [Auth] 🌐 Accès à la route publique : /api/news/v1/news/24/reactions/
WARNING 2026-08-27 20:29:43,784 log Forbidden: /api/news/v1/news/24/reactions/
WARNING 2026-08-27 20:29:43,785 basehttp "POST /api/news/v1/news/24/reactions/ HTTP/1.1" 403 68
DEBUG 2026-08-27 20:32:37,586 middleware [TenantMiddleware] 🔍 Processing request: /api/news/v1/news/
DEBUG 2026-08-27 20:32:37,587 middleware [TenantMiddleware] 🔍 Processing request: /api/news/v1/news/
DEBUG 2026-08-27 20:32:37,587 middleware [TenantMiddleware] 🔍 Route type: TENANT_PUBLIC
DEBUG 2026-08-27 20:32:37,587 middleware [TenantMiddleware] 🔍 Route type: TENANT_PUBLIC
DEBUG 2026-08-27 20:32:37,588 middleware [TenantMiddleware] 🔍 API Version: v1
DEBUG 2026-08-27 20:32:37,588 middleware [TenantMiddleware] 🔍 API Version: v1
DEBUG 2026-08-27 20:32:37,593 middleware [TenantMiddleware] 🔍 Processing request: /api/notifications/v1/notifications/
DEBUG 2026-08-27 20:32:37,594 middleware [TenantMiddleware] 🔍 Route type: AUTHENTICATED
DEBUG 2026-08-27 20:32:37,594 middleware [TenantMiddleware] 🔍 API Version: v1
DEBUG 2026-08-27 20:32:37,607 middleware [MultiTenant] Tenant trouvé par domaine complet : civitas -> civitas
DEBUG 2026-08-27 20:32:37,608 middleware [MultiTenant] Tenant trouvé par domaine complet : civitas -> civitas
DEBUG 2026-08-27 20:32:37,608 middleware [MultiTenant] 🌐 Tenant résolu : civitas pour /api/news/v1/news/
DEBUG 2026-08-27 20:32:37,608 middleware [MultiTenant] 🌐 Tenant résolu : civitas pour /api/news/v1/news/
DEBUG 2026-08-27 20:32:37,609 middleware [MultiTenant] 🌐 Route TENANT_PUBLIC : /api/news/v1/news/ | Tenant: civitas
DEBUG 2026-08-27 20:32:37,609 middleware [MultiTenant] 🌐 Route TENANT_PUBLIC : /api/news/v1/news/ | Tenant: civitas
DEBUG 2026-08-27 20:32:37,609 middleware [JWTMiddleware] 🔍 Processing request: /api/news/v1/news/
DEBUG 2026-08-27 20:32:37,609 middleware [JWTMiddleware] 🔍 Processing request: /api/news/v1/news/
DEBUG 2026-08-27 20:32:37,609 middleware [JWTMiddleware] 🔍 Is public route: True
DEBUG 2026-08-27 20:32:37,609 middleware [JWTMiddleware] 🔍 Is public route: True
DEBUG 2026-08-27 20:32:37,609 middleware [JWTMiddleware] 🔍 Is authenticated route: False
DEBUG 2026-08-27 20:32:37,610 middleware [JWTMiddleware] 🔍 Is authenticated route: False
DEBUG 2026-08-27 20:32:37,610 middleware [JWTMiddleware] 🔍 Is admin route: False
DEBUG 2026-08-27 20:32:37,610 middleware [JWTMiddleware] 🔍 Is admin route: False
DEBUG 2026-08-27 20:32:37,610 middleware [Auth] 🌐 Accès à la route publique : /api/news/v1/news/
DEBUG 2026-08-27 20:32:37,610 middleware [Auth] 🌐 Accès à la route publique : /api/news/v1/news/
DEBUG 2026-08-27 20:32:37,626 middleware [MultiTenant] Tenant trouvé par domaine complet : civitas -> civitas
DEBUG 2026-08-27 20:32:37,627 middleware [MultiTenant] 🌐 Tenant résolu : civitas pour /api/notifications/v1/notifications/
DEBUG 2026-08-27 20:32:37,627 middleware [MultiTenant] 🔐 Route AUTHENTICATED : /api/notifications/v1/notifications/ | Tenant: civitas
DEBUG 2026-08-27 20:32:37,627 middleware [JWTMiddleware] 🔍 Processing request: /api/notifications/v1/notifications/
DEBUG 2026-08-27 20:32:37,627 middleware [JWTMiddleware] 🔍 Is public route: False
DEBUG 2026-08-27 20:32:37,627 middleware [JWTMiddleware] 🔍 Is authenticated route: True
DEBUG 2026-08-27 20:32:37,627 middleware [JWTMiddleware] 🔍 Is admin route: False
DEBUG 2026-08-27 20:32:37,628 middleware [Auth] Aucun token trouvé dans la requête
WARNING 2026-08-27 20:32:37,634 middleware [Auth] ⚠️ Authentification requise pour : /api/notifications/v1/notifications/
WARNING 2026-08-27 20:32:37,640 log Unauthorized: /api/notifications/v1/notifications/
WARNING 2026-08-27 20:32:37,641 basehttp "GET /api/notifications/v1/notifications/?page=1 HTTP/1.1" 401 110
DEBUG 2026-08-27 20:32:37,871 middleware [TenantMiddleware] 🔍 Processing request: /api/news/v1/news/
DEBUG 2026-08-27 20:32:37,872 middleware [TenantMiddleware] 🔍 Route type: TENANT_PUBLIC
DEBUG 2026-08-27 20:32:37,872 middleware [TenantMiddleware] 🔍 API Version: v1
DEBUG 2026-08-27 20:32:37,872 middleware [MultiTenant] Cache hit pour civitas -> civitas (civitas)
DEBUG 2026-08-27 20:32:37,874 middleware [MultiTenant] 🌐 Tenant résolu : civitas pour /api/news/v1/news/
DEBUG 2026-08-27 20:32:37,875 middleware [MultiTenant] 🌐 Route TENANT_PUBLIC : /api/news/v1/news/ | Tenant: civitas
DEBUG 2026-08-27 20:32:37,875 middleware [JWTMiddleware] 🔍 Processing request: /api/news/v1/news/
DEBUG 2026-08-27 20:32:37,875 middleware [JWTMiddleware] 🔍 Is public route: True
DEBUG 2026-08-27 20:32:37,875 middleware [JWTMiddleware] 🔍 Is authenticated route: False
DEBUG 2026-08-27 20:32:37,875 middleware [JWTMiddleware] 🔍 Is admin route: False
DEBUG 2026-08-27 20:32:37,875 middleware [Auth] 🌐 Accès à la route publique : /api/news/v1/news/
DEBUG 2026-08-27 20:32:37,882 middleware [TenantMiddleware] 🔍 Processing request: /api/news/v1/news/
DEBUG 2026-08-27 20:32:37,882 middleware [TenantMiddleware] 🔍 Route type: TENANT_PUBLIC
DEBUG 2026-08-27 20:32:37,882 middleware [TenantMiddleware] 🔍 API Version: v1
DEBUG 2026-08-27 20:32:37,882 middleware [MultiTenant] Cache hit pour civitas -> civitas (civitas)
DEBUG 2026-08-27 20:32:37,882 middleware [MultiTenant] 🌐 Tenant résolu : civitas pour /api/news/v1/news/
DEBUG 2026-08-27 20:32:37,882 middleware [MultiTenant] 🌐 Route TENANT_PUBLIC : /api/news/v1/news/ | Tenant: civitas
DEBUG 2026-08-27 20:32:37,883 middleware [JWTMiddleware] 🔍 Processing request: /api/news/v1/news/
DEBUG 2026-08-27 20:32:37,883 middleware [JWTMiddleware] 🔍 Is public route: True
DEBUG 2026-08-27 20:32:37,883 middleware [JWTMiddleware] 🔍 Is authenticated route: False
DEBUG 2026-08-27 20:32:37,883 middleware [JWTMiddleware] 🔍 Is admin route: False
DEBUG 2026-08-27 20:32:37,883 middleware [Auth] 🌐 Accès à la route publique : /api/news/v1/news/
DEBUG 2026-08-27 20:32:37,965 middleware [TenantMiddleware] 🔍 Processing request: /api/news/v1/news/
DEBUG 2026-08-27 20:32:37,967 middleware [TenantMiddleware] 🔍 Processing request: /api/news/v1/news/
DEBUG 2026-08-27 20:32:37,967 middleware [TenantMiddleware] 🔍 Route type: TENANT_PUBLIC
DEBUG 2026-08-27 20:32:37,969 middleware [TenantMiddleware] 🔍 Route type: TENANT_PUBLIC
DEBUG 2026-08-27 20:32:37,970 middleware [TenantMiddleware] 🔍 API Version: v1
DEBUG 2026-08-27 20:32:37,973 middleware [TenantMiddleware] 🔍 API Version: v1
DEBUG 2026-08-27 20:32:37,973 middleware [MultiTenant] Cache hit pour civitas -> civitas (civitas)
DEBUG 2026-08-27 20:32:37,975 middleware [MultiTenant] Cache hit pour civitas -> civitas (civitas)
DEBUG 2026-08-27 20:32:37,975 middleware [MultiTenant] 🌐 Tenant résolu : civitas pour /api/news/v1/news/
DEBUG 2026-08-27 20:32:37,977 middleware [MultiTenant] 🌐 Tenant résolu : civitas pour /api/news/v1/news/
DEBUG 2026-08-27 20:32:37,978 middleware [MultiTenant] 🌐 Route TENANT_PUBLIC : /api/news/v1/news/ | Tenant: civitas
DEBUG 2026-08-27 20:32:37,978 middleware [MultiTenant] 🌐 Route TENANT_PUBLIC : /api/news/v1/news/ | Tenant: civitas
DEBUG 2026-08-27 20:32:37,979 middleware [JWTMiddleware] 🔍 Processing request: /api/news/v1/news/
DEBUG 2026-08-27 20:32:37,980 middleware [JWTMiddleware] 🔍 Processing request: /api/news/v1/news/
DEBUG 2026-08-27 20:32:37,981 middleware [JWTMiddleware] 🔍 Is public route: True
DEBUG 2026-08-27 20:32:37,983 middleware [JWTMiddleware] 🔍 Is public route: True
DEBUG 2026-08-27 20:32:37,984 middleware [JWTMiddleware] 🔍 Is authenticated route: False
DEBUG 2026-08-27 20:32:37,985 middleware [JWTMiddleware] 🔍 Is authenticated route: False
DEBUG 2026-08-27 20:32:37,986 middleware [JWTMiddleware] 🔍 Is admin route: False
DEBUG 2026-08-27 20:32:37,988 middleware [JWTMiddleware] 🔍 Is admin route: False
DEBUG 2026-08-27 20:32:37,990 middleware [Auth] 🌐 Accès à la route publique : /api/news/v1/news/
DEBUG 2026-08-27 20:32:37,992 middleware [Auth] 🌐 Accès à la route publique : /api/news/v1/news/
DEBUG 2026-08-27 20:32:38,332 middleware [TenantMiddleware] 🔍 Processing request: /api/news/v1/news/
DEBUG 2026-08-27 20:32:38,332 middleware [TenantMiddleware] 🔍 Route type: TENANT_PUBLIC
DEBUG 2026-08-27 20:32:38,332 middleware [TenantMiddleware] 🔍 API Version: v1
DEBUG 2026-08-27 20:32:38,333 middleware [TenantMiddleware] 🔍 Processing request: /api/news/v1/news/
DEBUG 2026-08-27 20:32:38,333 middleware [MultiTenant] Cache hit pour civitas -> civitas (civitas)
DEBUG 2026-08-27 20:32:38,334 middleware [TenantMiddleware] 🔍 Route type: TENANT_PUBLIC
DEBUG 2026-08-27 20:32:38,335 middleware [MultiTenant] 🌐 Tenant résolu : civitas pour /api/news/v1/news/
DEBUG 2026-08-27 20:32:38,335 middleware [TenantMiddleware] 🔍 API Version: v1
DEBUG 2026-08-27 20:32:38,337 middleware [MultiTenant] 🌐 Route TENANT_PUBLIC : /api/news/v1/news/ | Tenant: civitas
DEBUG 2026-08-27 20:32:38,337 middleware [MultiTenant] Cache hit pour civitas -> civitas (civitas)
DEBUG 2026-08-27 20:32:38,341 middleware [JWTMiddleware] 🔍 Processing request: /api/news/v1/news/
DEBUG 2026-08-27 20:32:38,342 middleware [MultiTenant] 🌐 Tenant résolu : civitas pour /api/news/v1/news/
DEBUG 2026-08-27 20:32:38,342 middleware [JWTMiddleware] 🔍 Is public route: True
DEBUG 2026-08-27 20:32:38,343 middleware [MultiTenant] 🌐 Route TENANT_PUBLIC : /api/news/v1/news/ | Tenant: civitas
DEBUG 2026-08-27 20:32:38,344 middleware [JWTMiddleware] 🔍 Processing request: /media/news/couvertures/LOGO-civitas-news.jpeg
DEBUG 2026-08-27 20:32:38,345 middleware [JWTMiddleware] 🔍 Is authenticated route: False
DEBUG 2026-08-27 20:32:38,346 middleware [JWTMiddleware] 🔍 Processing request: /api/news/v1/news/
DEBUG 2026-08-27 20:32:38,346 middleware [JWTMiddleware] 🔍 Is public route: True
DEBUG 2026-08-27 20:32:38,347 middleware [JWTMiddleware] 🔍 Is admin route: False
DEBUG 2026-08-27 20:32:38,347 middleware [JWTMiddleware] 🔍 Is public route: True
DEBUG 2026-08-27 20:32:38,348 middleware [JWTMiddleware] 🔍 Is authenticated route: False
DEBUG 2026-08-27 20:32:38,351 middleware [Auth] 🌐 Accès à la route publique : /api/news/v1/news/
DEBUG 2026-08-27 20:32:38,351 middleware [JWTMiddleware] 🔍 Is authenticated route: False
DEBUG 2026-08-27 20:32:38,352 middleware [JWTMiddleware] 🔍 Is admin route: False
DEBUG 2026-08-27 20:32:38,359 middleware [JWTMiddleware] 🔍 Is admin route: False
DEBUG 2026-08-27 20:32:38,360 middleware [Auth] 🌐 Accès à la route publique : /media/news/couvertures/LOGO-civitas-news.jpeg
DEBUG 2026-08-27 20:32:38,362 middleware [Auth] 🌐 Accès à la route publique : /api/news/v1/news/
DEBUG 2026-08-27 20:32:38,474 middleware [JWTMiddleware] 🔍 Processing request: /media/news/couvertures/IMG-20260618-WA0009.jpg
DEBUG 2026-08-27 20:32:38,477 middleware [JWTMiddleware] 🔍 Is public route: True
DEBUG 2026-08-27 20:32:38,479 middleware [JWTMiddleware] 🔍 Is authenticated route: False
DEBUG 2026-08-27 20:32:38,481 middleware [JWTMiddleware] 🔍 Is admin route: False
DEBUG 2026-08-27 20:32:38,482 middleware [Auth] 🌐 Accès à la route publique : /media/news/couvertures/IMG-20260618-WA0009.jpg
DEBUG 2026-08-27 20:32:46,901 middleware [TenantMiddleware] 🔍 Processing request: /api/news/v1/news/24/reactions/
DEBUG 2026-08-27 20:32:46,902 middleware [TenantMiddleware] 🔍 Route type: TENANT_PUBLIC
DEBUG 2026-08-27 20:32:46,902 middleware [TenantMiddleware] 🔍 API Version: v1
DEBUG 2026-08-27 20:32:46,903 middleware [MultiTenant] Cache hit pour civitas -> civitas (civitas)
DEBUG 2026-08-27 20:32:46,904 middleware [MultiTenant] 🌐 Tenant résolu : civitas pour /api/news/v1/news/24/reactions/
DEBUG 2026-08-27 20:32:46,904 middleware [MultiTenant] 🌐 Route TENANT_PUBLIC : /api/news/v1/news/24/reactions/ | Tenant: civitas
DEBUG 2026-08-27 20:32:46,904 middleware [JWTMiddleware] 🔍 Processing request: /api/news/v1/news/24/reactions/
DEBUG 2026-08-27 20:32:46,905 middleware [JWTMiddleware] 🔍 Is public route: True
DEBUG 2026-08-27 20:32:46,905 middleware [JWTMiddleware] 🔍 Is authenticated route: False
DEBUG 2026-08-27 20:32:46,906 middleware [JWTMiddleware] 🔍 Is admin route: False
DEBUG 2026-08-27 20:32:46,906 middleware [Auth] 🌐 Accès à la route publique : /api/news/v1/news/24/reactions/
DEBUG 2026-08-27 20:32:49,783 middleware [TenantMiddleware] 🔍 Processing request: /api/news/v1/news/24/reactions/
DEBUG 2026-08-27 20:32:49,784 middleware [TenantMiddleware] 🔍 Route type: TENANT_PUBLIC
DEBUG 2026-08-27 20:32:49,784 middleware [TenantMiddleware] 🔍 API Version: v1
DEBUG 2026-08-27 20:32:49,785 middleware [MultiTenant] Cache hit pour civitas -> civitas (civitas)
DEBUG 2026-08-27 20:32:49,786 middleware [MultiTenant] 🌐 Tenant résolu : civitas pour /api/news/v1/news/24/reactions/
DEBUG 2026-08-27 20:32:49,786 middleware [MultiTenant] 🌐 Route TENANT_PUBLIC : /api/news/v1/news/24/reactions/ | Tenant: civitas
DEBUG 2026-08-27 20:32:49,787 middleware [JWTMiddleware] 🔍 Processing request: /api/news/v1/news/24/reactions/
DEBUG 2026-08-27 20:32:49,787 middleware [JWTMiddleware] 🔍 Is public route: True
DEBUG 2026-08-27 20:32:49,788 middleware [JWTMiddleware] 🔍 Is authenticated route: False
DEBUG 2026-08-27 20:32:49,788 middleware [JWTMiddleware] 🔍 Is admin route: False
DEBUG 2026-08-27 20:32:49,789 middleware [Auth] 🌐 Accès à la route publique : /api/news/v1/news/24/reactions/
DEBUG 2026-08-27 20:32:50,693 middleware [TenantMiddleware] 🔍 Processing request: /api/news/v1/news/24/reactions/
DEBUG 2026-08-27 20:32:50,693 middleware [TenantMiddleware] 🔍 Route type: TENANT_PUBLIC
DEBUG 2026-08-27 20:32:50,694 middleware [TenantMiddleware] 🔍 API Version: v1
DEBUG 2026-08-27 20:32:50,695 middleware [MultiTenant] Cache hit pour civitas -> civitas (civitas)
DEBUG 2026-08-27 20:32:50,695 middleware [MultiTenant] 🌐 Tenant résolu : civitas pour /api/news/v1/news/24/reactions/
DEBUG 2026-08-27 20:32:50,695 middleware [MultiTenant] 🌐 Route TENANT_PUBLIC : /api/news/v1/news/24/reactions/ | Tenant: civitas
DEBUG 2026-08-27 20:32:50,696 middleware [JWTMiddleware] 🔍 Processing request: /api/news/v1/news/24/reactions/
DEBUG 2026-08-27 20:32:50,696 middleware [JWTMiddleware] 🔍 Is public route: True
DEBUG 2026-08-27 20:32:50,697 middleware [JWTMiddleware] 🔍 Is authenticated route: False
DEBUG 2026-08-27 20:32:50,697 middleware [JWTMiddleware] 🔍 Is admin route: False
DEBUG 2026-08-27 20:32:50,697 middleware [Auth] 🌐 Accès à la route publique : /api/news/v1/news/24/reactions/
DEBUG 2026-08-27 20:32:51,491 middleware [TenantMiddleware] 🔍 Processing request: /api/news/v1/news/24/reactions/
DEBUG 2026-08-27 20:32:51,491 middleware [TenantMiddleware] 🔍 Route type: TENANT_PUBLIC
DEBUG 2026-08-27 20:32:51,491 middleware [TenantMiddleware] 🔍 API Version: v1
DEBUG 2026-08-27 20:32:51,492 middleware [MultiTenant] Cache hit pour civitas -> civitas (civitas)
DEBUG 2026-08-27 20:32:51,493 middleware [MultiTenant] 🌐 Tenant résolu : civitas pour /api/news/v1/news/24/reactions/
DEBUG 2026-08-27 20:32:51,493 middleware [MultiTenant] 🌐 Route TENANT_PUBLIC : /api/news/v1/news/24/reactions/ | Tenant: civitas
DEBUG 2026-08-27 20:32:51,493 middleware [JWTMiddleware] 🔍 Processing request: /api/news/v1/news/24/reactions/
DEBUG 2026-08-27 20:32:51,494 middleware [JWTMiddleware] 🔍 Is public route: True
DEBUG 2026-08-27 20:32:51,495 middleware [JWTMiddleware] 🔍 Is authenticated route: False
DEBUG 2026-08-27 20:32:51,495 middleware [JWTMiddleware] 🔍 Is admin route: False
DEBUG 2026-08-27 20:32:51,496 middleware [Auth] 🌐 Accès à la route publique : /api/news/v1/news/24/reactions/
DEBUG 2026-08-27 20:32:52,345 middleware [TenantMiddleware] 🔍 Processing request: /api/news/v1/news/24/reactions/
DEBUG 2026-08-27 20:32:52,345 middleware [TenantMiddleware] 🔍 Route type: TENANT_PUBLIC
DEBUG 2026-08-27 20:32:52,346 middleware [TenantMiddleware] 🔍 API Version: v1
DEBUG 2026-08-27 20:32:52,347 middleware [MultiTenant] Cache hit pour civitas -> civitas (civitas)
DEBUG 2026-08-27 20:32:52,347 middleware [MultiTenant] 🌐 Tenant résolu : civitas pour /api/news/v1/news/24/reactions/
DEBUG 2026-08-27 20:32:52,348 middleware [MultiTenant] 🌐 Route TENANT_PUBLIC : /api/news/v1/news/24/reactions/ | Tenant: civitas
DEBUG 2026-08-27 20:32:52,348 middleware [JWTMiddleware] 🔍 Processing request: /api/news/v1/news/24/reactions/
DEBUG 2026-08-27 20:32:52,349 middleware [JWTMiddleware] 🔍 Is public route: True
DEBUG 2026-08-27 20:32:52,349 middleware [JWTMiddleware] 🔍 Is authenticated route: False
DEBUG 2026-08-27 20:32:52,350 middleware [JWTMiddleware] 🔍 Is admin route: False
DEBUG 2026-08-27 20:32:52,350 middleware [Auth] 🌐 Accès à la route publique : /api/news/v1/news/24/reactions/
DEBUG 2026-08-27 20:32:53,165 middleware [TenantMiddleware] 🔍 Processing request: /api/news/v1/news/24/reactions/
DEBUG 2026-08-27 20:32:53,166 middleware [TenantMiddleware] 🔍 Route type: TENANT_PUBLIC
DEBUG 2026-08-27 20:32:53,167 middleware [TenantMiddleware] 🔍 API Version: v1
DEBUG 2026-08-27 20:32:53,169 middleware [MultiTenant] Cache hit pour civitas -> civitas (civitas)
DEBUG 2026-08-27 20:32:53,169 middleware [MultiTenant] 🌐 Tenant résolu : civitas pour /api/news/v1/news/24/reactions/
DEBUG 2026-08-27 20:32:53,170 middleware [MultiTenant] 🌐 Route TENANT_PUBLIC : /api/news/v1/news/24/reactions/ | Tenant: civitas
DEBUG 2026-08-27 20:32:53,171 middleware [JWTMiddleware] 🔍 Processing request: /api/news/v1/news/24/reactions/
DEBUG 2026-08-27 20:32:53,172 middleware [JWTMiddleware] 🔍 Is public route: True
DEBUG 2026-08-27 20:32:53,172 middleware [JWTMiddleware] 🔍 Is authenticated route: False
DEBUG 2026-08-27 20:32:53,173 middleware [JWTMiddleware] 🔍 Is admin route: False
DEBUG 2026-08-27 20:32:53,173 middleware [Auth] 🌐 Accès à la route publique : /api/news/v1/news/24/reactions/
DEBUG 2026-08-27 20:32:53,936 middleware [TenantMiddleware] 🔍 Processing request: /api/news/v1/news/24/reactions/
DEBUG 2026-08-27 20:32:53,937 middleware [TenantMiddleware] 🔍 Route type: TENANT_PUBLIC
DEBUG 2026-08-27 20:32:53,937 middleware [TenantMiddleware] 🔍 API Version: v1
DEBUG 2026-08-27 20:32:53,937 middleware [MultiTenant] Cache hit pour civitas -> civitas (civitas)
DEBUG 2026-08-27 20:32:53,938 middleware [MultiTenant] 🌐 Tenant résolu : civitas pour /api/news/v1/news/24/reactions/
DEBUG 2026-08-27 20:32:53,938 middleware [MultiTenant] 🌐 Route TENANT_PUBLIC : /api/news/v1/news/24/reactions/ | Tenant: civitas
DEBUG 2026-08-27 20:32:53,938 middleware [JWTMiddleware] 🔍 Processing request: /api/news/v1/news/24/reactions/
DEBUG 2026-08-27 20:32:53,938 middleware [JWTMiddleware] 🔍 Is public route: True
DEBUG 2026-08-27 20:32:53,939 middleware [JWTMiddleware] 🔍 Is authenticated route: False
DEBUG 2026-08-27 20:32:53,939 middleware [JWTMiddleware] 🔍 Is admin route: False
DEBUG 2026-08-27 20:32:53,939 middleware [Auth] 🌐 Accès à la route publique : /api/news/v1/news/24/reactions/
DEBUG 2026-08-27 20:32:54,688 middleware [TenantMiddleware] 🔍 Processing request: /api/news/v1/news/24/reactions/
DEBUG 2026-08-27 20:32:54,689 middleware [TenantMiddleware] 🔍 Route type: TENANT_PUBLIC
DEBUG 2026-08-27 20:32:54,689 middleware [TenantMiddleware] 🔍 API Version: v1
DEBUG 2026-08-27 20:32:54,690 middleware [MultiTenant] Cache hit pour civitas -> civitas (civitas)
DEBUG 2026-08-27 20:32:54,690 middleware [MultiTenant] 🌐 Tenant résolu : civitas pour /api/news/v1/news/24/reactions/
DEBUG 2026-08-27 20:32:54,691 middleware [MultiTenant] 🌐 Route TENANT_PUBLIC : /api/news/v1/news/24/reactions/ | Tenant: civitas
DEBUG 2026-08-27 20:32:54,691 middleware [JWTMiddleware] 🔍 Processing request: /api/news/v1/news/24/reactions/
DEBUG 2026-08-27 20:32:54,692 middleware [JWTMiddleware] 🔍 Is public route: True
DEBUG 2026-08-27 20:32:54,692 middleware [JWTMiddleware] 🔍 Is authenticated route: False
DEBUG 2026-08-27 20:32:54,692 middleware [JWTMiddleware] 🔍 Is admin route: False
DEBUG 2026-08-27 20:32:54,693 middleware [Auth] 🌐 Accès à la route publique : /api/news/v1/news/24/reactions/
DEBUG 2026-08-27 20:32:55,676 middleware [TenantMiddleware] 🔍 Processing request: /api/news/v1/news/24/reactions/
DEBUG 2026-08-27 20:32:55,676 middleware [TenantMiddleware] 🔍 Route type: TENANT_PUBLIC
DEBUG 2026-08-27 20:32:55,676 middleware [TenantMiddleware] 🔍 API Version: v1
DEBUG 2026-08-27 20:32:55,677 middleware [MultiTenant] Cache hit pour civitas -> civitas (civitas)
DEBUG 2026-08-27 20:32:55,677 middleware [MultiTenant] 🌐 Tenant résolu : civitas pour /api/news/v1/news/24/reactions/
DEBUG 2026-08-27 20:32:55,677 middleware [MultiTenant] 🌐 Route TENANT_PUBLIC : /api/news/v1/news/24/reactions/ | Tenant: civitas
DEBUG 2026-08-27 20:32:55,677 middleware [JWTMiddleware] 🔍 Processing request: /api/news/v1/news/24/reactions/
DEBUG 2026-08-27 20:32:55,677 middleware [JWTMiddleware] 🔍 Is public route: True
DEBUG 2026-08-27 20:32:55,678 middleware [JWTMiddleware] 🔍 Is authenticated route: False
DEBUG 2026-08-27 20:32:55,678 middleware [JWTMiddleware] 🔍 Is admin route: False
DEBUG 2026-08-27 20:32:55,678 middleware [Auth] 🌐 Accès à la route publique : /api/news/v1/news/24/reactions/
DEBUG 2026-08-27 20:33:00,770 middleware [TenantMiddleware] 🔍 Processing request: /api/news/v1/news/24/reactions/
DEBUG 2026-08-27 20:33:00,771 middleware [TenantMiddleware] 🔍 Route type: TENANT_PUBLIC
DEBUG 2026-08-27 20:33:00,771 middleware [TenantMiddleware] 🔍 API Version: v1
DEBUG 2026-08-27 20:33:00,771 middleware [MultiTenant] Cache hit pour civitas -> civitas (civitas)
DEBUG 2026-08-27 20:33:00,771 middleware [MultiTenant] 🌐 Tenant résolu : civitas pour /api/news/v1/news/24/reactions/
DEBUG 2026-08-27 20:33:00,771 middleware [MultiTenant] 🌐 Route TENANT_PUBLIC : /api/news/v1/news/24/reactions/ | Tenant: civitas
DEBUG 2026-08-27 20:33:00,771 middleware [JWTMiddleware] 🔍 Processing request: /api/news/v1/news/24/reactions/
DEBUG 2026-08-27 20:33:00,772 middleware [JWTMiddleware] 🔍 Is public route: True
DEBUG 2026-08-27 20:33:00,772 middleware [JWTMiddleware] 🔍 Is authenticated route: False
DEBUG 2026-08-27 20:33:00,772 middleware [JWTMiddleware] 🔍 Is admin route: False
DEBUG 2026-08-27 20:33:00,772 middleware [Auth] 🌐 Accès à la route publique : /api/news/v1/news/24/reactions/
DEBUG 2026-08-27 20:33:02,184 middleware [TenantMiddleware] 🔍 Processing request: /api/news/v1/news/24/reactions/
DEBUG 2026-08-27 20:33:02,185 middleware [TenantMiddleware] 🔍 Route type: TENANT_PUBLIC
DEBUG 2026-08-27 20:33:02,185 middleware [TenantMiddleware] 🔍 API Version: v1
DEBUG 2026-08-27 20:33:02,185 middleware [MultiTenant] Cache hit pour civitas -> civitas (civitas)
DEBUG 2026-08-27 20:33:02,185 middleware [MultiTenant] 🌐 Tenant résolu : civitas pour /api/news/v1/news/24/reactions/
DEBUG 2026-08-27 20:33:02,186 middleware [MultiTenant] 🌐 Route TENANT_PUBLIC : /api/news/v1/news/24/reactions/ | Tenant: civitas
DEBUG 2026-08-27 20:33:02,186 middleware [JWTMiddleware] 🔍 Processing request: /api/news/v1/news/24/reactions/
DEBUG 2026-08-27 20:33:02,186 middleware [JWTMiddleware] 🔍 Is public route: True
DEBUG 2026-08-27 20:33:02,186 middleware [JWTMiddleware] 🔍 Is authenticated route: False
DEBUG 2026-08-27 20:33:02,187 middleware [JWTMiddleware] 🔍 Is admin route: False
DEBUG 2026-08-27 20:33:02,187 middleware [Auth] 🌐 Accès à la route publique : /api/news/v1/news/24/reactions/
DEBUG 2026-08-27 20:33:04,497 middleware [TenantMiddleware] 🔍 Processing request: /api/news/v1/news/24/reactions/
DEBUG 2026-08-27 20:33:04,497 middleware [TenantMiddleware] 🔍 Route type: TENANT_PUBLIC
DEBUG 2026-08-27 20:33:04,497 middleware [TenantMiddleware] 🔍 API Version: v1
DEBUG 2026-08-27 20:33:04,497 middleware [MultiTenant] Cache hit pour civitas -> civitas (civitas)
DEBUG 2026-08-27 20:33:04,498 middleware [MultiTenant] 🌐 Tenant résolu : civitas pour /api/news/v1/news/24/reactions/
DEBUG 2026-08-27 20:33:04,498 middleware [MultiTenant] 🌐 Route TENANT_PUBLIC : /api/news/v1/news/24/reactions/ | Tenant: civitas
DEBUG 2026-08-27 20:33:04,498 middleware [JWTMiddleware] 🔍 Processing request: /api/news/v1/news/24/reactions/
DEBUG 2026-08-27 20:33:04,498 middleware [JWTMiddleware] 🔍 Is public route: True
DEBUG 2026-08-27 20:33:04,498 middleware [JWTMiddleware] 🔍 Is authenticated route: False
DEBUG 2026-08-27 20:33:04,499 middleware [JWTMiddleware] 🔍 Is admin route: False
DEBUG 2026-08-27 20:33:04,499 middleware [Auth] 🌐 Accès à la route publique : /api/news/v1/news/24/reactions/
DEBUG 2026-08-27 20:33:05,329 middleware [TenantMiddleware] 🔍 Processing request: /api/news/v1/news/24/reactions/
DEBUG 2026-08-27 20:33:05,329 middleware [TenantMiddleware] 🔍 Route type: TENANT_PUBLIC
DEBUG 2026-08-27 20:33:05,329 middleware [TenantMiddleware] 🔍 API Version: v1
DEBUG 2026-08-27 20:33:05,330 middleware [MultiTenant] Cache hit pour civitas -> civitas (civitas)
DEBUG 2026-08-27 20:33:05,330 middleware [MultiTenant] 🌐 Tenant résolu : civitas pour /api/news/v1/news/24/reactions/
DEBUG 2026-08-27 20:33:05,330 middleware [MultiTenant] 🌐 Route TENANT_PUBLIC : /api/news/v1/news/24/reactions/ | Tenant: civitas
DEBUG 2026-08-27 20:33:05,330 middleware [JWTMiddleware] 🔍 Processing request: /api/news/v1/news/24/reactions/
DEBUG 2026-08-27 20:33:05,330 middleware [JWTMiddleware] 🔍 Is public route: True
DEBUG 2026-08-27 20:33:05,331 middleware [JWTMiddleware] 🔍 Is authenticated route: False
DEBUG 2026-08-27 20:33:05,331 middleware [JWTMiddleware] 🔍 Is admin route: False
DEBUG 2026-08-27 20:33:05,331 middleware [Auth] 🌐 Accès à la route publique : /api/news/v1/news/24/reactions/
DEBUG 2026-08-27 20:33:06,003 middleware [TenantMiddleware] 🔍 Processing request: /api/news/v1/news/24/reactions/
DEBUG 2026-08-27 20:33:06,004 middleware [TenantMiddleware] 🔍 Route type: TENANT_PUBLIC
DEBUG 2026-08-27 20:33:06,004 middleware [TenantMiddleware] 🔍 API Version: v1
DEBUG 2026-08-27 20:33:06,004 middleware [MultiTenant] Cache hit pour civitas -> civitas (civitas)
DEBUG 2026-08-27 20:33:06,004 middleware [MultiTenant] 🌐 Tenant résolu : civitas pour /api/news/v1/news/24/reactions/
DEBUG 2026-08-27 20:33:06,004 middleware [MultiTenant] 🌐 Route TENANT_PUBLIC : /api/news/v1/news/24/reactions/ | Tenant: civitas
DEBUG 2026-08-27 20:33:06,005 middleware [JWTMiddleware] 🔍 Processing request: /api/news/v1/news/24/reactions/
DEBUG 2026-08-27 20:33:06,005 middleware [JWTMiddleware] 🔍 Is public route: True
DEBUG 2026-08-27 20:33:06,005 middleware [JWTMiddleware] 🔍 Is authenticated route: False
DEBUG 2026-08-27 20:33:06,005 middleware [JWTMiddleware] 🔍 Is admin route: False
DEBUG 2026-08-27 20:33:06,005 middleware [Auth] 🌐 Accès à la route publique : /api/news/v1/news/24/reactions/
DEBUG 2026-08-27 20:33:06,454 middleware [TenantMiddleware] 🔍 Processing request: /api/news/v1/news/24/reactions/
DEBUG 2026-08-27 20:33:06,455 middleware [TenantMiddleware] 🔍 Route type: TENANT_PUBLIC
DEBUG 2026-08-27 20:33:06,455 middleware [TenantMiddleware] 🔍 API Version: v1
DEBUG 2026-08-27 20:33:06,455 middleware [MultiTenant] Cache hit pour civitas -> civitas (civitas)
DEBUG 2026-08-27 20:33:06,455 middleware [MultiTenant] 🌐 Tenant résolu : civitas pour /api/news/v1/news/24/reactions/
DEBUG 2026-08-27 20:33:06,455 middleware [MultiTenant] 🌐 Route TENANT_PUBLIC : /api/news/v1/news/24/reactions/ | Tenant: civitas
DEBUG 2026-08-27 20:33:06,455 middleware [JWTMiddleware] 🔍 Processing request: /api/news/v1/news/24/reactions/
DEBUG 2026-08-27 20:33:06,456 middleware [JWTMiddleware] 🔍 Is public route: True
DEBUG 2026-08-27 20:33:06,456 middleware [JWTMiddleware] 🔍 Is authenticated route: False
DEBUG 2026-08-27 20:33:06,456 middleware [JWTMiddleware] 🔍 Is admin route: False
DEBUG 2026-08-27 20:33:06,456 middleware [Auth] 🌐 Accès à la route publique : /api/news/v1/news/24/reactions/
DEBUG 2026-08-27 20:33:06,648 middleware [TenantMiddleware] 🔍 Processing request: /api/news/v1/news/24/reactions/
DEBUG 2026-08-27 20:33:06,649 middleware [TenantMiddleware] 🔍 Route type: TENANT_PUBLIC
DEBUG 2026-08-27 20:33:06,649 middleware [TenantMiddleware] 🔍 API Version: v1
DEBUG 2026-08-27 20:33:06,649 middleware [MultiTenant] Cache hit pour civitas -> civitas (civitas)
DEBUG 2026-08-27 20:33:06,649 middleware [MultiTenant] 🌐 Tenant résolu : civitas pour /api/news/v1/news/24/reactions/
DEBUG 2026-08-27 20:33:06,650 middleware [MultiTenant] 🌐 Route TENANT_PUBLIC : /api/news/v1/news/24/reactions/ | Tenant: civitas
DEBUG 2026-08-27 20:33:06,650 middleware [JWTMiddleware] 🔍 Processing request: /api/news/v1/news/24/reactions/
DEBUG 2026-08-27 20:33:06,650 middleware [JWTMiddleware] 🔍 Is public route: True
DEBUG 2026-08-27 20:33:06,650 middleware [JWTMiddleware] 🔍 Is authenticated route: False
DEBUG 2026-08-27 20:33:06,650 middleware [JWTMiddleware] 🔍 Is admin route: False
DEBUG 2026-08-27 20:33:06,651 middleware [Auth] 🌐 Accès à la route publique : /api/news/v1/news/24/reactions/
DEBUG 2026-08-27 20:33:06,897 middleware [TenantMiddleware] 🔍 Processing request: /api/news/v1/news/24/reactions/
DEBUG 2026-08-27 20:33:06,897 middleware [TenantMiddleware] 🔍 Route type: TENANT_PUBLIC
DEBUG 2026-08-27 20:33:06,897 middleware [TenantMiddleware] 🔍 API Version: v1
DEBUG 2026-08-27 20:33:06,897 middleware [MultiTenant] Cache hit pour civitas -> civitas (civitas)
DEBUG 2026-08-27 20:33:06,898 middleware [MultiTenant] 🌐 Tenant résolu : civitas pour /api/news/v1/news/24/reactions/
DEBUG 2026-08-27 20:33:06,898 middleware [MultiTenant] 🌐 Route TENANT_PUBLIC : /api/news/v1/news/24/reactions/ | Tenant: civitas
DEBUG 2026-08-27 20:33:06,898 middleware [JWTMiddleware] 🔍 Processing request: /api/news/v1/news/24/reactions/
DEBUG 2026-08-27 20:33:06,898 middleware [JWTMiddleware] 🔍 Is public route: True
DEBUG 2026-08-27 20:33:06,898 middleware [JWTMiddleware] 🔍 Is authenticated route: False
DEBUG 2026-08-27 20:33:06,898 middleware [JWTMiddleware] 🔍 Is admin route: False
DEBUG 2026-08-27 20:33:06,899 middleware [Auth] 🌐 Accès à la route publique : /api/news/v1/news/24/reactions/
DEBUG 2026-08-27 20:33:07,260 middleware [TenantMiddleware] 🔍 Processing request: /api/news/v1/news/24/reactions/
DEBUG 2026-08-27 20:33:07,260 middleware [TenantMiddleware] 🔍 Route type: TENANT_PUBLIC
DEBUG 2026-08-27 20:33:07,260 middleware [TenantMiddleware] 🔍 API Version: v1
DEBUG 2026-08-27 20:33:07,260 middleware [MultiTenant] Cache hit pour civitas -> civitas (civitas)
DEBUG 2026-08-27 20:33:07,261 middleware [MultiTenant] 🌐 Tenant résolu : civitas pour /api/news/v1/news/24/reactions/
DEBUG 2026-08-27 20:33:07,261 middleware [MultiTenant] 🌐 Route TENANT_PUBLIC : /api/news/v1/news/24/reactions/ | Tenant: civitas
DEBUG 2026-08-27 20:33:07,261 middleware [JWTMiddleware] 🔍 Processing request: /api/news/v1/news/24/reactions/
DEBUG 2026-08-27 20:33:07,261 middleware [JWTMiddleware] 🔍 Is public route: True
DEBUG 2026-08-27 20:33:07,262 middleware [JWTMiddleware] 🔍 Is authenticated route: False
DEBUG 2026-08-27 20:33:07,262 middleware [JWTMiddleware] 🔍 Is admin route: False
DEBUG 2026-08-27 20:33:07,262 middleware [Auth] 🌐 Accès à la route publique : /api/news/v1/news/24/reactions/
DEBUG 2026-08-27 20:35:10,184 middleware [TenantMiddleware] 🔍 Processing request: /api/news/v1/news/
DEBUG 2026-08-27 20:35:10,185 middleware [TenantMiddleware] 🔍 Processing request: /api/news/v1/news/
DEBUG 2026-08-27 20:35:10,185 middleware [TenantMiddleware] 🔍 Route type: TENANT_PUBLIC
DEBUG 2026-08-27 20:35:10,185 middleware [TenantMiddleware] 🔍 Route type: TENANT_PUBLIC
DEBUG 2026-08-27 20:35:10,185 middleware [TenantMiddleware] 🔍 API Version: v1
DEBUG 2026-08-27 20:35:10,186 middleware [TenantMiddleware] 🔍 API Version: v1
DEBUG 2026-08-27 20:35:10,186 middleware [MultiTenant] Cache hit pour civitas -> civitas (civitas)
DEBUG 2026-08-27 20:35:10,186 middleware [MultiTenant] Cache hit pour civitas -> civitas (civitas)
DEBUG 2026-08-27 20:35:10,187 middleware [MultiTenant] 🌐 Tenant résolu : civitas pour /api/news/v1/news/
DEBUG 2026-08-27 20:35:10,187 middleware [MultiTenant] 🌐 Tenant résolu : civitas pour /api/news/v1/news/
DEBUG 2026-08-27 20:35:10,187 middleware [MultiTenant] 🌐 Route TENANT_PUBLIC : /api/news/v1/news/ | Tenant: civitas
DEBUG 2026-08-27 20:35:10,188 middleware [TenantMiddleware] 🔍 Processing request: /api/notifications/v1/notifications/
DEBUG 2026-08-27 20:35:10,188 middleware [MultiTenant] 🌐 Route TENANT_PUBLIC : /api/news/v1/news/ | Tenant: civitas
DEBUG 2026-08-27 20:35:10,188 middleware [JWTMiddleware] 🔍 Processing request: /api/news/v1/news/
DEBUG 2026-08-27 20:35:10,188 middleware [TenantMiddleware] 🔍 Route type: AUTHENTICATED
DEBUG 2026-08-27 20:35:10,188 middleware [JWTMiddleware] 🔍 Processing request: /api/news/v1/news/
DEBUG 2026-08-27 20:35:10,189 middleware [JWTMiddleware] 🔍 Is public route: True
DEBUG 2026-08-27 20:35:10,189 middleware [TenantMiddleware] 🔍 API Version: v1
DEBUG 2026-08-27 20:35:10,189 middleware [JWTMiddleware] 🔍 Is public route: True
DEBUG 2026-08-27 20:35:10,190 middleware [JWTMiddleware] 🔍 Is authenticated route: False
DEBUG 2026-08-27 20:35:10,190 middleware [MultiTenant] Cache hit pour civitas -> civitas (civitas)
DEBUG 2026-08-27 20:35:10,190 middleware [JWTMiddleware] 🔍 Is authenticated route: False
DEBUG 2026-08-27 20:35:10,190 middleware [JWTMiddleware] 🔍 Is admin route: False
DEBUG 2026-08-27 20:35:10,191 middleware [MultiTenant] 🌐 Tenant résolu : civitas pour /api/notifications/v1/notifications/
DEBUG 2026-08-27 20:35:10,191 middleware [JWTMiddleware] 🔍 Is admin route: False
DEBUG 2026-08-27 20:35:10,191 middleware [Auth] 🌐 Accès à la route publique : /api/news/v1/news/
DEBUG 2026-08-27 20:35:10,191 middleware [MultiTenant] 🔐 Route AUTHENTICATED : /api/notifications/v1/notifications/ | Tenant: civitas
DEBUG 2026-08-27 20:35:10,191 middleware [Auth] 🌐 Accès à la route publique : /api/news/v1/news/
DEBUG 2026-08-27 20:35:10,199 middleware [JWTMiddleware] 🔍 Processing request: /api/notifications/v1/notifications/
DEBUG 2026-08-27 20:35:10,207 middleware [JWTMiddleware] 🔍 Is public route: False
DEBUG 2026-08-27 20:35:10,207 middleware [JWTMiddleware] 🔍 Is authenticated route: True
DEBUG 2026-08-27 20:35:10,207 middleware [JWTMiddleware] 🔍 Is admin route: False
DEBUG 2026-08-27 20:35:10,208 middleware [Auth] Aucun token trouvé dans la requête
WARNING 2026-08-27 20:35:10,208 middleware [Auth] ⚠️ Authentification requise pour : /api/notifications/v1/notifications/
WARNING 2026-08-27 20:35:10,208 log Unauthorized: /api/notifications/v1/notifications/
WARNING 2026-08-27 20:35:10,209 basehttp "GET /api/notifications/v1/notifications/?page=1 HTTP/1.1" 401 110
DEBUG 2026-08-27 20:35:10,589 middleware [TenantMiddleware] 🔍 Processing request: /api/news/v1/news/
DEBUG 2026-08-27 20:35:10,590 middleware [TenantMiddleware] 🔍 Route type: TENANT_PUBLIC
DEBUG 2026-08-27 20:35:10,590 middleware [TenantMiddleware] 🔍 API Version: v1
DEBUG 2026-08-27 20:35:10,590 middleware [MultiTenant] Cache hit pour civitas -> civitas (civitas)
DEBUG 2026-08-27 20:35:10,591 middleware [MultiTenant] 🌐 Tenant résolu : civitas pour /api/news/v1/news/
DEBUG 2026-08-27 20:35:10,592 middleware [MultiTenant] 🌐 Route TENANT_PUBLIC : /api/news/v1/news/ | Tenant: civitas
DEBUG 2026-08-27 20:35:10,592 middleware [JWTMiddleware] 🔍 Processing request: /api/news/v1/news/
DEBUG 2026-08-27 20:35:10,592 middleware [JWTMiddleware] 🔍 Is public route: True
DEBUG 2026-08-27 20:35:10,594 middleware [JWTMiddleware] 🔍 Is authenticated route: False
DEBUG 2026-08-27 20:35:10,595 middleware [JWTMiddleware] 🔍 Is admin route: False
DEBUG 2026-08-27 20:35:10,595 middleware [Auth] 🌐 Accès à la route publique : /api/news/v1/news/
DEBUG 2026-08-27 20:35:10,602 middleware [TenantMiddleware] 🔍 Processing request: /api/news/v1/news/
DEBUG 2026-08-27 20:35:10,604 middleware [TenantMiddleware] 🔍 Route type: TENANT_PUBLIC
DEBUG 2026-08-27 20:35:10,604 middleware [TenantMiddleware] 🔍 API Version: v1
DEBUG 2026-08-27 20:35:10,605 middleware [MultiTenant] Cache hit pour civitas -> civitas (civitas)
DEBUG 2026-08-27 20:35:10,605 middleware [MultiTenant] 🌐 Tenant résolu : civitas pour /api/news/v1/news/
DEBUG 2026-08-27 20:35:10,605 middleware [MultiTenant] 🌐 Route TENANT_PUBLIC : /api/news/v1/news/ | Tenant: civitas
DEBUG 2026-08-27 20:35:10,605 middleware [JWTMiddleware] 🔍 Processing request: /api/news/v1/news/
DEBUG 2026-08-27 20:35:10,606 middleware [JWTMiddleware] 🔍 Is public route: True
DEBUG 2026-08-27 20:35:10,606 middleware [JWTMiddleware] 🔍 Is authenticated route: False
DEBUG 2026-08-27 20:35:10,606 middleware [JWTMiddleware] 🔍 Is admin route: False
DEBUG 2026-08-27 20:35:10,606 middleware [Auth] 🌐 Accès à la route publique : /api/news/v1/news/
DEBUG 2026-08-27 20:35:10,642 middleware [TenantMiddleware] 🔍 Processing request: /api/news/v1/news/
DEBUG 2026-08-27 20:35:10,643 middleware [TenantMiddleware] 🔍 Route type: TENANT_PUBLIC
DEBUG 2026-08-27 20:35:10,643 middleware [TenantMiddleware] 🔍 API Version: v1
DEBUG 2026-08-27 20:35:10,643 middleware [MultiTenant] Cache hit pour civitas -> civitas (civitas)
DEBUG 2026-08-27 20:35:10,644 middleware [MultiTenant] 🌐 Tenant résolu : civitas pour /api/news/v1/news/
DEBUG 2026-08-27 20:35:10,647 middleware [MultiTenant] 🌐 Route TENANT_PUBLIC : /api/news/v1/news/ | Tenant: civitas
DEBUG 2026-08-27 20:35:10,655 middleware [TenantMiddleware] 🔍 Processing request: /api/news/v1/news/
DEBUG 2026-08-27 20:35:10,656 middleware [JWTMiddleware] 🔍 Processing request: /api/news/v1/news/
DEBUG 2026-08-27 20:35:10,656 middleware [TenantMiddleware] 🔍 Route type: TENANT_PUBLIC
DEBUG 2026-08-27 20:35:10,660 middleware [JWTMiddleware] 🔍 Is public route: True
DEBUG 2026-08-27 20:35:10,660 middleware [TenantMiddleware] 🔍 API Version: v1
DEBUG 2026-08-27 20:35:10,663 middleware [JWTMiddleware] 🔍 Is authenticated route: False
DEBUG 2026-08-27 20:35:10,666 middleware [MultiTenant] Cache hit pour civitas -> civitas (civitas)
DEBUG 2026-08-27 20:35:10,666 middleware [JWTMiddleware] 🔍 Is admin route: False
DEBUG 2026-08-27 20:35:10,666 middleware [MultiTenant] 🌐 Tenant résolu : civitas pour /api/news/v1/news/
DEBUG 2026-08-27 20:35:10,671 middleware [Auth] 🌐 Accès à la route publique : /api/news/v1/news/
DEBUG 2026-08-27 20:35:10,672 middleware [MultiTenant] 🌐 Route TENANT_PUBLIC : /api/news/v1/news/ | Tenant: civitas
DEBUG 2026-08-27 20:35:10,683 middleware [JWTMiddleware] 🔍 Processing request: /api/news/v1/news/
DEBUG 2026-08-27 20:35:10,684 middleware [JWTMiddleware] 🔍 Is public route: True
DEBUG 2026-08-27 20:35:10,684 middleware [JWTMiddleware] 🔍 Is authenticated route: False
DEBUG 2026-08-27 20:35:10,684 middleware [JWTMiddleware] 🔍 Is admin route: False
DEBUG 2026-08-27 20:35:10,684 middleware [Auth] 🌐 Accès à la route publique : /api/news/v1/news/
DEBUG 2026-08-27 20:35:10,993 middleware [TenantMiddleware] 🔍 Processing request: /api/news/v1/news/
DEBUG 2026-08-27 20:35:10,993 middleware [TenantMiddleware] 🔍 Route type: TENANT_PUBLIC
DEBUG 2026-08-27 20:35:10,993 middleware [TenantMiddleware] 🔍 API Version: v1
DEBUG 2026-08-27 20:35:10,994 middleware [MultiTenant] Cache hit pour civitas -> civitas (civitas)
DEBUG 2026-08-27 20:35:10,994 middleware [MultiTenant] 🌐 Tenant résolu : civitas pour /api/news/v1/news/
DEBUG 2026-08-27 20:35:10,994 middleware [MultiTenant] 🌐 Route TENANT_PUBLIC : /api/news/v1/news/ | Tenant: civitas
DEBUG 2026-08-27 20:35:10,994 middleware [JWTMiddleware] 🔍 Processing request: /api/news/v1/news/
DEBUG 2026-08-27 20:35:10,994 middleware [JWTMiddleware] 🔍 Is public route: True
DEBUG 2026-08-27 20:35:10,994 middleware [JWTMiddleware] 🔍 Is authenticated route: False
DEBUG 2026-08-27 20:35:10,994 middleware [JWTMiddleware] 🔍 Is admin route: False
DEBUG 2026-08-27 20:35:10,995 middleware [Auth] 🌐 Accès à la route publique : /api/news/v1/news/
DEBUG 2026-08-27 20:35:11,003 middleware [JWTMiddleware] 🔍 Processing request: /media/news/couvertures/LOGO-civitas-news.jpeg
DEBUG 2026-08-27 20:35:11,003 middleware [JWTMiddleware] 🔍 Is public route: True
DEBUG 2026-08-27 20:35:11,004 middleware [JWTMiddleware] 🔍 Is authenticated route: False
DEBUG 2026-08-27 20:35:11,004 middleware [JWTMiddleware] 🔍 Is admin route: False
DEBUG 2026-08-27 20:35:11,004 middleware [Auth] 🌐 Accès à la route publique : /media/news/couvertures/LOGO-civitas-news.jpeg
DEBUG 2026-08-27 20:35:11,117 middleware [JWTMiddleware] 🔍 Processing request: /media/news/couvertures/IMG-20260618-WA0009.jpg
DEBUG 2026-08-27 20:35:11,117 middleware [JWTMiddleware] 🔍 Is public route: True
DEBUG 2026-08-27 20:35:11,117 middleware [JWTMiddleware] 🔍 Is authenticated route: False
DEBUG 2026-08-27 20:35:11,118 middleware [JWTMiddleware] 🔍 Is admin route: False
DEBUG 2026-08-27 20:35:11,118 middleware [Auth] 🌐 Accès à la route publique : /media/news/couvertures/IMG-20260618-WA0009.jpg
DEBUG 2026-08-27 20:35:11,397 middleware [TenantMiddleware] 🔍 Processing request: /api/news/v1/news/
DEBUG 2026-08-27 20:35:11,397 middleware [TenantMiddleware] 🔍 Route type: TENANT_PUBLIC
DEBUG 2026-08-27 20:35:11,397 middleware [TenantMiddleware] 🔍 API Version: v1
DEBUG 2026-08-27 20:35:11,398 middleware [MultiTenant] Cache hit pour civitas -> civitas (civitas)
DEBUG 2026-08-27 20:35:11,398 middleware [MultiTenant] 🌐 Tenant résolu : civitas pour /api/news/v1/news/
DEBUG 2026-08-27 20:35:11,398 middleware [MultiTenant] 🌐 Route TENANT_PUBLIC : /api/news/v1/news/ | Tenant: civitas
DEBUG 2026-08-27 20:35:11,398 middleware [JWTMiddleware] 🔍 Processing request: /api/news/v1/news/
DEBUG 2026-08-27 20:35:11,398 middleware [JWTMiddleware] 🔍 Is public route: True
DEBUG 2026-08-27 20:35:11,398 middleware [JWTMiddleware] 🔍 Is authenticated route: False
DEBUG 2026-08-27 20:35:11,398 middleware [JWTMiddleware] 🔍 Is admin route: False
DEBUG 2026-08-27 20:35:11,399 middleware [Auth] 🌐 Accès à la route publique : /api/news/v1/news/
DEBUG 2026-08-27 20:35:20,834 middleware [TenantMiddleware] 🔍 Processing request: /api/news/v1/news/24/reactions/
DEBUG 2026-08-27 20:35:20,834 middleware [TenantMiddleware] 🔍 Route type: TENANT_PUBLIC
DEBUG 2026-08-27 20:35:20,834 middleware [TenantMiddleware] 🔍 API Version: v1
DEBUG 2026-08-27 20:35:20,834 middleware [MultiTenant] Cache hit pour civitas -> civitas (civitas)
DEBUG 2026-08-27 20:35:20,835 middleware [MultiTenant] 🌐 Tenant résolu : civitas pour /api/news/v1/news/24/reactions/
DEBUG 2026-08-27 20:35:20,835 middleware [MultiTenant] 🌐 Route TENANT_PUBLIC : /api/news/v1/news/24/reactions/ | Tenant: civitas
DEBUG 2026-08-27 20:35:20,835 middleware [JWTMiddleware] 🔍 Processing request: /api/news/v1/news/24/reactions/
DEBUG 2026-08-27 20:35:20,835 middleware [JWTMiddleware] 🔍 Is public route: True
DEBUG 2026-08-27 20:35:20,835 middleware [JWTMiddleware] 🔍 Is authenticated route: False
DEBUG 2026-08-27 20:35:20,835 middleware [JWTMiddleware] 🔍 Is admin route: False
DEBUG 2026-08-27 20:35:20,835 middleware [Auth] 🌐 Accès à la route publique : /api/news/v1/news/24/reactions/
DEBUG 2026-08-27 20:35:20,992 middleware [TenantMiddleware] 🔍 Processing request: /api/news/v1/news/24/reactions/
DEBUG 2026-08-27 20:35:20,992 middleware [TenantMiddleware] 🔍 Route type: TENANT_PUBLIC
DEBUG 2026-08-27 20:35:20,992 middleware [TenantMiddleware] 🔍 API Version: v1
DEBUG 2026-08-27 20:35:20,993 middleware [MultiTenant] Cache hit pour civitas -> civitas (civitas)
DEBUG 2026-08-27 20:35:20,993 middleware [MultiTenant] 🌐 Tenant résolu : civitas pour /api/news/v1/news/24/reactions/
DEBUG 2026-08-27 20:35:20,993 middleware [MultiTenant] 🌐 Route TENANT_PUBLIC : /api/news/v1/news/24/reactions/ | Tenant: civitas
DEBUG 2026-08-27 20:35:20,993 middleware [JWTMiddleware] 🔍 Processing request: /api/news/v1/news/24/reactions/
DEBUG 2026-08-27 20:35:20,993 middleware [JWTMiddleware] 🔍 Is public route: True
DEBUG 2026-08-27 20:35:20,994 middleware [JWTMiddleware] 🔍 Is authenticated route: False
DEBUG 2026-08-27 20:35:20,994 middleware [JWTMiddleware] 🔍 Is admin route: False
DEBUG 2026-08-27 20:35:20,994 middleware [Auth] 🌐 Accès à la route publique : /api/news/v1/news/24/reactions/
DEBUG 2026-08-27 20:35:21,359 middleware [TenantMiddleware] 🔍 Processing request: /api/news/v1/news/24/reactions/
DEBUG 2026-08-27 20:35:21,360 middleware [TenantMiddleware] 🔍 Route type: TENANT_PUBLIC
DEBUG 2026-08-27 20:35:21,360 middleware [TenantMiddleware] 🔍 API Version: v1
DEBUG 2026-08-27 20:35:21,360 middleware [MultiTenant] Cache hit pour civitas -> civitas (civitas)
DEBUG 2026-08-27 20:35:21,360 middleware [MultiTenant] 🌐 Tenant résolu : civitas pour /api/news/v1/news/24/reactions/
DEBUG 2026-08-27 20:35:21,360 middleware [MultiTenant] 🌐 Route TENANT_PUBLIC : /api/news/v1/news/24/reactions/ | Tenant: civitas
DEBUG 2026-08-27 20:35:21,361 middleware [JWTMiddleware] 🔍 Processing request: /api/news/v1/news/24/reactions/
DEBUG 2026-08-27 20:35:21,361 middleware [JWTMiddleware] 🔍 Is public route: True
DEBUG 2026-08-27 20:35:21,361 middleware [JWTMiddleware] 🔍 Is authenticated route: False
DEBUG 2026-08-27 20:35:21,361 middleware [JWTMiddleware] 🔍 Is admin route: False
DEBUG 2026-08-27 20:35:21,361 middleware [Auth] 🌐 Accès à la route publique : /api/news/v1/news/24/reactions/
DEBUG 2026-08-27 20:35:21,518 middleware [TenantMiddleware] 🔍 Processing request: /api/news/v1/news/24/reactions/
DEBUG 2026-08-27 20:35:21,519 middleware [TenantMiddleware] 🔍 Route type: TENANT_PUBLIC
DEBUG 2026-08-27 20:35:21,519 middleware [TenantMiddleware] 🔍 API Version: v1
DEBUG 2026-08-27 20:35:21,519 middleware [MultiTenant] Cache hit pour civitas -> civitas (civitas)
DEBUG 2026-08-27 20:35:21,519 middleware [MultiTenant] 🌐 Tenant résolu : civitas pour /api/news/v1/news/24/reactions/
DEBUG 2026-08-27 20:35:21,519 middleware [MultiTenant] 🌐 Route TENANT_PUBLIC : /api/news/v1/news/24/reactions/ | Tenant: civitas
DEBUG 2026-08-27 20:35:21,519 middleware [JWTMiddleware] 🔍 Processing request: /api/news/v1/news/24/reactions/
DEBUG 2026-08-27 20:35:21,520 middleware [JWTMiddleware] 🔍 Is public route: True
DEBUG 2026-08-27 20:35:21,520 middleware [JWTMiddleware] 🔍 Is authenticated route: False
DEBUG 2026-08-27 20:35:21,520 middleware [JWTMiddleware] 🔍 Is admin route: False
DEBUG 2026-08-27 20:35:21,520 middleware [Auth] 🌐 Accès à la route publique : /api/news/v1/news/24/reactions/
DEBUG 2026-08-27 20:35:21,869 middleware [TenantMiddleware] 🔍 Processing request: /api/news/v1/news/24/reactions/
DEBUG 2026-08-27 20:35:21,870 middleware [TenantMiddleware] 🔍 Route type: TENANT_PUBLIC
DEBUG 2026-08-27 20:35:21,871 middleware [TenantMiddleware] 🔍 API Version: v1
DEBUG 2026-08-27 20:35:21,871 middleware [MultiTenant] Cache hit pour civitas -> civitas (civitas)
DEBUG 2026-08-27 20:35:21,872 middleware [MultiTenant] 🌐 Tenant résolu : civitas pour /api/news/v1/news/24/reactions/
DEBUG 2026-08-27 20:35:21,872 middleware [MultiTenant] 🌐 Route TENANT_PUBLIC : /api/news/v1/news/24/reactions/ | Tenant: civitas
DEBUG 2026-08-27 20:35:21,873 middleware [JWTMiddleware] 🔍 Processing request: /api/news/v1/news/24/reactions/
DEBUG 2026-08-27 20:35:21,874 middleware [JWTMiddleware] 🔍 Is public route: True
DEBUG 2026-08-27 20:35:21,874 middleware [JWTMiddleware] 🔍 Is authenticated route: False
DEBUG 2026-08-27 20:35:21,875 middleware [JWTMiddleware] 🔍 Is admin route: False
DEBUG 2026-08-27 20:35:21,875 middleware [Auth] 🌐 Accès à la route publique : /api/news/v1/news/24/reactions/
DEBUG 2026-08-27 20:35:22,384 middleware [TenantMiddleware] 🔍 Processing request: /api/news/v1/news/24/reactions/
DEBUG 2026-08-27 20:35:22,385 middleware [TenantMiddleware] 🔍 Route type: TENANT_PUBLIC
DEBUG 2026-08-27 20:35:22,385 middleware [TenantMiddleware] 🔍 API Version: v1
DEBUG 2026-08-27 20:35:22,385 middleware [MultiTenant] Cache hit pour civitas -> civitas (civitas)
DEBUG 2026-08-27 20:35:22,386 middleware [MultiTenant] 🌐 Tenant résolu : civitas pour /api/news/v1/news/24/reactions/
DEBUG 2026-08-27 20:35:22,386 middleware [MultiTenant] 🌐 Route TENANT_PUBLIC : /api/news/v1/news/24/reactions/ | Tenant: civitas
DEBUG 2026-08-27 20:35:22,386 middleware [JWTMiddleware] 🔍 Processing request: /api/news/v1/news/24/reactions/
DEBUG 2026-08-27 20:35:22,387 middleware [JWTMiddleware] 🔍 Is public route: True
DEBUG 2026-08-27 20:35:22,387 middleware [JWTMiddleware] 🔍 Is authenticated route: False
DEBUG 2026-08-27 20:35:22,387 middleware [JWTMiddleware] 🔍 Is admin route: False
DEBUG 2026-08-27 20:35:22,388 middleware [Auth] 🌐 Accès à la route publique : /api/news/v1/news/24/reactions/
DEBUG 2026-08-27 20:35:22,692 middleware [TenantMiddleware] 🔍 Processing request: /api/news/v1/news/24/reactions/
DEBUG 2026-08-27 20:35:22,692 middleware [TenantMiddleware] 🔍 Route type: TENANT_PUBLIC
DEBUG 2026-08-27 20:35:22,692 middleware [TenantMiddleware] 🔍 API Version: v1
DEBUG 2026-08-27 20:35:22,692 middleware [MultiTenant] Cache hit pour civitas -> civitas (civitas)
DEBUG 2026-08-27 20:35:22,692 middleware [MultiTenant] 🌐 Tenant résolu : civitas pour /api/news/v1/news/24/reactions/
DEBUG 2026-08-27 20:35:22,692 middleware [MultiTenant] 🌐 Route TENANT_PUBLIC : /api/news/v1/news/24/reactions/ | Tenant: civitas
DEBUG 2026-08-27 20:35:22,692 middleware [JWTMiddleware] 🔍 Processing request: /api/news/v1/news/24/reactions/
DEBUG 2026-08-27 20:35:22,693 middleware [JWTMiddleware] 🔍 Is public route: True
DEBUG 2026-08-27 20:35:22,693 middleware [JWTMiddleware] 🔍 Is authenticated route: False
DEBUG 2026-08-27 20:35:22,693 middleware [JWTMiddleware] 🔍 Is admin route: False
DEBUG 2026-08-27 20:35:22,693 middleware [Auth] 🌐 Accès à la route publique : /api/news/v1/news/24/reactions/
DEBUG 2026-08-27 20:35:23,028 middleware [TenantMiddleware] 🔍 Processing request: /api/news/v1/news/24/reactions/
DEBUG 2026-08-27 20:35:23,028 middleware [TenantMiddleware] 🔍 Route type: TENANT_PUBLIC
DEBUG 2026-08-27 20:35:23,028 middleware [TenantMiddleware] 🔍 API Version: v1
DEBUG 2026-08-27 20:35:23,029 middleware [MultiTenant] Cache hit pour civitas -> civitas (civitas)
DEBUG 2026-08-27 20:35:23,029 middleware [MultiTenant] 🌐 Tenant résolu : civitas pour /api/news/v1/news/24/reactions/
DEBUG 2026-08-27 20:35:23,029 middleware [MultiTenant] 🌐 Route TENANT_PUBLIC : /api/news/v1/news/24/reactions/ | Tenant: civitas
DEBUG 2026-08-27 20:35:23,029 middleware [JWTMiddleware] 🔍 Processing request: /api/news/v1/news/24/reactions/
DEBUG 2026-08-27 20:35:23,030 middleware [JWTMiddleware] 🔍 Is public route: True
DEBUG 2026-08-27 20:35:23,030 middleware [JWTMiddleware] 🔍 Is authenticated route: False
DEBUG 2026-08-27 20:35:23,030 middleware [JWTMiddleware] 🔍 Is admin route: False
DEBUG 2026-08-27 20:35:23,030 middleware [Auth] 🌐 Accès à la route publique : /api/news/v1/news/24/reactions/
DEBUG 2026-08-27 20:35:23,433 middleware [TenantMiddleware] 🔍 Processing request: /api/news/v1/news/24/reactions/
DEBUG 2026-08-27 20:35:23,433 middleware [TenantMiddleware] 🔍 Route type: TENANT_PUBLIC
DEBUG 2026-08-27 20:35:23,433 middleware [TenantMiddleware] 🔍 API Version: v1
DEBUG 2026-08-27 20:35:23,434 middleware [MultiTenant] Cache hit pour civitas -> civitas (civitas)
DEBUG 2026-08-27 20:35:23,434 middleware [MultiTenant] 🌐 Tenant résolu : civitas pour /api/news/v1/news/24/reactions/
DEBUG 2026-08-27 20:35:23,434 middleware [MultiTenant] 🌐 Route TENANT_PUBLIC : /api/news/v1/news/24/reactions/ | Tenant: civitas
DEBUG 2026-08-27 20:35:23,434 middleware [JWTMiddleware] 🔍 Processing request: /api/news/v1/news/24/reactions/
DEBUG 2026-08-27 20:35:23,434 middleware [JWTMiddleware] 🔍 Is public route: True
DEBUG 2026-08-27 20:35:23,435 middleware [JWTMiddleware] 🔍 Is authenticated route: False
DEBUG 2026-08-27 20:35:23,435 middleware [JWTMiddleware] 🔍 Is admin route: False
DEBUG 2026-08-27 20:35:23,435 middleware [Auth] 🌐 Accès à la route publique : /api/news/v1/news/24/reactions/
DEBUG 2026-08-27 20:35:23,647 middleware [TenantMiddleware] 🔍 Processing request: /api/news/v1/news/24/reactions/
DEBUG 2026-08-27 20:35:23,647 middleware [TenantMiddleware] 🔍 Route type: TENANT_PUBLIC
DEBUG 2026-08-27 20:35:23,647 middleware [TenantMiddleware] 🔍 API Version: v1
DEBUG 2026-08-27 20:35:23,648 middleware [MultiTenant] Cache hit pour civitas -> civitas (civitas)
DEBUG 2026-08-27 20:35:23,648 middleware [MultiTenant] 🌐 Tenant résolu : civitas pour /api/news/v1/news/24/reactions/
DEBUG 2026-08-27 20:35:23,648 middleware [MultiTenant] 🌐 Route TENANT_PUBLIC : /api/news/v1/news/24/reactions/ | Tenant: civitas
DEBUG 2026-08-27 20:35:23,648 middleware [JWTMiddleware] 🔍 Processing request: /api/news/v1/news/24/reactions/
DEBUG 2026-08-27 20:35:23,648 middleware [JWTMiddleware] 🔍 Is public route: True
DEBUG 2026-08-27 20:35:23,648 middleware [JWTMiddleware] 🔍 Is authenticated route: False
DEBUG 2026-08-27 20:35:23,648 middleware [JWTMiddleware] 🔍 Is admin route: False
DEBUG 2026-08-27 20:35:23,649 middleware [Auth] 🌐 Accès à la route publique : /api/news/v1/news/24/reactions/
DEBUG 2026-08-27 20:35:23,841 middleware [TenantMiddleware] 🔍 Processing request: /api/news/v1/news/24/reactions/
DEBUG 2026-08-27 20:35:23,841 middleware [TenantMiddleware] 🔍 Route type: TENANT_PUBLIC
DEBUG 2026-08-27 20:35:23,841 middleware [TenantMiddleware] 🔍 API Version: v1
DEBUG 2026-08-27 20:35:23,842 middleware [MultiTenant] Cache hit pour civitas -> civitas (civitas)
DEBUG 2026-08-27 20:35:23,842 middleware [MultiTenant] 🌐 Tenant résolu : civitas pour /api/news/v1/news/24/reactions/
DEBUG 2026-08-27 20:35:23,842 middleware [MultiTenant] 🌐 Route TENANT_PUBLIC : /api/news/v1/news/24/reactions/ | Tenant: civitas
DEBUG 2026-08-27 20:35:23,842 middleware [JWTMiddleware] 🔍 Processing request: /api/news/v1/news/24/reactions/
DEBUG 2026-08-27 20:35:23,842 middleware [JWTMiddleware] 🔍 Is public route: True
DEBUG 2026-08-27 20:35:23,842 middleware [JWTMiddleware] 🔍 Is authenticated route: False
DEBUG 2026-08-27 20:35:23,842 middleware [JWTMiddleware] 🔍 Is admin route: False
DEBUG 2026-08-27 20:35:23,842 middleware [Auth] 🌐 Accès à la route publique : /api/news/v1/news/24/reactions/
DEBUG 2026-08-27 20:35:23,992 middleware [TenantMiddleware] 🔍 Processing request: /api/news/v1/news/24/reactions/
DEBUG 2026-08-27 20:35:23,992 middleware [TenantMiddleware] 🔍 Route type: TENANT_PUBLIC
DEBUG 2026-08-27 20:35:23,992 middleware [TenantMiddleware] 🔍 API Version: v1
DEBUG 2026-08-27 20:35:23,993 middleware [MultiTenant] Cache hit pour civitas -> civitas (civitas)
DEBUG 2026-08-27 20:35:23,993 middleware [MultiTenant] 🌐 Tenant résolu : civitas pour /api/news/v1/news/24/reactions/
DEBUG 2026-08-27 20:35:23,993 middleware [MultiTenant] 🌐 Route TENANT_PUBLIC : /api/news/v1/news/24/reactions/ | Tenant: civitas
DEBUG 2026-08-27 20:35:23,993 middleware [JWTMiddleware] 🔍 Processing request: /api/news/v1/news/24/reactions/
DEBUG 2026-08-27 20:35:23,993 middleware [JWTMiddleware] 🔍 Is public route: True
DEBUG 2026-08-27 20:35:23,993 middleware [JWTMiddleware] 🔍 Is authenticated route: False
DEBUG 2026-08-27 20:35:23,993 middleware [JWTMiddleware] 🔍 Is admin route: False
DEBUG 2026-08-27 20:35:23,993 middleware [Auth] 🌐 Accès à la route publique : /api/news/v1/news/24/reactions/
DEBUG 2026-08-27 20:35:24,159 middleware [TenantMiddleware] 🔍 Processing request: /api/news/v1/news/24/reactions/
DEBUG 2026-08-27 20:35:24,159 middleware [TenantMiddleware] 🔍 Route type: TENANT_PUBLIC
DEBUG 2026-08-27 20:35:24,159 middleware [TenantMiddleware] 🔍 API Version: v1
DEBUG 2026-08-27 20:35:24,159 middleware [MultiTenant] Cache hit pour civitas -> civitas (civitas)
DEBUG 2026-08-27 20:35:24,159 middleware [MultiTenant] 🌐 Tenant résolu : civitas pour /api/news/v1/news/24/reactions/
DEBUG 2026-08-27 20:35:24,159 middleware [MultiTenant] 🌐 Route TENANT_PUBLIC : /api/news/v1/news/24/reactions/ | Tenant: civitas
DEBUG 2026-08-27 20:35:24,160 middleware [JWTMiddleware] 🔍 Processing request: /api/news/v1/news/24/reactions/
DEBUG 2026-08-27 20:35:24,160 middleware [JWTMiddleware] 🔍 Is public route: True
DEBUG 2026-08-27 20:35:24,160 middleware [JWTMiddleware] 🔍 Is authenticated route: False
DEBUG 2026-08-27 20:35:24,160 middleware [JWTMiddleware] 🔍 Is admin route: False
DEBUG 2026-08-27 20:35:24,160 middleware [Auth] 🌐 Accès à la route publique : /api/news/v1/news/24/reactions/
DEBUG 2026-08-27 20:35:24,324 middleware [TenantMiddleware] 🔍 Processing request: /api/news/v1/news/24/reactions/
DEBUG 2026-08-27 20:35:24,324 middleware [TenantMiddleware] 🔍 Route type: TENANT_PUBLIC
DEBUG 2026-08-27 20:35:24,324 middleware [TenantMiddleware] 🔍 API Version: v1
DEBUG 2026-08-27 20:35:24,325 middleware [MultiTenant] Cache hit pour civitas -> civitas (civitas)
DEBUG 2026-08-27 20:35:24,325 middleware [MultiTenant] 🌐 Tenant résolu : civitas pour /api/news/v1/news/24/reactions/
DEBUG 2026-08-27 20:35:24,325 middleware [MultiTenant] 🌐 Route TENANT_PUBLIC : /api/news/v1/news/24/reactions/ | Tenant: civitas
DEBUG 2026-08-27 20:35:24,325 middleware [JWTMiddleware] 🔍 Processing request: /api/news/v1/news/24/reactions/
DEBUG 2026-08-27 20:35:24,325 middleware [JWTMiddleware] 🔍 Is public route: True
DEBUG 2026-08-27 20:35:24,325 middleware [JWTMiddleware] 🔍 Is authenticated route: False
DEBUG 2026-08-27 20:35:24,326 middleware [JWTMiddleware] 🔍 Is admin route: False
DEBUG 2026-08-27 20:35:24,326 middleware [Auth] 🌐 Accès à la route publique : /api/news/v1/news/24/reactions/
DEBUG 2026-08-27 20:35:24,490 middleware [TenantMiddleware] 🔍 Processing request: /api/news/v1/news/24/reactions/
DEBUG 2026-08-27 20:35:24,490 middleware [TenantMiddleware] 🔍 Route type: TENANT_PUBLIC
DEBUG 2026-08-27 20:35:24,490 middleware [TenantMiddleware] 🔍 API Version: v1
DEBUG 2026-08-27 20:35:24,490 middleware [MultiTenant] Cache hit pour civitas -> civitas (civitas)
DEBUG 2026-08-27 20:35:24,490 middleware [MultiTenant] 🌐 Tenant résolu : civitas pour /api/news/v1/news/24/reactions/
DEBUG 2026-08-27 20:35:24,490 middleware [MultiTenant] 🌐 Route TENANT_PUBLIC : /api/news/v1/news/24/reactions/ | Tenant: civitas
DEBUG 2026-08-27 20:35:24,491 middleware [JWTMiddleware] 🔍 Processing request: /api/news/v1/news/24/reactions/
DEBUG 2026-08-27 20:35:24,491 middleware [JWTMiddleware] 🔍 Is public route: True
DEBUG 2026-08-27 20:35:24,491 middleware [JWTMiddleware] 🔍 Is authenticated route: False
DEBUG 2026-08-27 20:35:24,491 middleware [JWTMiddleware] 🔍 Is admin route: False
DEBUG 2026-08-27 20:35:24,491 middleware [Auth] 🌐 Accès à la route publique : /api/news/v1/news/24/reactions/
DEBUG 2026-08-27 20:35:24,658 middleware [TenantMiddleware] 🔍 Processing request: /api/news/v1/news/24/reactions/
DEBUG 2026-08-27 20:35:24,658 middleware [TenantMiddleware] 🔍 Route type: TENANT_PUBLIC
DEBUG 2026-08-27 20:35:24,658 middleware [TenantMiddleware] 🔍 API Version: v1
DEBUG 2026-08-27 20:35:24,658 middleware [MultiTenant] Cache hit pour civitas -> civitas (civitas)
DEBUG 2026-08-27 20:35:24,659 middleware [MultiTenant] 🌐 Tenant résolu : civitas pour /api/news/v1/news/24/reactions/
DEBUG 2026-08-27 20:35:24,659 middleware [MultiTenant] 🌐 Route TENANT_PUBLIC : /api/news/v1/news/24/reactions/ | Tenant: civitas
DEBUG 2026-08-27 20:35:24,659 middleware [JWTMiddleware] 🔍 Processing request: /api/news/v1/news/24/reactions/
DEBUG 2026-08-27 20:35:24,659 middleware [JWTMiddleware] 🔍 Is public route: True
DEBUG 2026-08-27 20:35:24,659 middleware [JWTMiddleware] 🔍 Is authenticated route: False
DEBUG 2026-08-27 20:35:24,659 middleware [JWTMiddleware] 🔍 Is admin route: False
DEBUG 2026-08-27 20:35:24,659 middleware [Auth] 🌐 Accès à la route publique : /api/news/v1/news/24/reactions/
DEBUG 2026-08-27 20:35:24,989 middleware [TenantMiddleware] 🔍 Processing request: /api/news/v1/news/24/reactions/
DEBUG 2026-08-27 20:35:24,989 middleware [TenantMiddleware] 🔍 Route type: TENANT_PUBLIC
DEBUG 2026-08-27 20:35:24,990 middleware [TenantMiddleware] 🔍 API Version: v1
DEBUG 2026-08-27 20:35:24,990 middleware [MultiTenant] Cache hit pour civitas -> civitas (civitas)
DEBUG 2026-08-27 20:35:24,990 middleware [MultiTenant] 🌐 Tenant résolu : civitas pour /api/news/v1/news/24/reactions/
DEBUG 2026-08-27 20:35:24,990 middleware [MultiTenant] 🌐 Route TENANT_PUBLIC : /api/news/v1/news/24/reactions/ | Tenant: civitas
DEBUG 2026-08-27 20:35:24,990 middleware [JWTMiddleware] 🔍 Processing request: /api/news/v1/news/24/reactions/
DEBUG 2026-08-27 20:35:24,991 middleware [JWTMiddleware] 🔍 Is public route: True
DEBUG 2026-08-27 20:35:24,991 middleware [JWTMiddleware] 🔍 Is authenticated route: False
DEBUG 2026-08-27 20:35:24,991 middleware [JWTMiddleware] 🔍 Is admin route: False
DEBUG 2026-08-27 20:35:24,991 middleware [Auth] 🌐 Accès à la route publique : /api/news/v1/news/24/reactions/
DEBUG 2026-08-27 20:35:25,320 middleware [TenantMiddleware] 🔍 Processing request: /api/news/v1/news/24/reactions/
DEBUG 2026-08-27 20:35:25,321 middleware [TenantMiddleware] 🔍 Route type: TENANT_PUBLIC
DEBUG 2026-08-27 20:35:25,321 middleware [TenantMiddleware] 🔍 API Version: v1
DEBUG 2026-08-27 20:35:25,321 middleware [MultiTenant] Cache hit pour civitas -> civitas (civitas)
DEBUG 2026-08-27 20:35:25,321 middleware [MultiTenant] 🌐 Tenant résolu : civitas pour /api/news/v1/news/24/reactions/
DEBUG 2026-08-27 20:35:25,321 middleware [MultiTenant] 🌐 Route TENANT_PUBLIC : /api/news/v1/news/24/reactions/ | Tenant: civitas
DEBUG 2026-08-27 20:35:25,321 middleware [JWTMiddleware] 🔍 Processing request: /api/news/v1/news/24/reactions/
DEBUG 2026-08-27 20:35:25,322 middleware [JWTMiddleware] 🔍 Is public route: True
DEBUG 2026-08-27 20:35:25,322 middleware [JWTMiddleware] 🔍 Is authenticated route: False
DEBUG 2026-08-27 20:35:25,322 middleware [JWTMiddleware] 🔍 Is admin route: False
DEBUG 2026-08-27 20:35:25,322 middleware [Auth] 🌐 Accès à la route publique : /api/news/v1/news/24/reactions/
DEBUG 2026-08-27 20:35:32,738 middleware [TenantMiddleware] 🔍 Processing request: /api/news/v1/news/
DEBUG 2026-08-27 20:35:32,738 middleware [TenantMiddleware] 🔍 Processing request: /api/news/v1/news/
DEBUG 2026-08-27 20:35:32,738 middleware [TenantMiddleware] 🔍 Route type: TENANT_PUBLIC
DEBUG 2026-08-27 20:35:32,738 middleware [TenantMiddleware] 🔍 Route type: TENANT_PUBLIC
DEBUG 2026-08-27 20:35:32,739 middleware [TenantMiddleware] 🔍 API Version: v1
DEBUG 2026-08-27 20:35:32,739 middleware [TenantMiddleware] 🔍 API Version: v1
DEBUG 2026-08-27 20:35:32,739 middleware [MultiTenant] Cache hit pour civitas -> civitas (civitas)
DEBUG 2026-08-27 20:35:32,739 middleware [MultiTenant] Cache hit pour civitas -> civitas (civitas)
DEBUG 2026-08-27 20:35:32,739 middleware [MultiTenant] 🌐 Tenant résolu : civitas pour /api/news/v1/news/
DEBUG 2026-08-27 20:35:32,740 middleware [MultiTenant] 🌐 Tenant résolu : civitas pour /api/news/v1/news/
DEBUG 2026-08-27 20:35:32,740 middleware [MultiTenant] 🌐 Route TENANT_PUBLIC : /api/news/v1/news/ | Tenant: civitas
DEBUG 2026-08-27 20:35:32,740 middleware [MultiTenant] 🌐 Route TENANT_PUBLIC : /api/news/v1/news/ | Tenant: civitas
DEBUG 2026-08-27 20:35:32,740 middleware [JWTMiddleware] 🔍 Processing request: /api/news/v1/news/
DEBUG 2026-08-27 20:35:32,740 middleware [JWTMiddleware] 🔍 Processing request: /api/news/v1/news/
DEBUG 2026-08-27 20:35:32,740 middleware [JWTMiddleware] 🔍 Is public route: True
DEBUG 2026-08-27 20:35:32,741 middleware [JWTMiddleware] 🔍 Is public route: True
DEBUG 2026-08-27 20:35:32,741 middleware [JWTMiddleware] 🔍 Is authenticated route: False
DEBUG 2026-08-27 20:35:32,741 middleware [JWTMiddleware] 🔍 Is authenticated route: False
DEBUG 2026-08-27 20:35:32,741 middleware [JWTMiddleware] 🔍 Is admin route: False
DEBUG 2026-08-27 20:35:32,741 middleware [JWTMiddleware] 🔍 Is admin route: False
DEBUG 2026-08-27 20:35:32,741 middleware [Auth] 🌐 Accès à la route publique : /api/news/v1/news/
DEBUG 2026-08-27 20:35:32,742 middleware [TenantMiddleware] 🔍 Processing request: /api/notifications/v1/notifications/
DEBUG 2026-08-27 20:35:32,742 middleware [Auth] 🌐 Accès à la route publique : /api/news/v1/news/
DEBUG 2026-08-27 20:35:32,747 middleware [TenantMiddleware] 🔍 Route type: AUTHENTICATED
DEBUG 2026-08-27 20:35:32,752 middleware [TenantMiddleware] 🔍 API Version: v1
DEBUG 2026-08-27 20:35:32,752 middleware [MultiTenant] Cache hit pour civitas -> civitas (civitas)
DEBUG 2026-08-27 20:35:32,753 middleware [MultiTenant] 🌐 Tenant résolu : civitas pour /api/notifications/v1/notifications/
DEBUG 2026-08-27 20:35:32,753 middleware [MultiTenant] 🔐 Route AUTHENTICATED : /api/notifications/v1/notifications/ | Tenant: civitas
DEBUG 2026-08-27 20:35:32,753 middleware [JWTMiddleware] 🔍 Processing request: /api/notifications/v1/notifications/
DEBUG 2026-08-27 20:35:32,753 middleware [JWTMiddleware] 🔍 Is public route: False
DEBUG 2026-08-27 20:35:32,753 middleware [JWTMiddleware] 🔍 Is authenticated route: True
DEBUG 2026-08-27 20:35:32,754 middleware [JWTMiddleware] 🔍 Is admin route: False
DEBUG 2026-08-27 20:35:32,754 middleware [Auth] Aucun token trouvé dans la requête
WARNING 2026-08-27 20:35:32,754 middleware [Auth] ⚠️ Authentification requise pour : /api/notifications/v1/notifications/
WARNING 2026-08-27 20:35:32,755 log Unauthorized: /api/notifications/v1/notifications/
WARNING 2026-08-27 20:35:32,756 basehttp "GET /api/notifications/v1/notifications/?page=1 HTTP/1.1" 401 110
DEBUG 2026-08-27 20:35:33,008 middleware [TenantMiddleware] 🔍 Processing request: /api/news/v1/news/
DEBUG 2026-08-27 20:35:33,009 middleware [TenantMiddleware] 🔍 Route type: TENANT_PUBLIC
DEBUG 2026-08-27 20:35:33,009 middleware [TenantMiddleware] 🔍 API Version: v1
DEBUG 2026-08-27 20:35:33,010 middleware [MultiTenant] Cache hit pour civitas -> civitas (civitas)
DEBUG 2026-08-27 20:35:33,013 middleware [MultiTenant] 🌐 Tenant résolu : civitas pour /api/news/v1/news/
DEBUG 2026-08-27 20:35:33,014 middleware [MultiTenant] 🌐 Route TENANT_PUBLIC : /api/news/v1/news/ | Tenant: civitas
DEBUG 2026-08-27 20:35:33,014 middleware [JWTMiddleware] 🔍 Processing request: /api/news/v1/news/
DEBUG 2026-08-27 20:35:33,015 middleware [JWTMiddleware] 🔍 Is public route: True
DEBUG 2026-08-27 20:35:33,015 middleware [JWTMiddleware] 🔍 Is authenticated route: False
DEBUG 2026-08-27 20:35:33,015 middleware [JWTMiddleware] 🔍 Is admin route: False
DEBUG 2026-08-27 20:35:33,015 middleware [Auth] 🌐 Accès à la route publique : /api/news/v1/news/
DEBUG 2026-08-27 20:35:33,021 middleware [TenantMiddleware] 🔍 Processing request: /api/news/v1/news/
DEBUG 2026-08-27 20:35:33,023 middleware [TenantMiddleware] 🔍 Route type: TENANT_PUBLIC
DEBUG 2026-08-27 20:35:33,023 middleware [TenantMiddleware] 🔍 API Version: v1
DEBUG 2026-08-27 20:35:33,023 middleware [MultiTenant] Cache hit pour civitas -> civitas (civitas)
DEBUG 2026-08-27 20:35:33,024 middleware [MultiTenant] 🌐 Tenant résolu : civitas pour /api/news/v1/news/
DEBUG 2026-08-27 20:35:33,024 middleware [MultiTenant] 🌐 Route TENANT_PUBLIC : /api/news/v1/news/ | Tenant: civitas
DEBUG 2026-08-27 20:35:33,024 middleware [JWTMiddleware] 🔍 Processing request: /api/news/v1/news/
DEBUG 2026-08-27 20:35:33,024 middleware [JWTMiddleware] 🔍 Is public route: True
DEBUG 2026-08-27 20:35:33,024 middleware [JWTMiddleware] 🔍 Is authenticated route: False
DEBUG 2026-08-27 20:35:33,024 middleware [JWTMiddleware] 🔍 Is admin route: False
DEBUG 2026-08-27 20:35:33,024 middleware [Auth] 🌐 Accès à la route publique : /api/news/v1/news/
DEBUG 2026-08-27 20:35:33,048 middleware [TenantMiddleware] 🔍 Processing request: /api/news/v1/news/
DEBUG 2026-08-27 20:35:33,049 middleware [TenantMiddleware] 🔍 Route type: TENANT_PUBLIC
DEBUG 2026-08-27 20:35:33,049 middleware [TenantMiddleware] 🔍 API Version: v1
DEBUG 2026-08-27 20:35:33,049 middleware [MultiTenant] Cache hit pour civitas -> civitas (civitas)
DEBUG 2026-08-27 20:35:33,049 middleware [MultiTenant] 🌐 Tenant résolu : civitas pour /api/news/v1/news/
DEBUG 2026-08-27 20:35:33,050 middleware [MultiTenant] 🌐 Route TENANT_PUBLIC : /api/news/v1/news/ | Tenant: civitas
DEBUG 2026-08-27 20:35:33,050 middleware [JWTMiddleware] 🔍 Processing request: /api/news/v1/news/
DEBUG 2026-08-27 20:35:33,050 middleware [JWTMiddleware] 🔍 Is public route: True
DEBUG 2026-08-27 20:35:33,050 middleware [JWTMiddleware] 🔍 Is authenticated route: False
DEBUG 2026-08-27 20:35:33,050 middleware [JWTMiddleware] 🔍 Is admin route: False
DEBUG 2026-08-27 20:35:33,051 middleware [Auth] 🌐 Accès à la route publique : /api/news/v1/news/
DEBUG 2026-08-27 20:35:33,065 middleware [TenantMiddleware] 🔍 Processing request: /api/news/v1/news/
DEBUG 2026-08-27 20:35:33,073 middleware [TenantMiddleware] 🔍 Route type: TENANT_PUBLIC
DEBUG 2026-08-27 20:35:33,073 middleware [TenantMiddleware] 🔍 API Version: v1
DEBUG 2026-08-27 20:35:33,073 middleware [MultiTenant] Cache hit pour civitas -> civitas (civitas)
DEBUG 2026-08-27 20:35:33,074 middleware [MultiTenant] 🌐 Tenant résolu : civitas pour /api/news/v1/news/
DEBUG 2026-08-27 20:35:33,074 middleware [MultiTenant] 🌐 Route TENANT_PUBLIC : /api/news/v1/news/ | Tenant: civitas
DEBUG 2026-08-27 20:35:33,077 middleware [JWTMiddleware] 🔍 Processing request: /api/news/v1/news/
DEBUG 2026-08-27 20:35:33,077 middleware [JWTMiddleware] 🔍 Is public route: True
DEBUG 2026-08-27 20:35:33,077 middleware [JWTMiddleware] 🔍 Is authenticated route: False
DEBUG 2026-08-27 20:35:33,077 middleware [JWTMiddleware] 🔍 Is admin route: False
DEBUG 2026-08-27 20:35:33,080 middleware [Auth] 🌐 Accès à la route publique : /api/news/v1/news/
DEBUG 2026-08-27 20:35:33,450 middleware [TenantMiddleware] 🔍 Processing request: /api/news/v1/news/
DEBUG 2026-08-27 20:35:33,450 middleware [TenantMiddleware] 🔍 Route type: TENANT_PUBLIC
DEBUG 2026-08-27 20:35:33,450 middleware [TenantMiddleware] 🔍 API Version: v1
DEBUG 2026-08-27 20:35:33,451 middleware [TenantMiddleware] 🔍 Processing request: /api/news/v1/news/
DEBUG 2026-08-27 20:35:33,451 middleware [MultiTenant] Cache hit pour civitas -> civitas (civitas)
DEBUG 2026-08-27 20:35:33,451 middleware [TenantMiddleware] 🔍 Route type: TENANT_PUBLIC
DEBUG 2026-08-27 20:35:33,452 middleware [MultiTenant] 🌐 Tenant résolu : civitas pour /api/news/v1/news/
DEBUG 2026-08-27 20:35:33,452 middleware [TenantMiddleware] 🔍 API Version: v1
DEBUG 2026-08-27 20:35:33,452 middleware [MultiTenant] 🌐 Route TENANT_PUBLIC : /api/news/v1/news/ | Tenant: civitas
DEBUG 2026-08-27 20:35:33,452 middleware [MultiTenant] Cache hit pour civitas -> civitas (civitas)
DEBUG 2026-08-27 20:35:33,453 middleware [JWTMiddleware] 🔍 Processing request: /api/news/v1/news/
DEBUG 2026-08-27 20:35:33,453 middleware [MultiTenant] 🌐 Tenant résolu : civitas pour /api/news/v1/news/
DEBUG 2026-08-27 20:35:33,453 middleware [JWTMiddleware] 🔍 Is public route: True
DEBUG 2026-08-27 20:35:33,453 middleware [MultiTenant] 🌐 Route TENANT_PUBLIC : /api/news/v1/news/ | Tenant: civitas
DEBUG 2026-08-27 20:35:33,453 middleware [JWTMiddleware] 🔍 Is authenticated route: False
DEBUG 2026-08-27 20:35:33,453 middleware [JWTMiddleware] 🔍 Processing request: /api/news/v1/news/
DEBUG 2026-08-27 20:35:33,454 middleware [JWTMiddleware] 🔍 Is admin route: False
DEBUG 2026-08-27 20:35:33,454 middleware [JWTMiddleware] 🔍 Is public route: True
DEBUG 2026-08-27 20:35:33,454 middleware [Auth] 🌐 Accès à la route publique : /api/news/v1/news/
DEBUG 2026-08-27 20:35:33,454 middleware [JWTMiddleware] 🔍 Is authenticated route: False
DEBUG 2026-08-27 20:35:33,461 middleware [JWTMiddleware] 🔍 Is admin route: False
DEBUG 2026-08-27 20:35:33,461 middleware [Auth] 🌐 Accès à la route publique : /api/news/v1/news/
DEBUG 2026-08-27 20:35:41,161 middleware [TenantMiddleware] 🔍 Processing request: /api/news/v1/news/24/reactions/
DEBUG 2026-08-27 20:35:41,161 middleware [TenantMiddleware] 🔍 Route type: TENANT_PUBLIC
DEBUG 2026-08-27 20:35:41,161 middleware [TenantMiddleware] 🔍 API Version: v1
DEBUG 2026-08-27 20:35:41,162 middleware [MultiTenant] Cache hit pour civitas -> civitas (civitas)
DEBUG 2026-08-27 20:35:41,163 middleware [MultiTenant] 🌐 Tenant résolu : civitas pour /api/news/v1/news/24/reactions/
DEBUG 2026-08-27 20:35:41,163 middleware [MultiTenant] 🌐 Route TENANT_PUBLIC : /api/news/v1/news/24/reactions/ | Tenant: civitas
DEBUG 2026-08-27 20:35:41,163 middleware [JWTMiddleware] 🔍 Processing request: /api/news/v1/news/24/reactions/
DEBUG 2026-08-27 20:35:41,164 middleware [JWTMiddleware] 🔍 Is public route: True
DEBUG 2026-08-27 20:35:41,164 middleware [JWTMiddleware] 🔍 Is authenticated route: False
DEBUG 2026-08-27 20:35:41,165 middleware [JWTMiddleware] 🔍 Is admin route: False
DEBUG 2026-08-27 20:35:41,165 middleware [Auth] 🌐 Accès à la route publique : /api/news/v1/news/24/reactions/
DEBUG 2026-08-27 20:35:44,416 middleware [TenantMiddleware] 🔍 Processing request: /api/news/v1/news/
DEBUG 2026-08-27 20:35:44,416 middleware [TenantMiddleware] 🔍 Processing request: /api/news/v1/news/
DEBUG 2026-08-27 20:35:44,417 middleware [TenantMiddleware] 🔍 Route type: TENANT_PUBLIC
DEBUG 2026-08-27 20:35:44,417 middleware [TenantMiddleware] 🔍 Route type: TENANT_PUBLIC
DEBUG 2026-08-27 20:35:44,417 middleware [TenantMiddleware] 🔍 API Version: v1
DEBUG 2026-08-27 20:35:44,417 middleware [TenantMiddleware] 🔍 API Version: v1
DEBUG 2026-08-27 20:35:44,417 middleware [MultiTenant] Cache hit pour civitas -> civitas (civitas)
DEBUG 2026-08-27 20:35:44,418 middleware [MultiTenant] Cache hit pour civitas -> civitas (civitas)
DEBUG 2026-08-27 20:35:44,418 middleware [MultiTenant] 🌐 Tenant résolu : civitas pour /api/news/v1/news/
DEBUG 2026-08-27 20:35:44,418 middleware [MultiTenant] 🌐 Tenant résolu : civitas pour /api/news/v1/news/
DEBUG 2026-08-27 20:35:44,418 middleware [MultiTenant] 🌐 Route TENANT_PUBLIC : /api/news/v1/news/ | Tenant: civitas
DEBUG 2026-08-27 20:35:44,419 middleware [TenantMiddleware] 🔍 Processing request: /api/notifications/v1/notifications/
DEBUG 2026-08-27 20:35:44,419 middleware [MultiTenant] 🌐 Route TENANT_PUBLIC : /api/news/v1/news/ | Tenant: civitas
DEBUG 2026-08-27 20:35:44,419 middleware [JWTMiddleware] 🔍 Processing request: /api/news/v1/news/
DEBUG 2026-08-27 20:35:44,420 middleware [TenantMiddleware] 🔍 Route type: AUTHENTICATED
DEBUG 2026-08-27 20:35:44,420 middleware [JWTMiddleware] 🔍 Processing request: /api/news/v1/news/
DEBUG 2026-08-27 20:35:44,420 middleware [JWTMiddleware] 🔍 Is public route: True
DEBUG 2026-08-27 20:35:44,420 middleware [TenantMiddleware] 🔍 API Version: v1
DEBUG 2026-08-27 20:35:44,420 middleware [JWTMiddleware] 🔍 Is public route: True
DEBUG 2026-08-27 20:35:44,421 middleware [JWTMiddleware] 🔍 Is authenticated route: False
DEBUG 2026-08-27 20:35:44,421 middleware [MultiTenant] Cache hit pour civitas -> civitas (civitas)
DEBUG 2026-08-27 20:35:44,421 middleware [JWTMiddleware] 🔍 Is authenticated route: False
DEBUG 2026-08-27 20:35:44,421 middleware [JWTMiddleware] 🔍 Is admin route: False
DEBUG 2026-08-27 20:35:44,421 middleware [MultiTenant] 🌐 Tenant résolu : civitas pour /api/notifications/v1/notifications/
DEBUG 2026-08-27 20:35:44,421 middleware [JWTMiddleware] 🔍 Is admin route: False
DEBUG 2026-08-27 20:35:44,422 middleware [Auth] 🌐 Accès à la route publique : /api/news/v1/news/
DEBUG 2026-08-27 20:35:44,422 middleware [MultiTenant] 🔐 Route AUTHENTICATED : /api/notifications/v1/notifications/ | Tenant: civitas
DEBUG 2026-08-27 20:35:44,422 middleware [Auth] 🌐 Accès à la route publique : /api/news/v1/news/
DEBUG 2026-08-27 20:35:44,426 middleware [JWTMiddleware] 🔍 Processing request: /api/notifications/v1/notifications/
DEBUG 2026-08-27 20:35:44,433 middleware [JWTMiddleware] 🔍 Is public route: False
DEBUG 2026-08-27 20:35:44,433 middleware [JWTMiddleware] 🔍 Is authenticated route: True
DEBUG 2026-08-27 20:35:44,433 middleware [JWTMiddleware] 🔍 Is admin route: False
DEBUG 2026-08-27 20:35:44,433 middleware [Auth] Aucun token trouvé dans la requête
WARNING 2026-08-27 20:35:44,434 middleware [Auth] ⚠️ Authentification requise pour : /api/notifications/v1/notifications/
WARNING 2026-08-27 20:35:44,434 log Unauthorized: /api/notifications/v1/notifications/
WARNING 2026-08-27 20:35:44,434 basehttp "GET /api/notifications/v1/notifications/?page=1 HTTP/1.1" 401 110
DEBUG 2026-08-27 20:35:44,685 middleware [TenantMiddleware] 🔍 Processing request: /api/news/v1/news/
DEBUG 2026-08-27 20:35:44,685 middleware [TenantMiddleware] 🔍 Route type: TENANT_PUBLIC
DEBUG 2026-08-27 20:35:44,685 middleware [TenantMiddleware] 🔍 API Version: v1
DEBUG 2026-08-27 20:35:44,685 middleware [MultiTenant] Cache hit pour civitas -> civitas (civitas)
DEBUG 2026-08-27 20:35:44,686 middleware [MultiTenant] 🌐 Tenant résolu : civitas pour /api/news/v1/news/
DEBUG 2026-08-27 20:35:44,687 middleware [MultiTenant] 🌐 Route TENANT_PUBLIC : /api/news/v1/news/ | Tenant: civitas
DEBUG 2026-08-27 20:35:44,687 middleware [JWTMiddleware] 🔍 Processing request: /api/news/v1/news/
DEBUG 2026-08-27 20:35:44,687 middleware [JWTMiddleware] 🔍 Is public route: True
DEBUG 2026-08-27 20:35:44,689 middleware [JWTMiddleware] 🔍 Is authenticated route: False
DEBUG 2026-08-27 20:35:44,689 middleware [JWTMiddleware] 🔍 Is admin route: False
DEBUG 2026-08-27 20:35:44,689 middleware [Auth] 🌐 Accès à la route publique : /api/news/v1/news/
DEBUG 2026-08-27 20:35:44,696 middleware [TenantMiddleware] 🔍 Processing request: /api/news/v1/news/
DEBUG 2026-08-27 20:35:44,696 middleware [TenantMiddleware] 🔍 Route type: TENANT_PUBLIC
DEBUG 2026-08-27 20:35:44,696 middleware [TenantMiddleware] 🔍 API Version: v1
DEBUG 2026-08-27 20:35:44,696 middleware [MultiTenant] Cache hit pour civitas -> civitas (civitas)
DEBUG 2026-08-27 20:35:44,697 middleware [MultiTenant] 🌐 Tenant résolu : civitas pour /api/news/v1/news/
DEBUG 2026-08-27 20:35:44,697 middleware [MultiTenant] 🌐 Route TENANT_PUBLIC : /api/news/v1/news/ | Tenant: civitas
DEBUG 2026-08-27 20:35:44,697 middleware [JWTMiddleware] 🔍 Processing request: /api/news/v1/news/
DEBUG 2026-08-27 20:35:44,697 middleware [JWTMiddleware] 🔍 Is public route: True
DEBUG 2026-08-27 20:35:44,697 middleware [JWTMiddleware] 🔍 Is authenticated route: False
DEBUG 2026-08-27 20:35:44,697 middleware [JWTMiddleware] 🔍 Is admin route: False
DEBUG 2026-08-27 20:35:44,697 middleware [Auth] 🌐 Accès à la route publique : /api/news/v1/news/
DEBUG 2026-08-27 20:35:44,727 middleware [TenantMiddleware] 🔍 Processing request: /api/news/v1/news/
DEBUG 2026-08-27 20:35:44,728 middleware [TenantMiddleware] 🔍 Route type: TENANT_PUBLIC
DEBUG 2026-08-27 20:35:44,728 middleware [TenantMiddleware] 🔍 API Version: v1
DEBUG 2026-08-27 20:35:44,728 middleware [MultiTenant] Cache hit pour civitas -> civitas (civitas)
DEBUG 2026-08-27 20:35:44,728 middleware [MultiTenant] 🌐 Tenant résolu : civitas pour /api/news/v1/news/
DEBUG 2026-08-27 20:35:44,729 middleware [TenantMiddleware] 🔍 Processing request: /api/news/v1/news/
DEBUG 2026-08-27 20:35:44,729 middleware [MultiTenant] 🌐 Route TENANT_PUBLIC : /api/news/v1/news/ | Tenant: civitas
DEBUG 2026-08-27 20:35:44,733 middleware [TenantMiddleware] 🔍 Route type: TENANT_PUBLIC
DEBUG 2026-08-27 20:35:44,733 middleware [JWTMiddleware] 🔍 Processing request: /api/news/v1/news/
DEBUG 2026-08-27 20:35:44,733 middleware [TenantMiddleware] 🔍 API Version: v1
DEBUG 2026-08-27 20:35:44,733 middleware [JWTMiddleware] 🔍 Is public route: True
DEBUG 2026-08-27 20:35:44,738 middleware [MultiTenant] Cache hit pour civitas -> civitas (civitas)
DEBUG 2026-08-27 20:35:44,738 middleware [JWTMiddleware] 🔍 Is authenticated route: False
DEBUG 2026-08-27 20:35:44,741 middleware [JWTMiddleware] 🔍 Is admin route: False
DEBUG 2026-08-27 20:35:44,742 middleware [Auth] 🌐 Accès à la route publique : /api/news/v1/news/
DEBUG 2026-08-27 20:35:44,739 middleware [MultiTenant] 🌐 Tenant résolu : civitas pour /api/news/v1/news/
DEBUG 2026-08-27 20:35:44,757 middleware [MultiTenant] 🌐 Route TENANT_PUBLIC : /api/news/v1/news/ | Tenant: civitas
DEBUG 2026-08-27 20:35:44,760 middleware [JWTMiddleware] 🔍 Processing request: /api/news/v1/news/
DEBUG 2026-08-27 20:35:44,761 middleware [JWTMiddleware] 🔍 Is public route: True
DEBUG 2026-08-27 20:35:44,761 middleware [JWTMiddleware] 🔍 Is authenticated route: False
DEBUG 2026-08-27 20:35:44,761 middleware [JWTMiddleware] 🔍 Is admin route: False
DEBUG 2026-08-27 20:35:44,763 middleware [Auth] 🌐 Accès à la route publique : /api/news/v1/news/
DEBUG 2026-08-27 20:35:45,169 middleware [TenantMiddleware] 🔍 Processing request: /api/news/v1/news/
DEBUG 2026-08-27 20:35:45,169 middleware [TenantMiddleware] 🔍 Route type: TENANT_PUBLIC
DEBUG 2026-08-27 20:35:45,169 middleware [TenantMiddleware] 🔍 API Version: v1
DEBUG 2026-08-27 20:35:45,169 middleware [MultiTenant] Cache hit pour civitas -> civitas (civitas)
DEBUG 2026-08-27 20:35:45,170 middleware [MultiTenant] 🌐 Tenant résolu : civitas pour /api/news/v1/news/
DEBUG 2026-08-27 20:35:45,170 middleware [MultiTenant] 🌐 Route TENANT_PUBLIC : /api/news/v1/news/ | Tenant: civitas
DEBUG 2026-08-27 20:35:45,170 middleware [JWTMiddleware] 🔍 Processing request: /api/news/v1/news/
DEBUG 2026-08-27 20:35:45,170 middleware [JWTMiddleware] 🔍 Is public route: True
DEBUG 2026-08-27 20:35:45,171 middleware [JWTMiddleware] 🔍 Is authenticated route: False
DEBUG 2026-08-27 20:35:45,171 middleware [JWTMiddleware] 🔍 Is admin route: False
DEBUG 2026-08-27 20:35:45,171 middleware [Auth] 🌐 Accès à la route publique : /api/news/v1/news/
DEBUG 2026-08-27 20:35:45,596 middleware [TenantMiddleware] 🔍 Processing request: /api/news/v1/news/
DEBUG 2026-08-27 20:35:45,596 middleware [TenantMiddleware] 🔍 Route type: TENANT_PUBLIC
DEBUG 2026-08-27 20:35:45,597 middleware [TenantMiddleware] 🔍 API Version: v1
DEBUG 2026-08-27 20:35:45,597 middleware [MultiTenant] Cache hit pour civitas -> civitas (civitas)
DEBUG 2026-08-27 20:35:45,597 middleware [MultiTenant] 🌐 Tenant résolu : civitas pour /api/news/v1/news/
DEBUG 2026-08-27 20:35:45,597 middleware [MultiTenant] 🌐 Route TENANT_PUBLIC : /api/news/v1/news/ | Tenant: civitas
DEBUG 2026-08-27 20:35:45,598 middleware [JWTMiddleware] 🔍 Processing request: /api/news/v1/news/
DEBUG 2026-08-27 20:35:45,598 middleware [JWTMiddleware] 🔍 Is public route: True
DEBUG 2026-08-27 20:35:45,598 middleware [JWTMiddleware] 🔍 Is authenticated route: False
DEBUG 2026-08-27 20:35:45,598 middleware [JWTMiddleware] 🔍 Is admin route: False
DEBUG 2026-08-27 20:35:45,599 middleware [Auth] 🌐 Accès à la route publique : /api/news/v1/news/
DEBUG 2026-08-27 20:35:52,747 middleware [TenantMiddleware] 🔍 Processing request: /api/token/v1/
DEBUG 2026-08-27 20:35:52,747 middleware [TenantMiddleware] 🔍 Route type: TENANT_PUBLIC
DEBUG 2026-08-27 20:35:52,748 middleware [TenantMiddleware] 🔍 API Version: v1
DEBUG 2026-08-27 20:35:52,749 middleware [MultiTenant] Cache hit pour civitas -> civitas (civitas)
DEBUG 2026-08-27 20:35:52,749 middleware [MultiTenant] 🌐 Tenant résolu : civitas pour /api/token/v1/
DEBUG 2026-08-27 20:35:52,750 middleware [MultiTenant] 🌐 Route TENANT_PUBLIC : /api/token/v1/ | Tenant: civitas
DEBUG 2026-08-27 20:35:52,750 middleware [JWTMiddleware] 🔍 Processing request: /api/token/v1/
DEBUG 2026-08-27 20:35:52,751 middleware [JWTMiddleware] 🔍 Is public route: True
DEBUG 2026-08-27 20:35:52,751 middleware [JWTMiddleware] 🔍 Is authenticated route: False
DEBUG 2026-08-27 20:35:52,752 middleware [JWTMiddleware] 🔍 Is admin route: False
DEBUG 2026-08-27 20:35:52,752 middleware [Auth] 🌐 Accès à la route publique : /api/token/v1/
DEBUG 2026-08-27 20:35:53,437 middleware [TenantMiddleware] 🔍 Processing request: /api/users/v1/users/me/
DEBUG 2026-08-27 20:35:53,438 middleware [TenantMiddleware] 🔍 Route type: AUTHENTICATED
DEBUG 2026-08-27 20:35:53,438 middleware [TenantMiddleware] 🔍 API Version: v1
DEBUG 2026-08-27 20:35:53,439 middleware [MultiTenant] Cache hit pour civitas -> civitas (civitas)
DEBUG 2026-08-27 20:35:53,439 middleware [MultiTenant] 🌐 Tenant résolu : civitas pour /api/users/v1/users/me/
DEBUG 2026-08-27 20:35:53,439 middleware [MultiTenant] 🔐 Route AUTHENTICATED : /api/users/v1/users/me/ | Tenant: civitas
DEBUG 2026-08-27 20:35:53,440 middleware [JWTMiddleware] 🔍 Processing request: /api/users/v1/users/me/
DEBUG 2026-08-27 20:35:53,440 middleware [JWTMiddleware] 🔍 Is public route: False
DEBUG 2026-08-27 20:35:53,440 middleware [JWTMiddleware] 🔍 Is authenticated route: True
DEBUG 2026-08-27 20:35:53,441 middleware [JWTMiddleware] 🔍 Is admin route: False
DEBUG 2026-08-27 20:35:53,441 middleware [Auth] Token extrait du header Authorization
DEBUG 2026-08-27 20:35:53,472 middleware [Auth] 🔐 Utilisateur authentifié : admin (ID: 1)
DEBUG 2026-08-27 20:35:53,472 middleware [Auth] ✅ Accès autorisé pour utilisateur authentifié : admin
DEBUG 2026-08-27 20:35:58,012 middleware [TenantMiddleware] 🔍 Processing request: /api/news/v1/news/24/reactions/
DEBUG 2026-08-27 20:35:58,012 middleware [TenantMiddleware] 🔍 Route type: TENANT_PUBLIC
DEBUG 2026-08-27 20:35:58,012 middleware [TenantMiddleware] 🔍 API Version: v1
DEBUG 2026-08-27 20:35:58,012 middleware [MultiTenant] Cache hit pour civitas -> civitas (civitas)
DEBUG 2026-08-27 20:35:58,012 middleware [MultiTenant] 🌐 Tenant résolu : civitas pour /api/news/v1/news/24/reactions/
DEBUG 2026-08-27 20:35:58,013 middleware [MultiTenant] 🌐 Route TENANT_PUBLIC : /api/news/v1/news/24/reactions/ | Tenant: civitas
DEBUG 2026-08-27 20:35:58,013 middleware [JWTMiddleware] 🔍 Processing request: /api/news/v1/news/24/reactions/
DEBUG 2026-08-27 20:35:58,013 middleware [JWTMiddleware] 🔍 Is public route: True
DEBUG 2026-08-27 20:35:58,013 middleware [JWTMiddleware] 🔍 Is authenticated route: False
DEBUG 2026-08-27 20:35:58,013 middleware [JWTMiddleware] 🔍 Is admin route: False
DEBUG 2026-08-27 20:35:58,013 middleware [Auth] 🌐 Accès à la route publique : /api/news/v1/news/24/reactions/
DEBUG 2026-08-27 20:35:58,413 middleware [TenantMiddleware] 🔍 Processing request: /api/news/v1/news/24/reactions/
DEBUG 2026-08-27 20:35:58,413 middleware [TenantMiddleware] 🔍 Route type: TENANT_PUBLIC
DEBUG 2026-08-27 20:35:58,414 middleware [TenantMiddleware] 🔍 API Version: v1
DEBUG 2026-08-27 20:35:58,415 middleware [MultiTenant] Cache hit pour civitas -> civitas (civitas)
DEBUG 2026-08-27 20:35:58,415 middleware [MultiTenant] 🌐 Tenant résolu : civitas pour /api/news/v1/news/24/reactions/
DEBUG 2026-08-27 20:35:58,415 middleware [MultiTenant] 🌐 Route TENANT_PUBLIC : /api/news/v1/news/24/reactions/ | Tenant: civitas
DEBUG 2026-08-27 20:35:58,416 middleware [JWTMiddleware] 🔍 Processing request: /api/news/v1/news/24/reactions/
DEBUG 2026-08-27 20:35:58,416 middleware [JWTMiddleware] 🔍 Is public route: True
DEBUG 2026-08-27 20:35:58,416 middleware [JWTMiddleware] 🔍 Is authenticated route: False
DEBUG 2026-08-27 20:35:58,417 middleware [JWTMiddleware] 🔍 Is admin route: False
DEBUG 2026-08-27 20:35:58,417 middleware [Auth] 🌐 Accès à la route publique : /api/news/v1/news/24/reactions/
DEBUG 2026-08-27 20:36:03,743 middleware [TenantMiddleware] 🔍 Processing request: /api/news/v1/news/
DEBUG 2026-08-27 20:36:03,743 middleware [TenantMiddleware] 🔍 Processing request: /api/news/v1/news/
DEBUG 2026-08-27 20:36:03,744 middleware [TenantMiddleware] 🔍 Route type: TENANT_PUBLIC
DEBUG 2026-08-27 20:36:03,744 middleware [TenantMiddleware] 🔍 Route type: TENANT_PUBLIC
DEBUG 2026-08-27 20:36:03,744 middleware [TenantMiddleware] 🔍 API Version: v1
DEBUG 2026-08-27 20:36:03,744 middleware [TenantMiddleware] 🔍 API Version: v1
DEBUG 2026-08-27 20:36:03,745 middleware [MultiTenant] Cache hit pour civitas -> civitas (civitas)
DEBUG 2026-08-27 20:36:03,745 middleware [MultiTenant] Cache hit pour civitas -> civitas (civitas)
DEBUG 2026-08-27 20:36:03,745 middleware [MultiTenant] 🌐 Tenant résolu : civitas pour /api/news/v1/news/
DEBUG 2026-08-27 20:36:03,746 middleware [MultiTenant] 🌐 Tenant résolu : civitas pour /api/news/v1/news/
DEBUG 2026-08-27 20:36:03,746 middleware [MultiTenant] 🌐 Route TENANT_PUBLIC : /api/news/v1/news/ | Tenant: civitas
DEBUG 2026-08-27 20:36:03,746 middleware [MultiTenant] 🌐 Route TENANT_PUBLIC : /api/news/v1/news/ | Tenant: civitas
DEBUG 2026-08-27 20:36:03,746 middleware [JWTMiddleware] 🔍 Processing request: /api/news/v1/news/
DEBUG 2026-08-27 20:36:03,747 middleware [TenantMiddleware] 🔍 Processing request: /api/notifications/v1/notifications/
DEBUG 2026-08-27 20:36:03,747 middleware [JWTMiddleware] 🔍 Processing request: /api/news/v1/news/
DEBUG 2026-08-27 20:36:03,748 middleware [TenantMiddleware] 🔍 Processing request: /api/users/v1/users/me/
DEBUG 2026-08-27 20:36:03,748 middleware [JWTMiddleware] 🔍 Is public route: True
DEBUG 2026-08-27 20:36:03,748 middleware [TenantMiddleware] 🔍 Route type: AUTHENTICATED
DEBUG 2026-08-27 20:36:03,749 middleware [JWTMiddleware] 🔍 Is public route: True
DEBUG 2026-08-27 20:36:03,749 middleware [TenantMiddleware] 🔍 Route type: AUTHENTICATED
DEBUG 2026-08-27 20:36:03,749 middleware [JWTMiddleware] 🔍 Is authenticated route: False
DEBUG 2026-08-27 20:36:03,749 middleware [TenantMiddleware] 🔍 API Version: v1
DEBUG 2026-08-27 20:36:03,749 middleware [JWTMiddleware] 🔍 Is authenticated route: False
DEBUG 2026-08-27 20:36:03,750 middleware [TenantMiddleware] 🔍 API Version: v1
DEBUG 2026-08-27 20:36:03,750 middleware [JWTMiddleware] 🔍 Is admin route: False
DEBUG 2026-08-27 20:36:03,750 middleware [MultiTenant] Cache hit pour civitas -> civitas (civitas)
DEBUG 2026-08-27 20:36:03,750 middleware [JWTMiddleware] 🔍 Is admin route: False
DEBUG 2026-08-27 20:36:03,751 middleware [MultiTenant] Cache hit pour civitas -> civitas (civitas)
DEBUG 2026-08-27 20:36:03,751 middleware [Auth] 🌐 Accès à la route publique : /api/news/v1/news/
DEBUG 2026-08-27 20:36:03,751 middleware [MultiTenant] 🌐 Tenant résolu : civitas pour /api/notifications/v1/notifications/
DEBUG 2026-08-27 20:36:03,751 middleware [Auth] 🌐 Accès à la route publique : /api/news/v1/news/
DEBUG 2026-08-27 20:36:03,751 middleware [MultiTenant] 🌐 Tenant résolu : civitas pour /api/users/v1/users/me/
DEBUG 2026-08-27 20:36:03,753 middleware [MultiTenant] 🔐 Route AUTHENTICATED : /api/notifications/v1/notifications/ | Tenant: civitas
DEBUG 2026-08-27 20:36:03,755 middleware [MultiTenant] 🔐 Route AUTHENTICATED : /api/users/v1/users/me/ | Tenant: civitas
DEBUG 2026-08-27 20:36:03,755 middleware [JWTMiddleware] 🔍 Processing request: /api/notifications/v1/notifications/
DEBUG 2026-08-27 20:36:03,755 middleware [JWTMiddleware] 🔍 Processing request: /api/users/v1/users/me/
DEBUG 2026-08-27 20:36:03,756 middleware [JWTMiddleware] 🔍 Is public route: False
DEBUG 2026-08-27 20:36:03,756 middleware [JWTMiddleware] 🔍 Is public route: False
DEBUG 2026-08-27 20:36:03,756 middleware [JWTMiddleware] 🔍 Is authenticated route: True
DEBUG 2026-08-27 20:36:03,756 middleware [JWTMiddleware] 🔍 Is authenticated route: True
DEBUG 2026-08-27 20:36:03,756 middleware [JWTMiddleware] 🔍 Is admin route: False
DEBUG 2026-08-27 20:36:03,757 middleware [JWTMiddleware] 🔍 Is admin route: False
DEBUG 2026-08-27 20:36:03,757 middleware [Auth] Token extrait du header Authorization
DEBUG 2026-08-27 20:36:03,757 middleware [Auth] Token extrait du header Authorization
DEBUG 2026-08-27 20:36:03,812 middleware [Auth] 🔐 Utilisateur authentifié : admin (ID: 1)
DEBUG 2026-08-27 20:36:03,815 middleware [Auth] ✅ Accès autorisé pour utilisateur authentifié : admin
DEBUG 2026-08-27 20:36:03,817 middleware [Auth] 🔐 Utilisateur authentifié : admin (ID: 1)
DEBUG 2026-08-27 20:36:03,826 middleware [Auth] ✅ Accès autorisé pour utilisateur authentifié : admin
DEBUG 2026-08-27 20:36:04,049 middleware [TenantMiddleware] 🔍 Processing request: /api/news/v1/news/
DEBUG 2026-08-27 20:36:04,049 middleware [TenantMiddleware] 🔍 Route type: TENANT_PUBLIC
DEBUG 2026-08-27 20:36:04,050 middleware [TenantMiddleware] 🔍 API Version: v1
DEBUG 2026-08-27 20:36:04,050 middleware [MultiTenant] Cache hit pour civitas -> civitas (civitas)
DEBUG 2026-08-27 20:36:04,050 middleware [MultiTenant] 🌐 Tenant résolu : civitas pour /api/news/v1/news/
DEBUG 2026-08-27 20:36:04,051 middleware [MultiTenant] 🌐 Route TENANT_PUBLIC : /api/news/v1/news/ | Tenant: civitas
DEBUG 2026-08-27 20:36:04,051 middleware [JWTMiddleware] 🔍 Processing request: /api/news/v1/news/
DEBUG 2026-08-27 20:36:04,051 middleware [JWTMiddleware] 🔍 Is public route: True
DEBUG 2026-08-27 20:36:04,052 middleware [TenantMiddleware] 🔍 Processing request: /api/news/v1/news/
DEBUG 2026-08-27 20:36:04,052 middleware [JWTMiddleware] 🔍 Is authenticated route: False
DEBUG 2026-08-27 20:36:04,052 middleware [TenantMiddleware] 🔍 Route type: TENANT_PUBLIC
DEBUG 2026-08-27 20:36:04,052 middleware [JWTMiddleware] 🔍 Is admin route: False
DEBUG 2026-08-27 20:36:04,053 middleware [TenantMiddleware] 🔍 API Version: v1
DEBUG 2026-08-27 20:36:04,053 middleware [Auth] 🌐 Accès à la route publique : /api/news/v1/news/
DEBUG 2026-08-27 20:36:04,053 middleware [MultiTenant] Cache hit pour civitas -> civitas (civitas)
DEBUG 2026-08-27 20:36:04,057 middleware [MultiTenant] 🌐 Tenant résolu : civitas pour /api/news/v1/news/
DEBUG 2026-08-27 20:36:04,058 middleware [MultiTenant] 🌐 Route TENANT_PUBLIC : /api/news/v1/news/ | Tenant: civitas
DEBUG 2026-08-27 20:36:04,058 middleware [JWTMiddleware] 🔍 Processing request: /api/news/v1/news/
DEBUG 2026-08-27 20:36:04,058 middleware [JWTMiddleware] 🔍 Is public route: True
DEBUG 2026-08-27 20:36:04,059 middleware [JWTMiddleware] 🔍 Is authenticated route: False
DEBUG 2026-08-27 20:36:04,059 middleware [JWTMiddleware] 🔍 Is admin route: False
DEBUG 2026-08-27 20:36:04,059 middleware [Auth] 🌐 Accès à la route publique : /api/news/v1/news/
DEBUG 2026-08-27 20:36:04,256 middleware [TenantMiddleware] 🔍 Processing request: /api/news/v1/news/
DEBUG 2026-08-27 20:36:04,257 middleware [TenantMiddleware] 🔍 Route type: TENANT_PUBLIC
DEBUG 2026-08-27 20:36:04,258 middleware [TenantMiddleware] 🔍 API Version: v1
DEBUG 2026-08-27 20:36:04,259 middleware [TenantMiddleware] 🔍 Processing request: /api/news/v1/news/
DEBUG 2026-08-27 20:36:04,261 middleware [MultiTenant] Cache hit pour civitas -> civitas (civitas)
DEBUG 2026-08-27 20:36:04,263 middleware [TenantMiddleware] 🔍 Route type: TENANT_PUBLIC
DEBUG 2026-08-27 20:36:04,263 middleware [MultiTenant] 🌐 Tenant résolu : civitas pour /api/news/v1/news/
DEBUG 2026-08-27 20:36:04,264 middleware [TenantMiddleware] 🔍 API Version: v1
DEBUG 2026-08-27 20:36:04,265 middleware [MultiTenant] 🌐 Route TENANT_PUBLIC : /api/news/v1/news/ | Tenant: civitas
DEBUG 2026-08-27 20:36:04,267 middleware [MultiTenant] Cache hit pour civitas -> civitas (civitas)
DEBUG 2026-08-27 20:36:04,267 middleware [JWTMiddleware] 🔍 Processing request: /api/news/v1/news/
DEBUG 2026-08-27 20:36:04,268 middleware [MultiTenant] 🌐 Tenant résolu : civitas pour /api/news/v1/news/
DEBUG 2026-08-27 20:36:04,270 middleware [JWTMiddleware] 🔍 Is public route: True
DEBUG 2026-08-27 20:36:04,273 middleware [MultiTenant] 🌐 Route TENANT_PUBLIC : /api/news/v1/news/ | Tenant: civitas
DEBUG 2026-08-27 20:36:04,273 middleware [JWTMiddleware] 🔍 Is authenticated route: False
DEBUG 2026-08-27 20:36:04,274 middleware [JWTMiddleware] 🔍 Processing request: /api/news/v1/news/
DEBUG 2026-08-27 20:36:04,274 middleware [JWTMiddleware] 🔍 Is admin route: False
DEBUG 2026-08-27 20:36:04,276 middleware [JWTMiddleware] 🔍 Is public route: True
DEBUG 2026-08-27 20:36:04,276 middleware [Auth] 🌐 Accès à la route publique : /api/news/v1/news/
DEBUG 2026-08-27 20:36:04,278 middleware [JWTMiddleware] 🔍 Is authenticated route: False
DEBUG 2026-08-27 20:36:04,282 middleware [JWTMiddleware] 🔍 Is admin route: False
DEBUG 2026-08-27 20:36:04,283 middleware [Auth] 🌐 Accès à la route publique : /api/news/v1/news/
DEBUG 2026-08-27 20:36:04,477 middleware [TenantMiddleware] 🔍 Processing request: /api/news/v1/news/
DEBUG 2026-08-27 20:36:04,478 middleware [TenantMiddleware] 🔍 Route type: TENANT_PUBLIC
DEBUG 2026-08-27 20:36:04,478 middleware [TenantMiddleware] 🔍 API Version: v1
DEBUG 2026-08-27 20:36:04,479 middleware [MultiTenant] Cache hit pour civitas -> civitas (civitas)
DEBUG 2026-08-27 20:36:04,481 middleware [MultiTenant] 🌐 Tenant résolu : civitas pour /api/news/v1/news/
DEBUG 2026-08-27 20:36:04,481 middleware [MultiTenant] 🌐 Route TENANT_PUBLIC : /api/news/v1/news/ | Tenant: civitas
DEBUG 2026-08-27 20:36:04,481 middleware [JWTMiddleware] 🔍 Processing request: /api/news/v1/news/
DEBUG 2026-08-27 20:36:04,482 middleware [JWTMiddleware] 🔍 Is public route: True
DEBUG 2026-08-27 20:36:04,482 middleware [JWTMiddleware] 🔍 Is authenticated route: False
DEBUG 2026-08-27 20:36:04,482 middleware [JWTMiddleware] 🔍 Is admin route: False
DEBUG 2026-08-27 20:36:04,482 middleware [Auth] 🌐 Accès à la route publique : /api/news/v1/news/
DEBUG 2026-08-27 20:36:04,484 middleware [TenantMiddleware] 🔍 Processing request: /api/news/v1/news/
DEBUG 2026-08-27 20:36:04,484 middleware [TenantMiddleware] 🔍 Route type: TENANT_PUBLIC
DEBUG 2026-08-27 20:36:04,484 middleware [TenantMiddleware] 🔍 API Version: v1
DEBUG 2026-08-27 20:36:04,485 middleware [MultiTenant] Cache hit pour civitas -> civitas (civitas)
DEBUG 2026-08-27 20:36:04,485 middleware [MultiTenant] 🌐 Tenant résolu : civitas pour /api/news/v1/news/
DEBUG 2026-08-27 20:36:04,485 middleware [MultiTenant] 🌐 Route TENANT_PUBLIC : /api/news/v1/news/ | Tenant: civitas
DEBUG 2026-08-27 20:36:04,485 middleware [JWTMiddleware] 🔍 Processing request: /api/news/v1/news/
DEBUG 2026-08-27 20:36:04,485 middleware [JWTMiddleware] 🔍 Is public route: True
DEBUG 2026-08-27 20:36:04,485 middleware [JWTMiddleware] 🔍 Is authenticated route: False
DEBUG 2026-08-27 20:36:04,485 middleware [JWTMiddleware] 🔍 Is admin route: False
DEBUG 2026-08-27 20:36:04,485 middleware [Auth] 🌐 Accès à la route publique : /api/news/v1/news/
DEBUG 2026-08-27 20:36:24,660 middleware [TenantMiddleware] 🔍 Processing request: /api/statistiques/v1/globales/
DEBUG 2026-08-27 20:36:24,660 middleware [TenantMiddleware] 🔍 Processing request: /api/news/v1/news/
DEBUG 2026-08-27 20:36:24,660 middleware [TenantMiddleware] 🔍 Route type: TENANT_PUBLIC
DEBUG 2026-08-27 20:36:24,661 middleware [TenantMiddleware] 🔍 Route type: TENANT_PUBLIC
DEBUG 2026-08-27 20:36:24,661 middleware [TenantMiddleware] 🔍 API Version: v1
DEBUG 2026-08-27 20:36:24,662 middleware [MultiTenant] Cache hit pour civitas -> civitas (civitas)
DEBUG 2026-08-27 20:36:24,662 middleware [MultiTenant] 🌐 Tenant résolu : civitas pour /api/news/v1/news/
DEBUG 2026-08-27 20:36:24,662 middleware [MultiTenant] 🌐 Route TENANT_PUBLIC : /api/news/v1/news/ | Tenant: civitas
DEBUG 2026-08-27 20:36:24,662 middleware [JWTMiddleware] 🔍 Processing request: /api/news/v1/news/
DEBUG 2026-08-27 20:36:24,662 middleware [JWTMiddleware] 🔍 Is public route: True
DEBUG 2026-08-27 20:36:24,663 middleware [JWTMiddleware] 🔍 Is authenticated route: False
DEBUG 2026-08-27 20:36:24,662 middleware [TenantMiddleware] 🔍 API Version: v1
DEBUG 2026-08-27 20:36:24,663 middleware [TenantMiddleware] 🔍 Processing request: /api/moderation/v1/signalements/
DEBUG 2026-08-27 20:36:24,663 middleware [JWTMiddleware] 🔍 Is admin route: False
DEBUG 2026-08-27 20:36:24,664 middleware [TenantMiddleware] 🔍 Processing request: /api/journal/v1/evenements/
DEBUG 2026-08-27 20:36:24,664 middleware [MultiTenant] Cache hit pour civitas -> civitas (civitas)
DEBUG 2026-08-27 20:36:24,665 middleware [TenantMiddleware] 🔍 Route type: AUTHENTICATED
DEBUG 2026-08-27 20:36:24,665 middleware [Auth] 🌐 Accès à la route publique : /api/news/v1/news/
DEBUG 2026-08-27 20:36:24,665 middleware [TenantMiddleware] 🔍 Route type: AUTHENTICATED
DEBUG 2026-08-27 20:36:24,665 middleware [MultiTenant] 🌐 Tenant résolu : civitas pour /api/statistiques/v1/globales/
DEBUG 2026-08-27 20:36:24,665 middleware [TenantMiddleware] 🔍 API Version: v1
DEBUG 2026-08-27 20:36:24,668 middleware [TenantMiddleware] 🔍 API Version: v1
DEBUG 2026-08-27 20:36:24,668 middleware [MultiTenant] 🌐 Route TENANT_PUBLIC : /api/statistiques/v1/globales/ | Tenant: civitas
DEBUG 2026-08-27 20:36:24,669 middleware [MultiTenant] Cache hit pour civitas -> civitas (civitas)
DEBUG 2026-08-27 20:36:24,669 middleware [MultiTenant] Cache hit pour civitas -> civitas (civitas)
DEBUG 2026-08-27 20:36:24,669 middleware [JWTMiddleware] 🔍 Processing request: /api/statistiques/v1/globales/
DEBUG 2026-08-27 20:36:24,670 middleware [MultiTenant] 🌐 Tenant résolu : civitas pour /api/moderation/v1/signalements/
DEBUG 2026-08-27 20:36:24,670 middleware [MultiTenant] 🌐 Tenant résolu : civitas pour /api/journal/v1/evenements/
DEBUG 2026-08-27 20:36:24,670 middleware [JWTMiddleware] 🔍 Is public route: True
DEBUG 2026-08-27 20:36:24,670 middleware [MultiTenant] 🔐 Route AUTHENTICATED : /api/moderation/v1/signalements/ | Tenant: civitas
DEBUG 2026-08-27 20:36:24,670 middleware [MultiTenant] 🔐 Route AUTHENTICATED : /api/journal/v1/evenements/ | Tenant: civitas
DEBUG 2026-08-27 20:36:24,671 middleware [JWTMiddleware] 🔍 Is authenticated route: False
DEBUG 2026-08-27 20:36:24,671 middleware [JWTMiddleware] 🔍 Processing request: /api/moderation/v1/signalements/
DEBUG 2026-08-27 20:36:24,671 middleware [JWTMiddleware] 🔍 Processing request: /api/journal/v1/evenements/
DEBUG 2026-08-27 20:36:24,671 middleware [JWTMiddleware] 🔍 Is admin route: False
DEBUG 2026-08-27 20:36:24,672 middleware [JWTMiddleware] 🔍 Is public route: False
DEBUG 2026-08-27 20:36:24,672 middleware [JWTMiddleware] 🔍 Is public route: False
DEBUG 2026-08-27 20:36:24,672 middleware [Auth] 🌐 Accès à la route publique : /api/statistiques/v1/globales/
DEBUG 2026-08-27 20:36:24,672 middleware [JWTMiddleware] 🔍 Is authenticated route: True
DEBUG 2026-08-27 20:36:24,673 middleware [JWTMiddleware] 🔍 Is authenticated route: True
DEBUG 2026-08-27 20:36:24,676 middleware [JWTMiddleware] 🔍 Is admin route: False
DEBUG 2026-08-27 20:36:24,676 middleware [JWTMiddleware] 🔍 Is admin route: False
DEBUG 2026-08-27 20:36:24,677 middleware [Auth] Token extrait du header Authorization
DEBUG 2026-08-27 20:36:24,677 middleware [Auth] Token extrait du header Authorization
DEBUG 2026-08-27 20:36:24,724 middleware [Auth] 🔐 Utilisateur authentifié : admin (ID: 1)
DEBUG 2026-08-27 20:36:24,726 middleware [Auth] ✅ Accès autorisé pour utilisateur authentifié : admin
DEBUG 2026-08-27 20:36:24,733 middleware [Auth] 🔐 Utilisateur authentifié : admin (ID: 1)
DEBUG 2026-08-27 20:36:24,733 middleware [Auth] ✅ Accès autorisé pour utilisateur authentifié : admin
DEBUG 2026-08-27 20:36:24,775 middleware [TenantMiddleware] 🔍 Processing request: /api/moderation/v1/signalements/
DEBUG 2026-08-27 20:36:24,776 middleware [TenantMiddleware] 🔍 Processing request: /api/journal/v1/evenements/
DEBUG 2026-08-27 20:36:24,777 middleware [TenantMiddleware] 🔍 Route type: AUTHENTICATED
DEBUG 2026-08-27 20:36:24,780 middleware [TenantMiddleware] 🔍 Route type: AUTHENTICATED
DEBUG 2026-08-27 20:36:24,781 middleware [TenantMiddleware] 🔍 API Version: v1
DEBUG 2026-08-27 20:36:24,785 middleware [TenantMiddleware] 🔍 API Version: v1
DEBUG 2026-08-27 20:36:24,786 middleware [MultiTenant] Cache hit pour civitas -> civitas (civitas)
DEBUG 2026-08-27 20:36:24,789 middleware [MultiTenant] Cache hit pour civitas -> civitas (civitas)
DEBUG 2026-08-27 20:36:24,789 middleware [MultiTenant] 🌐 Tenant résolu : civitas pour /api/moderation/v1/signalements/
DEBUG 2026-08-27 20:36:24,792 middleware [MultiTenant] 🌐 Tenant résolu : civitas pour /api/journal/v1/evenements/
DEBUG 2026-08-27 20:36:24,793 middleware [MultiTenant] 🔐 Route AUTHENTICATED : /api/moderation/v1/signalements/ | Tenant: civitas
DEBUG 2026-08-27 20:36:24,794 middleware [MultiTenant] 🔐 Route AUTHENTICATED : /api/journal/v1/evenements/ | Tenant: civitas
DEBUG 2026-08-27 20:36:24,797 middleware [JWTMiddleware] 🔍 Processing request: /api/moderation/v1/signalements/
DEBUG 2026-08-27 20:36:24,800 middleware [JWTMiddleware] 🔍 Processing request: /api/journal/v1/evenements/
DEBUG 2026-08-27 20:36:24,800 middleware [JWTMiddleware] 🔍 Is public route: False
DEBUG 2026-08-27 20:36:24,804 middleware [JWTMiddleware] 🔍 Is public route: False
DEBUG 2026-08-27 20:36:24,805 middleware [JWTMiddleware] 🔍 Is authenticated route: True
DEBUG 2026-08-27 20:36:24,807 middleware [JWTMiddleware] 🔍 Is authenticated route: True
DEBUG 2026-08-27 20:36:24,808 middleware [TenantMiddleware] 🔍 Processing request: /api/statistiques/v1/globales/
DEBUG 2026-08-27 20:36:24,808 middleware [JWTMiddleware] 🔍 Is admin route: False
DEBUG 2026-08-27 20:36:24,811 middleware [Auth] Token extrait du header Authorization
DEBUG 2026-08-27 20:36:24,810 middleware [TenantMiddleware] 🔍 Route type: TENANT_PUBLIC
DEBUG 2026-08-27 20:36:24,810 middleware [JWTMiddleware] 🔍 Is admin route: False
DEBUG 2026-08-27 20:36:24,815 middleware [TenantMiddleware] 🔍 API Version: v1
DEBUG 2026-08-27 20:36:24,817 middleware [Auth] Token extrait du header Authorization
DEBUG 2026-08-27 20:36:24,818 middleware [MultiTenant] Cache hit pour civitas -> civitas (civitas)
DEBUG 2026-08-27 20:36:24,823 middleware [MultiTenant] 🌐 Tenant résolu : civitas pour /api/statistiques/v1/globales/
DEBUG 2026-08-27 20:36:24,823 middleware [MultiTenant] 🌐 Route TENANT_PUBLIC : /api/statistiques/v1/globales/ | Tenant: civitas
DEBUG 2026-08-27 20:36:24,825 middleware [JWTMiddleware] 🔍 Processing request: /api/statistiques/v1/globales/
DEBUG 2026-08-27 20:36:24,825 middleware [JWTMiddleware] 🔍 Is public route: True
DEBUG 2026-08-27 20:36:24,825 middleware [JWTMiddleware] 🔍 Is authenticated route: False
DEBUG 2026-08-27 20:36:24,827 middleware [JWTMiddleware] 🔍 Is admin route: False
DEBUG 2026-08-27 20:36:24,828 middleware [Auth] 🌐 Accès à la route publique : /api/statistiques/v1/globales/
DEBUG 2026-08-27 20:36:24,863 middleware [Auth] 🔐 Utilisateur authentifié : admin (ID: 1)
DEBUG 2026-08-27 20:36:24,864 middleware [Auth] ✅ Accès autorisé pour utilisateur authentifié : admin
DEBUG 2026-08-27 20:36:24,868 middleware [Auth] 🔐 Utilisateur authentifié : admin (ID: 1)
DEBUG 2026-08-27 20:36:24,874 middleware [Auth] ✅ Accès autorisé pour utilisateur authentifié : admin
DEBUG 2026-08-27 20:36:25,062 middleware [TenantMiddleware] 🔍 Processing request: /api/news/v1/news/
DEBUG 2026-08-27 20:36:25,062 middleware [TenantMiddleware] 🔍 Route type: TENANT_PUBLIC
DEBUG 2026-08-27 20:36:25,062 middleware [TenantMiddleware] 🔍 API Version: v1
DEBUG 2026-08-27 20:36:25,063 middleware [MultiTenant] Cache hit pour civitas -> civitas (civitas)
DEBUG 2026-08-27 20:36:25,063 middleware [MultiTenant] 🌐 Tenant résolu : civitas pour /api/news/v1/news/
DEBUG 2026-08-27 20:36:25,063 middleware [MultiTenant] 🌐 Route TENANT_PUBLIC : /api/news/v1/news/ | Tenant: civitas
DEBUG 2026-08-27 20:36:25,063 middleware [JWTMiddleware] 🔍 Processing request: /api/news/v1/news/
DEBUG 2026-08-27 20:36:25,063 middleware [JWTMiddleware] 🔍 Is public route: True
DEBUG 2026-08-27 20:36:25,063 middleware [JWTMiddleware] 🔍 Is authenticated route: False
DEBUG 2026-08-27 20:36:25,064 middleware [JWTMiddleware] 🔍 Is admin route: False
DEBUG 2026-08-27 20:36:25,064 middleware [Auth] 🌐 Accès à la route publique : /api/news/v1/news/
DEBUG 2026-08-27 20:36:25,067 middleware [TenantMiddleware] 🔍 Processing request: /api/news/v1/news/
DEBUG 2026-08-27 20:36:25,067 middleware [TenantMiddleware] 🔍 Route type: TENANT_PUBLIC
DEBUG 2026-08-27 20:36:25,067 middleware [TenantMiddleware] 🔍 API Version: v1
DEBUG 2026-08-27 20:36:25,068 middleware [MultiTenant] Cache hit pour civitas -> civitas (civitas)
DEBUG 2026-08-27 20:36:25,068 middleware [MultiTenant] 🌐 Tenant résolu : civitas pour /api/news/v1/news/
DEBUG 2026-08-27 20:36:25,068 middleware [MultiTenant] 🌐 Route TENANT_PUBLIC : /api/news/v1/news/ | Tenant: civitas
DEBUG 2026-08-27 20:36:25,068 middleware [JWTMiddleware] 🔍 Processing request: /api/news/v1/news/
DEBUG 2026-08-27 20:36:25,068 middleware [JWTMiddleware] 🔍 Is public route: True
DEBUG 2026-08-27 20:36:25,069 middleware [JWTMiddleware] 🔍 Is authenticated route: False
DEBUG 2026-08-27 20:36:25,069 middleware [JWTMiddleware] 🔍 Is admin route: False
DEBUG 2026-08-27 20:36:25,069 middleware [Auth] 🌐 Accès à la route publique : /api/news/v1/news/
DEBUG 2026-08-27 20:36:25,331 middleware [TenantMiddleware] 🔍 Processing request: /api/news/v1/news/
DEBUG 2026-08-27 20:36:25,332 middleware [TenantMiddleware] 🔍 Route type: TENANT_PUBLIC
DEBUG 2026-08-27 20:36:25,332 middleware [TenantMiddleware] 🔍 API Version: v1
DEBUG 2026-08-27 20:36:25,332 middleware [MultiTenant] Cache hit pour civitas -> civitas (civitas)
DEBUG 2026-08-27 20:36:25,333 middleware [MultiTenant] 🌐 Tenant résolu : civitas pour /api/news/v1/news/
DEBUG 2026-08-27 20:36:25,333 middleware [MultiTenant] 🌐 Route TENANT_PUBLIC : /api/news/v1/news/ | Tenant: civitas
DEBUG 2026-08-27 20:36:25,333 middleware [JWTMiddleware] 🔍 Processing request: /api/news/v1/news/
DEBUG 2026-08-27 20:36:25,333 middleware [JWTMiddleware] 🔍 Is public route: True
DEBUG 2026-08-27 20:36:25,333 middleware [JWTMiddleware] 🔍 Is authenticated route: False
DEBUG 2026-08-27 20:36:25,333 middleware [JWTMiddleware] 🔍 Is admin route: False
DEBUG 2026-08-27 20:36:25,333 middleware [Auth] 🌐 Accès à la route publique : /api/news/v1/news/
DEBUG 2026-08-27 20:36:25,337 middleware [TenantMiddleware] 🔍 Processing request: /api/news/v1/news/
DEBUG 2026-08-27 20:36:25,337 middleware [TenantMiddleware] 🔍 Route type: TENANT_PUBLIC
DEBUG 2026-08-27 20:36:25,337 middleware [TenantMiddleware] 🔍 API Version: v1
DEBUG 2026-08-27 20:36:25,338 middleware [MultiTenant] Cache hit pour civitas -> civitas (civitas)
DEBUG 2026-08-27 20:36:25,338 middleware [MultiTenant] 🌐 Tenant résolu : civitas pour /api/news/v1/news/
DEBUG 2026-08-27 20:36:25,338 middleware [MultiTenant] 🌐 Route TENANT_PUBLIC : /api/news/v1/news/ | Tenant: civitas
DEBUG 2026-08-27 20:36:25,338 middleware [JWTMiddleware] 🔍 Processing request: /api/news/v1/news/
DEBUG 2026-08-27 20:36:25,339 middleware [JWTMiddleware] 🔍 Is public route: True
DEBUG 2026-08-27 20:36:25,339 middleware [JWTMiddleware] 🔍 Is authenticated route: False
DEBUG 2026-08-27 20:36:25,339 middleware [JWTMiddleware] 🔍 Is admin route: False
DEBUG 2026-08-27 20:36:25,339 middleware [Auth] 🌐 Accès à la route publique : /api/news/v1/news/
DEBUG 2026-08-27 20:36:25,604 middleware [TenantMiddleware] 🔍 Processing request: /api/news/v1/news/
DEBUG 2026-08-27 20:36:25,604 middleware [TenantMiddleware] 🔍 Route type: TENANT_PUBLIC
DEBUG 2026-08-27 20:36:25,604 middleware [TenantMiddleware] 🔍 API Version: v1
DEBUG 2026-08-27 20:36:25,605 middleware [MultiTenant] Cache hit pour civitas -> civitas (civitas)
DEBUG 2026-08-27 20:36:25,605 middleware [MultiTenant] 🌐 Tenant résolu : civitas pour /api/news/v1/news/
DEBUG 2026-08-27 20:36:25,605 middleware [MultiTenant] 🌐 Route TENANT_PUBLIC : /api/news/v1/news/ | Tenant: civitas
DEBUG 2026-08-27 20:36:25,606 middleware [JWTMiddleware] 🔍 Processing request: /api/news/v1/news/
DEBUG 2026-08-27 20:36:25,606 middleware [JWTMiddleware] 🔍 Is public route: True
DEBUG 2026-08-27 20:36:25,606 middleware [JWTMiddleware] 🔍 Is authenticated route: False
DEBUG 2026-08-27 20:36:25,606 middleware [JWTMiddleware] 🔍 Is admin route: False
DEBUG 2026-08-27 20:36:25,606 middleware [Auth] 🌐 Accès à la route publique : /api/news/v1/news/
DEBUG 2026-08-27 20:36:25,610 middleware [TenantMiddleware] 🔍 Processing request: /api/news/v1/news/
DEBUG 2026-08-27 20:36:25,610 middleware [TenantMiddleware] 🔍 Route type: TENANT_PUBLIC
DEBUG 2026-08-27 20:36:25,610 middleware [TenantMiddleware] 🔍 API Version: v1
DEBUG 2026-08-27 20:36:25,611 middleware [MultiTenant] Cache hit pour civitas -> civitas (civitas)
DEBUG 2026-08-27 20:36:25,611 middleware [MultiTenant] 🌐 Tenant résolu : civitas pour /api/news/v1/news/
DEBUG 2026-08-27 20:36:25,611 middleware [MultiTenant] 🌐 Route TENANT_PUBLIC : /api/news/v1/news/ | Tenant: civitas
DEBUG 2026-08-27 20:36:25,611 middleware [JWTMiddleware] 🔍 Processing request: /api/news/v1/news/
DEBUG 2026-08-27 20:36:25,611 middleware [JWTMiddleware] 🔍 Is public route: True
DEBUG 2026-08-27 20:36:25,611 middleware [JWTMiddleware] 🔍 Is authenticated route: False
DEBUG 2026-08-27 20:36:25,612 middleware [JWTMiddleware] 🔍 Is admin route: False
DEBUG 2026-08-27 20:36:25,612 middleware [Auth] 🌐 Accès à la route publique : /api/news/v1/news/
DEBUG 2026-08-27 20:36:25,862 middleware [TenantMiddleware] 🔍 Processing request: /api/news/v1/news/
DEBUG 2026-08-27 20:36:25,862 middleware [TenantMiddleware] 🔍 Route type: TENANT_PUBLIC
DEBUG 2026-08-27 20:36:25,862 middleware [TenantMiddleware] 🔍 API Version: v1
DEBUG 2026-08-27 20:36:25,863 middleware [MultiTenant] Cache hit pour civitas -> civitas (civitas)
DEBUG 2026-08-27 20:36:25,863 middleware [MultiTenant] 🌐 Tenant résolu : civitas pour /api/news/v1/news/
DEBUG 2026-08-27 20:36:25,863 middleware [MultiTenant] 🌐 Route TENANT_PUBLIC : /api/news/v1/news/ | Tenant: civitas
DEBUG 2026-08-27 20:36:25,863 middleware [JWTMiddleware] 🔍 Processing request: /api/news/v1/news/
DEBUG 2026-08-27 20:36:25,863 middleware [JWTMiddleware] 🔍 Is public route: True
DEBUG 2026-08-27 20:36:25,863 middleware [JWTMiddleware] 🔍 Is authenticated route: False
DEBUG 2026-08-27 20:36:25,863 middleware [JWTMiddleware] 🔍 Is admin route: False
DEBUG 2026-08-27 20:36:25,863 middleware [Auth] 🌐 Accès à la route publique : /api/news/v1/news/
DEBUG 2026-08-27 20:36:26,358 middleware [TenantMiddleware] 🔍 Processing request: /api/news/v1/news/
DEBUG 2026-08-27 20:36:26,358 middleware [TenantMiddleware] 🔍 Route type: TENANT_PUBLIC
DEBUG 2026-08-27 20:36:26,358 middleware [TenantMiddleware] 🔍 API Version: v1
DEBUG 2026-08-27 20:36:26,358 middleware [MultiTenant] Cache hit pour civitas -> civitas (civitas)
DEBUG 2026-08-27 20:36:26,359 middleware [MultiTenant] 🌐 Tenant résolu : civitas pour /api/news/v1/news/
DEBUG 2026-08-27 20:36:26,359 middleware [MultiTenant] 🌐 Route TENANT_PUBLIC : /api/news/v1/news/ | Tenant: civitas
DEBUG 2026-08-27 20:36:26,359 middleware [JWTMiddleware] 🔍 Processing request: /api/news/v1/news/
DEBUG 2026-08-27 20:36:26,359 middleware [JWTMiddleware] 🔍 Is public route: True
DEBUG 2026-08-27 20:36:26,359 middleware [JWTMiddleware] 🔍 Is authenticated route: False
DEBUG 2026-08-27 20:36:26,359 middleware [JWTMiddleware] 🔍 Is admin route: False
DEBUG 2026-08-27 20:36:26,360 middleware [Auth] 🌐 Accès à la route publique : /api/news/v1/news/
DEBUG 2026-08-27 20:36:26,547 middleware [TenantMiddleware] 🔍 Processing request: /api/news/v1/news/
DEBUG 2026-08-27 20:36:26,547 middleware [TenantMiddleware] 🔍 Route type: TENANT_PUBLIC
DEBUG 2026-08-27 20:36:26,547 middleware [TenantMiddleware] 🔍 API Version: v1
DEBUG 2026-08-27 20:36:26,547 middleware [MultiTenant] Cache hit pour civitas -> civitas (civitas)
DEBUG 2026-08-27 20:36:26,547 middleware [MultiTenant] 🌐 Tenant résolu : civitas pour /api/news/v1/news/
DEBUG 2026-08-27 20:36:26,547 middleware [MultiTenant] 🌐 Route TENANT_PUBLIC : /api/news/v1/news/ | Tenant: civitas
DEBUG 2026-08-27 20:36:26,547 middleware [JWTMiddleware] 🔍 Processing request: /api/news/v1/news/
DEBUG 2026-08-27 20:36:26,548 middleware [JWTMiddleware] 🔍 Is public route: True
DEBUG 2026-08-27 20:36:26,548 middleware [JWTMiddleware] 🔍 Is authenticated route: False
DEBUG 2026-08-27 20:36:26,548 middleware [JWTMiddleware] 🔍 Is admin route: False
DEBUG 2026-08-27 20:36:26,548 middleware [Auth] 🌐 Accès à la route publique : /api/news/v1/news/
DEBUG 2026-08-27 20:36:26,550 middleware [TenantMiddleware] 🔍 Processing request: /api/news/v1/news/
DEBUG 2026-08-27 20:36:26,550 middleware [TenantMiddleware] 🔍 Route type: TENANT_PUBLIC
DEBUG 2026-08-27 20:36:26,550 middleware [TenantMiddleware] 🔍 API Version: v1
DEBUG 2026-08-27 20:36:26,551 middleware [MultiTenant] Cache hit pour civitas -> civitas (civitas)
DEBUG 2026-08-27 20:36:26,551 middleware [MultiTenant] 🌐 Tenant résolu : civitas pour /api/news/v1/news/
DEBUG 2026-08-27 20:36:26,551 middleware [MultiTenant] 🌐 Route TENANT_PUBLIC : /api/news/v1/news/ | Tenant: civitas
DEBUG 2026-08-27 20:36:26,551 middleware [JWTMiddleware] 🔍 Processing request: /api/news/v1/news/
DEBUG 2026-08-27 20:36:26,551 middleware [JWTMiddleware] 🔍 Is public route: True
DEBUG 2026-08-27 20:36:26,551 middleware [JWTMiddleware] 🔍 Is authenticated route: False
DEBUG 2026-08-27 20:36:26,551 middleware [JWTMiddleware] 🔍 Is admin route: False
DEBUG 2026-08-27 20:36:26,551 middleware [Auth] 🌐 Accès à la route publique : /api/news/v1/news/
DEBUG 2026-08-27 20:36:26,858 middleware [TenantMiddleware] 🔍 Processing request: /api/news/v1/news/
DEBUG 2026-08-27 20:36:26,858 middleware [TenantMiddleware] 🔍 Route type: TENANT_PUBLIC
DEBUG 2026-08-27 20:36:26,858 middleware [TenantMiddleware] 🔍 API Version: v1
DEBUG 2026-08-27 20:36:26,859 middleware [MultiTenant] Cache hit pour civitas -> civitas (civitas)
DEBUG 2026-08-27 20:36:26,859 middleware [MultiTenant] 🌐 Tenant résolu : civitas pour /api/news/v1/news/
DEBUG 2026-08-27 20:36:26,859 middleware [MultiTenant] 🌐 Route TENANT_PUBLIC : /api/news/v1/news/ | Tenant: civitas
DEBUG 2026-08-27 20:36:26,859 middleware [JWTMiddleware] 🔍 Processing request: /api/news/v1/news/
DEBUG 2026-08-27 20:36:26,859 middleware [JWTMiddleware] 🔍 Is public route: True
DEBUG 2026-08-27 20:36:26,860 middleware [JWTMiddleware] 🔍 Is authenticated route: False
DEBUG 2026-08-27 20:36:26,860 middleware [JWTMiddleware] 🔍 Is admin route: False
DEBUG 2026-08-27 20:36:26,860 middleware [Auth] 🌐 Accès à la route publique : /api/news/v1/news/
